/home/user/.nvm/versions/node/v22.17.0/lib/node_modules/rust-just/node_modules/rust-just-linux-x64/bin/just --justfile /home/user/work/mash-playbook/justfile run --tags=setup-all,start 
ansible-playbook -i inventory/hosts setup.yml --tags=setup-all,start
[DEPRECATION WARNING]: DEFAULT_GATHER_TIMEOUT option, the module_defaults 
keyword is a more generic version and can apply to all calls to the 
M(ansible.builtin.gather_facts) or M(ansible.builtin.setup) actions, use 
module_defaults instead. This feature will be removed from ansible-core in 
version 2.18. Deprecation warnings can be disabled by setting 
deprecation_warnings=False in ansible.cfg.

PLAY [Set up a self-hosted server] *********************************************

TASK [Gathering Facts] *********************************************************
ok: [mash.met.surf-infisical-deps]
ok: [mash.met.surf-authentik-deps]
ok: [mash.met.surf]

TASK [galaxy/playbook_help : Update apt cache] *********************************
ok: [mash.met.surf-infisical-deps]
ok: [mash.met.surf]
changed: [mash.met.surf-authentik-deps]

TASK [mash/playbook_base : ansible.builtin.include_tasks] **********************
included: /home/user/work/mash-playbook/roles/mash/playbook_base/tasks/setup_user.yml for mash.met.surf, mash.met.surf-infisical-deps, mash.met.surf-authentik-deps

TASK [mash/playbook_base : Ensure mash group is created] ***********************
ok: [mash.met.surf-infisical-deps]
ok: [mash.met.surf-authentik-deps]
ok: [mash.met.surf]

TASK [mash/playbook_base : Ensure mash user is created] ************************
ok: [mash.met.surf-infisical-deps]
ok: [mash.met.surf]
ok: [mash.met.surf-authentik-deps]

TASK [mash/playbook_base : Initialize mash_playbook_uid and mash_playbook_gid] ***
ok: [mash.met.surf]
ok: [mash.met.surf-infisical-deps]
ok: [mash.met.surf-authentik-deps]

TASK [mash/playbook_base : ansible.builtin.include_tasks] **********************
included: /home/user/work/mash-playbook/roles/mash/playbook_base/tasks/validate_config.yml for mash.met.surf, mash.met.surf-infisical-deps, mash.met.surf-authentik-deps

TASK [mash/playbook_base : Fail if required mash-playbook settings not defined] ***
skipping: [mash.met.surf] => (item={'name': 'mash_playbook_generic_secret_key', 'when': True}) 
skipping: [mash.met.surf] => (item={'name': 'mash_playbook_generic_secret_key', 'when': True}) 
skipping: [mash.met.surf] => (item={'name': 'mash_playbook_metrics_exposure_hostname', 'when': False}) 
skipping: [mash.met.surf]
skipping: [mash.met.surf-infisical-deps] => (item={'name': 'mash_playbook_generic_secret_key', 'when': True}) 
skipping: [mash.met.surf-infisical-deps] => (item={'name': 'mash_playbook_generic_secret_key', 'when': True}) 
skipping: [mash.met.surf-infisical-deps] => (item={'name': 'mash_playbook_metrics_exposure_hostname', 'when': False}) 
skipping: [mash.met.surf-infisical-deps]
skipping: [mash.met.surf-authentik-deps] => (item={'name': 'mash_playbook_generic_secret_key', 'when': True}) 
skipping: [mash.met.surf-authentik-deps] => (item={'name': 'mash_playbook_generic_secret_key', 'when': True}) 
skipping: [mash.met.surf-authentik-deps] => (item={'name': 'mash_playbook_metrics_exposure_hostname', 'when': False}) 
skipping: [mash.met.surf-authentik-deps]

TASK [mash/playbook_base : Fail if mash_playbook_reverse_proxy_type is set incorrectly] ***
skipping: [mash.met.surf]
skipping: [mash.met.surf-infisical-deps]
skipping: [mash.met.surf-authentik-deps]

TASK [mash/playbook_base : (Deprecation) Catch and report renamed mash-playbook settings] ***
skipping: [mash.met.surf] => (item={'old': 'mash_playbook_user_username', 'new': 'mash_playbook_user_name'}) 
skipping: [mash.met.surf] => (item={'old': 'mash_playbook_user_groupname', 'new': 'mash_playbook_group_name'}) 
skipping: [mash.met.surf-infisical-deps] => (item={'old': 'mash_playbook_user_username', 'new': 'mash_playbook_user_name'}) 
skipping: [mash.met.surf-infisical-deps] => (item={'old': 'mash_playbook_user_groupname', 'new': 'mash_playbook_group_name'}) 
skipping: [mash.met.surf]
skipping: [mash.met.surf-infisical-deps]
skipping: [mash.met.surf-authentik-deps] => (item={'old': 'mash_playbook_user_username', 'new': 'mash_playbook_user_name'}) 
skipping: [mash.met.surf-authentik-deps] => (item={'old': 'mash_playbook_user_groupname', 'new': 'mash_playbook_group_name'}) 
skipping: [mash.met.surf-authentik-deps]

TASK [mash/playbook_base : ansible.builtin.include_tasks] **********************
included: /home/user/work/mash-playbook/roles/mash/playbook_base/tasks/setup_base_dir.yml for mash.met.surf, mash.met.surf-infisical-deps, mash.met.surf-authentik-deps

TASK [mash/playbook_base : Ensure mash base paths exists] **********************
ok: [mash.met.surf-infisical-deps]
ok: [mash.met.surf]
ok: [mash.met.surf-authentik-deps]

TASK [mash/playbook_migration : ansible.builtin.include_tasks] *****************
included: /home/user/work/mash-playbook/roles/mash/playbook_migration/tasks/validate_config.yml for mash.met.surf, mash.met.surf-infisical-deps, mash.met.surf-authentik-deps

TASK [mash/playbook_migration : (Deprecation) Catch and report renamed settings] ***
skipping: [mash.met.surf] => (item={'old': 'docmost_config_redis_hostname', 'new': 'docmost_redis_hostname'}) 
skipping: [mash.met.surf] => (item={'old': 'ghostfolio_config_redis_hostname', 'new': 'ghostfolio_redis_hostname'}) 
skipping: [mash.met.surf] => (item={'old': 'woodpecker_ci_server_database_datasource', 'new': "<Removed in favor of the role's configuration>"}) 
skipping: [mash.met.surf]
skipping: [mash.met.surf-infisical-deps] => (item={'old': 'docmost_config_redis_hostname', 'new': 'docmost_redis_hostname'}) 
skipping: [mash.met.surf-infisical-deps] => (item={'old': 'ghostfolio_config_redis_hostname', 'new': 'ghostfolio_redis_hostname'}) 
skipping: [mash.met.surf-infisical-deps] => (item={'old': 'woodpecker_ci_server_database_datasource', 'new': "<Removed in favor of the role's configuration>"}) 
skipping: [mash.met.surf-infisical-deps]
skipping: [mash.met.surf-authentik-deps] => (item={'old': 'docmost_config_redis_hostname', 'new': 'docmost_redis_hostname'}) 
skipping: [mash.met.surf-authentik-deps] => (item={'old': 'ghostfolio_config_redis_hostname', 'new': 'ghostfolio_redis_hostname'}) 
skipping: [mash.met.surf-authentik-deps] => (item={'old': 'woodpecker_ci_server_database_datasource', 'new': "<Removed in favor of the role's configuration>"}) 
skipping: [mash.met.surf-authentik-deps]

TASK [mash/playbook_migration : (Deprecation) Catch and report devture_postgres_backup variables] ***
skipping: [mash.met.surf]
skipping: [mash.met.surf-infisical-deps]
skipping: [mash.met.surf-authentik-deps]

TASK [mash/playbook_migration : (Deprecation) Catch and report devture_postgres variables] ***
skipping: [mash.met.surf]
skipping: [mash.met.surf-infisical-deps]
skipping: [mash.met.surf-authentik-deps]

TASK [mash/playbook_migration : (Deprecation) Catch and report traefik_certs_dumper variables] ***
skipping: [mash.met.surf]
skipping: [mash.met.surf-infisical-deps]
skipping: [mash.met.surf-authentik-deps]

TASK [mash/playbook_migration : (Deprecation) Catch and report devture_traefik variables] ***
skipping: [mash.met.surf]
skipping: [mash.met.surf-infisical-deps]
skipping: [mash.met.surf-authentik-deps]

TASK [mash/playbook_migration : (Deprecation) Catch and report devture_container_socket_proxy variables] ***
skipping: [mash.met.surf]
skipping: [mash.met.surf-infisical-deps]
skipping: [mash.met.surf-authentik-deps]

TASK [mash/playbook_migration : (Deprecation) Catch and report devture_woodpecker_server variables] ***
skipping: [mash.met.surf]
skipping: [mash.met.surf-infisical-deps]
skipping: [mash.met.surf-authentik-deps]

TASK [mash/playbook_migration : (Deprecation) Catch and report devture_woodpecker_agent variables] ***
skipping: [mash.met.surf]
skipping: [mash.met.surf-infisical-deps]
skipping: [mash.met.surf-authentik-deps]

TASK [mash/playbook_migration : ansible.builtin.include_tasks] *****************
skipping: [mash.met.surf-infisical-deps]
skipping: [mash.met.surf-authentik-deps]
included: /home/user/work/mash-playbook/roles/mash/playbook_migration/tasks/debian_docker_trusted_gpg_d_migration_migration.yml for mash.met.surf

TASK [mash/playbook_migration : Check if the Docker apt repository file exists] ***
ok: [mash.met.surf]

TASK [mash/playbook_migration : Read repository file] **************************
skipping: [mash.met.surf]

TASK [mash/playbook_migration : Remove Docker apt repository file if old key path found] ***
skipping: [mash.met.surf]

TASK [mash/playbook_migration : ansible.builtin.include_tasks] *****************
skipping: [mash.met.surf-infisical-deps]
skipping: [mash.met.surf-authentik-deps]
included: /home/user/work/mash-playbook/roles/mash/playbook_migration/tasks/docker_daemon_options_file_cleanup.yml for mash.met.surf

TASK [mash/playbook_migration : Ensure the Docker daemon options file is deleted when no longer needed] ***
ok: [mash.met.surf]

TASK [galaxy/docker : Load OS-specific vars.] **********************************
ok: [mash.met.surf]
skipping: [mash.met.surf-infisical-deps]
skipping: [mash.met.surf-authentik-deps]

TASK [galaxy/docker : include_tasks] *******************************************
skipping: [mash.met.surf]
skipping: [mash.met.surf-infisical-deps]
skipping: [mash.met.surf-authentik-deps]

TASK [galaxy/docker : include_tasks] *******************************************
skipping: [mash.met.surf]
skipping: [mash.met.surf-infisical-deps]
skipping: [mash.met.surf-authentik-deps]

TASK [galaxy/docker : include_tasks] *******************************************
skipping: [mash.met.surf-infisical-deps]
skipping: [mash.met.surf-authentik-deps]
included: /home/user/work/mash-playbook/roles/galaxy/docker/tasks/setup-Debian.yml for mash.met.surf

TASK [galaxy/docker : Ensure apt key is not present in trusted.gpg.d] **********
ok: [mash.met.surf]

TASK [galaxy/docker : Ensure old apt source list is not present in /etc/apt/sources.list.d] ***
ok: [mash.met.surf]

TASK [galaxy/docker : Ensure old versions of Docker are not installed.] ********
ok: [mash.met.surf]

TASK [galaxy/docker : Ensure legacy repo file is not present.] *****************
ok: [mash.met.surf]

TASK [galaxy/docker : Ensure dependencies are installed.] **********************
ok: [mash.met.surf]

TASK [galaxy/docker : Add or remove Docker repository.] ************************
ok: [mash.met.surf]

TASK [galaxy/docker : Ensure handlers are notified immediately to update the apt cache.] ***

TASK [galaxy/docker : Install Docker packages.] ********************************
skipping: [mash.met.surf]
skipping: [mash.met.surf-infisical-deps]
skipping: [mash.met.surf-authentik-deps]

TASK [galaxy/docker : Install Docker packages (with downgrade option).] ********
skipping: [mash.met.surf-infisical-deps]
skipping: [mash.met.surf-authentik-deps]
ok: [mash.met.surf]

TASK [galaxy/docker : Install docker-compose plugin.] **************************
skipping: [mash.met.surf]
skipping: [mash.met.surf-infisical-deps]
skipping: [mash.met.surf-authentik-deps]

TASK [galaxy/docker : Install docker-compose-plugin (with downgrade option).] ***
skipping: [mash.met.surf]
skipping: [mash.met.surf-infisical-deps]
skipping: [mash.met.surf-authentik-deps]

TASK [galaxy/docker : Ensure /etc/docker/ directory exists.] *******************
skipping: [mash.met.surf]
skipping: [mash.met.surf-infisical-deps]
skipping: [mash.met.surf-authentik-deps]

TASK [galaxy/docker : Configure Docker daemon options.] ************************
skipping: [mash.met.surf]
skipping: [mash.met.surf-infisical-deps]
skipping: [mash.met.surf-authentik-deps]

TASK [galaxy/docker : Get Docker service status] *******************************
skipping: [mash.met.surf]
skipping: [mash.met.surf-infisical-deps]
skipping: [mash.met.surf-authentik-deps]

TASK [galaxy/docker : Patch docker.service] ************************************
skipping: [mash.met.surf]
skipping: [mash.met.surf-infisical-deps]
skipping: [mash.met.surf-authentik-deps]

TASK [galaxy/docker : Reload systemd services] *********************************
skipping: [mash.met.surf]
skipping: [mash.met.surf-infisical-deps]
skipping: [mash.met.surf-authentik-deps]

TASK [galaxy/docker : Ensure Docker is started and enabled at boot.] ***********
skipping: [mash.met.surf-infisical-deps]
skipping: [mash.met.surf-authentik-deps]
ok: [mash.met.surf]

TASK [galaxy/docker : Ensure handlers are notified now to avoid firewall conflicts.] ***

TASK [galaxy/docker : Ensure handlers are notified now to avoid firewall conflicts.] ***
skipping: [mash.met.surf-infisical-deps]

TASK [galaxy/docker : Ensure handlers are notified now to avoid firewall conflicts.] ***
skipping: [mash.met.surf-authentik-deps]

TASK [galaxy/docker : include_tasks] *******************************************
skipping: [mash.met.surf]
skipping: [mash.met.surf-infisical-deps]
skipping: [mash.met.surf-authentik-deps]

TASK [galaxy/docker : Get docker group info using getent.] *********************
skipping: [mash.met.surf]
skipping: [mash.met.surf-infisical-deps]
skipping: [mash.met.surf-authentik-deps]

TASK [galaxy/docker : Check if there are any users to add to the docker group.] ***
skipping: [mash.met.surf]
skipping: [mash.met.surf-infisical-deps]
skipping: [mash.met.surf-authentik-deps]

TASK [galaxy/docker : include_tasks] *******************************************
skipping: [mash.met.surf]
skipping: [mash.met.surf-infisical-deps]
skipping: [mash.met.surf-authentik-deps]

TASK [galaxy/docker_sdk_for_python : ansible.builtin.include_tasks] ************
skipping: [mash.met.surf]
skipping: [mash.met.surf-infisical-deps]
skipping: [mash.met.surf-authentik-deps]

TASK [galaxy/docker_sdk_for_python : ansible.builtin.include_tasks] ************
skipping: [mash.met.surf]
skipping: [mash.met.surf-infisical-deps]
skipping: [mash.met.surf-authentik-deps]

TASK [galaxy/docker_sdk_for_python : ansible.builtin.include_tasks] ************
skipping: [mash.met.surf-infisical-deps]
skipping: [mash.met.surf-authentik-deps]
included: /home/user/work/mash-playbook/roles/galaxy/docker_sdk_for_python/tasks/setup_debian.yml for mash.met.surf

TASK [galaxy/docker_sdk_for_python : Ensure Docker SDK for Python is installed on Debian] ***
ok: [mash.met.surf]

TASK [galaxy/docker_sdk_for_python : ansible.builtin.include_tasks] ************
skipping: [mash.met.surf]
skipping: [mash.met.surf-infisical-deps]
skipping: [mash.met.surf-authentik-deps]

TASK [galaxy/timesync : ansible.builtin.include_tasks] *************************
skipping: [mash.met.surf]
skipping: [mash.met.surf-infisical-deps]
skipping: [mash.met.surf-authentik-deps]

TASK [galaxy/timesync : ansible.builtin.include_tasks] *************************
skipping: [mash.met.surf-infisical-deps]
skipping: [mash.met.surf-authentik-deps]
included: /home/user/work/mash-playbook/roles/galaxy/timesync/tasks/setup_debian.yml for mash.met.surf

TASK [galaxy/timesync : Ensure APT packages are installed] *********************
ok: [mash.met.surf]

TASK [galaxy/timesync : Ensure timesyncing daemon is started and autoruns] *****
skipping: [mash.met.surf-infisical-deps]
skipping: [mash.met.surf-authentik-deps]
ok: [mash.met.surf]

TASK [galaxy/cleanup : ansible.builtin.include_tasks] **************************
included: /home/user/work/mash-playbook/roles/galaxy/cleanup/tasks/logs.yml for mash.met.surf, mash.met.surf-infisical-deps, mash.met.surf-authentik-deps

TASK [galaxy/cleanup : Ensure systemd-journald-autovacuum units are installed] ***
ok: [mash.met.surf-authentik-deps] => (item=systemd-journald-autovacuum.timer)
ok: [mash.met.surf-infisical-deps] => (item=systemd-journald-autovacuum.timer)
ok: [mash.met.surf] => (item=systemd-journald-autovacuum.timer)
ok: [mash.met.surf-authentik-deps] => (item=systemd-journald-autovacuum.service)
ok: [mash.met.surf] => (item=systemd-journald-autovacuum.service)
ok: [mash.met.surf-infisical-deps] => (item=systemd-journald-autovacuum.service)

TASK [galaxy/cleanup : Esure systemd-journald-autovacuum units are enabled and started] ***
changed: [mash.met.surf-authentik-deps] => (item=systemd-journald-autovacuum.service)
changed: [mash.met.surf] => (item=systemd-journald-autovacuum.service)
changed: [mash.met.surf-infisical-deps] => (item=systemd-journald-autovacuum.service)
ok: [mash.met.surf-authentik-deps] => (item=systemd-journald-autovacuum.timer)
ok: [mash.met.surf] => (item=systemd-journald-autovacuum.timer)
ok: [mash.met.surf-infisical-deps] => (item=systemd-journald-autovacuum.timer)

TASK [galaxy/cleanup : ansible.builtin.include_tasks] **************************
included: /home/user/work/mash-playbook/roles/galaxy/cleanup/tasks/docker.yml for mash.met.surf, mash.met.surf-infisical-deps, mash.met.surf-authentik-deps

TASK [galaxy/cleanup : Ensure unused docker resources are removed] *************
skipping: [mash.met.surf]
skipping: [mash.met.surf-infisical-deps]
skipping: [mash.met.surf-authentik-deps]

TASK [galaxy/cleanup : Ensure paths are removed] *******************************
skipping: [mash.met.surf]
skipping: [mash.met.surf-infisical-deps]
skipping: [mash.met.surf-authentik-deps]

TASK [galaxy/cleanup : ansible.builtin.include_tasks] **************************
skipping: [mash.met.surf]
skipping: [mash.met.surf-infisical-deps]
skipping: [mash.met.surf-authentik-deps]

TASK [galaxy/cleanup : ansible.builtin.include_tasks] **************************
skipping: [mash.met.surf]
skipping: [mash.met.surf-infisical-deps]
skipping: [mash.met.surf-authentik-deps]

TASK [galaxy/fail2ban : Install fail2ban] **************************************
skipping: [mash.met.surf]
skipping: [mash.met.surf-infisical-deps]
skipping: [mash.met.surf-authentik-deps]

TASK [galaxy/fail2ban : Ensure jail.local is present] **************************
skipping: [mash.met.surf]
skipping: [mash.met.surf-infisical-deps]
skipping: [mash.met.surf-authentik-deps]

TASK [galaxy/fail2ban : Ensure fail2ban stared and running] ********************
skipping: [mash.met.surf]
skipping: [mash.met.surf-infisical-deps]
skipping: [mash.met.surf-authentik-deps]

TASK [galaxy/ssh : Add authorized keys] ****************************************
skipping: [mash.met.surf]
skipping: [mash.met.surf-infisical-deps]
skipping: [mash.met.surf-authentik-deps]

TASK [galaxy/ssh : Revoke authorized keys] *************************************
skipping: [mash.met.surf]
skipping: [mash.met.surf-infisical-deps]
skipping: [mash.met.surf-authentik-deps]

TASK [galaxy/ssh : Enforce sshd config] ****************************************
skipping: [mash.met.surf]
skipping: [mash.met.surf-infisical-deps]
skipping: [mash.met.surf-authentik-deps]

TASK [galaxy/swap : Run swap installation tasks] *******************************
skipping: [mash.met.surf]
skipping: [mash.met.surf-infisical-deps]
skipping: [mash.met.surf-authentik-deps]

TASK [galaxy/swap : Run swap uninstallation tasks] *****************************
skipping: [mash.met.surf]
skipping: [mash.met.surf-infisical-deps]
skipping: [mash.met.surf-authentik-deps]

TASK [galaxy/container_socket_proxy : Validate container-socket-proxy configuration] ***
skipping: [mash.met.surf-infisical-deps]
skipping: [mash.met.surf-authentik-deps]
included: /home/user/work/mash-playbook/roles/galaxy/container_socket_proxy/tasks/validate_config.yml for mash.met.surf

TASK [galaxy/container_socket_proxy : Fail if required container-socket-proxy settings not defined] ***
skipping: [mash.met.surf] => (item=container_socket_proxy_uid) 
skipping: [mash.met.surf] => (item=container_socket_proxy_gid) 
skipping: [mash.met.surf]

TASK [galaxy/container_socket_proxy : Install container-socket-proxy] **********
skipping: [mash.met.surf-infisical-deps]
skipping: [mash.met.surf-authentik-deps]
included: /home/user/work/mash-playbook/roles/galaxy/container_socket_proxy/tasks/install.yml for mash.met.surf

TASK [galaxy/container_socket_proxy : Ensure container-socket-proxy path exists] ***
ok: [mash.met.surf]

TASK [galaxy/container_socket_proxy : Ensure container-socket-proxy support files installed] ***
ok: [mash.met.surf] => (item=env)
ok: [mash.met.surf] => (item=labels)

TASK [galaxy/container_socket_proxy : Ensure container-socket-proxy container image is pulled via community.docker.docker_image] ***
ok: [mash.met.surf]

TASK [galaxy/container_socket_proxy : Ensure container-socket-proxy container image is pulled via ansible.builtin.command] ***
skipping: [mash.met.surf]

TASK [galaxy/container_socket_proxy : Ensure container-socket-proxy container network is created via community.docker.docker_network] ***
ok: [mash.met.surf]

TASK [galaxy/container_socket_proxy : Ensure container-socket-proxy container network is created via ansible.builtin.command] ***
skipping: [mash.met.surf]

TASK [galaxy/container_socket_proxy : Ensure container-socket-proxy systemd service is present] ***
ok: [mash.met.surf]

TASK [galaxy/container_socket_proxy : Uninstall container-socket-proxy] ********
skipping: [mash.met.surf]
included: /home/user/work/mash-playbook/roles/galaxy/container_socket_proxy/tasks/uninstall.yml for mash.met.surf-infisical-deps, mash.met.surf-authentik-deps

TASK [galaxy/container_socket_proxy : Check existence of container-socket-proxy systemd service] ***
ok: [mash.met.surf-infisical-deps]
ok: [mash.met.surf-authentik-deps]

TASK [galaxy/container_socket_proxy : Ensure container-socket-proxy systemd service is stopped] ***
skipping: [mash.met.surf-infisical-deps]
skipping: [mash.met.surf-authentik-deps]

TASK [galaxy/container_socket_proxy : Ensure container-socket-proxy systemd service does not exist] ***
skipping: [mash.met.surf-infisical-deps]
skipping: [mash.met.surf-authentik-deps]

TASK [galaxy/container_socket_proxy : Ensure container-socket-proxy container network does not exist via community.docker.docker_network] ***
skipping: [mash.met.surf-infisical-deps]
skipping: [mash.met.surf-authentik-deps]

TASK [galaxy/container_socket_proxy : Ensure container-socket-proxy container network does not exist via ansible.builtin.command] ***
skipping: [mash.met.surf-infisical-deps]
skipping: [mash.met.surf-authentik-deps]

TASK [galaxy/container_socket_proxy : Ensure container-socket-proxy path does not exist] ***
skipping: [mash.met.surf-infisical-deps]
skipping: [mash.met.surf-authentik-deps]

TASK [galaxy/exim_relay : ansible.builtin.include_tasks] ***********************
skipping: [mash.met.surf]
skipping: [mash.met.surf-infisical-deps]
skipping: [mash.met.surf-authentik-deps]

TASK [galaxy/exim_relay : ansible.builtin.include_tasks] ***********************
skipping: [mash.met.surf]
skipping: [mash.met.surf-infisical-deps]
skipping: [mash.met.surf-authentik-deps]

TASK [galaxy/exim_relay : ansible.builtin.include_tasks] ***********************
included: /home/user/work/mash-playbook/roles/galaxy/exim_relay/tasks/uninstall.yml for mash.met.surf, mash.met.surf-infisical-deps, mash.met.surf-authentik-deps

TASK [galaxy/exim_relay : Check existence of exim-relay service] ***************
ok: [mash.met.surf]
ok: [mash.met.surf-infisical-deps]
ok: [mash.met.surf-authentik-deps]

TASK [galaxy/exim_relay : Ensure exim-relay is stopped] ************************
skipping: [mash.met.surf]
skipping: [mash.met.surf-infisical-deps]
skipping: [mash.met.surf-authentik-deps]

TASK [galaxy/exim_relay : Ensure exim-relay.service doesn't exist] *************
skipping: [mash.met.surf]
skipping: [mash.met.surf-infisical-deps]
skipping: [mash.met.surf-authentik-deps]

TASK [galaxy/exim_relay : Ensure exim-relay path doesn't exist] ****************
skipping: [mash.met.surf]
skipping: [mash.met.surf-infisical-deps]
skipping: [mash.met.surf-authentik-deps]

TASK [galaxy/postgres : ansible.builtin.include_tasks] *************************
skipping: [mash.met.surf-infisical-deps]
skipping: [mash.met.surf-authentik-deps]
included: /home/user/work/mash-playbook/roles/galaxy/postgres/tasks/validate_config.yml for mash.met.surf

TASK [galaxy/postgres : (Deprecation) Catch and report renamed settings] *******
skipping: [mash.met.surf] => (item={'old': 'postgres_vacuum_database', 'new': '<superseded by postgres_vacuum_default_databases_list>'}) 
skipping: [mash.met.surf] => (item={'old': 'postgres_additional_databases', 'new': 'postgres_managed_databases'}) 
skipping: [mash.met.surf] => (item={'old': 'postgres_vacuum_command', 'new': '<superseded by postgres_vacuum_presets and postgres_vacuum_preset, or postgres_vacuum_query>'}) 
skipping: [mash.met.surf] => (item={'old': 'docker_postgres_container_image_registry_prefix', 'new': 'postgres_container_image_registry_prefix'}) 
skipping: [mash.met.surf] => (item={'old': 'postgres_pgloader_container_image_name_prefix', 'new': 'postgres_pgloader_container_image_registry_prefix'}) 
skipping: [mash.met.surf]

TASK [galaxy/postgres : Fail if required Postgres settings not defined] ********
skipping: [mash.met.surf] => (item=postgres_identifier) 
skipping: [mash.met.surf] => (item=postgres_uid) 
skipping: [mash.met.surf] => (item=postgres_gid) 
skipping: [mash.met.surf] => (item=postgres_container_network) 
skipping: [mash.met.surf] => (item=postgres_connection_hostname) 
skipping: [mash.met.surf] => (item=postgres_connection_port) 
skipping: [mash.met.surf] => (item=postgres_connection_username) 
skipping: [mash.met.surf] => (item=postgres_connection_password) 
skipping: [mash.met.surf] => (item=postgres_db_name) 
skipping: [mash.met.surf] => (item=postgres_architecture) 
skipping: [mash.met.surf]

TASK [galaxy/postgres : Fail if Postgres password length exceeded] *************
skipping: [mash.met.surf]

TASK [galaxy/postgres : ansible.builtin.include_tasks] *************************
skipping: [mash.met.surf-infisical-deps]
skipping: [mash.met.surf-authentik-deps]
included: /home/user/work/mash-playbook/roles/galaxy/postgres/tasks/install.yml for mash.met.surf

TASK [galaxy/postgres : Check if old Postgres data directory is used] **********
ok: [mash.met.surf]

TASK [galaxy/postgres : Warn if old Postgres data directory detected] **********
skipping: [mash.met.surf]

TASK [galaxy/postgres : Ensure Postgres is stopped] ****************************
skipping: [mash.met.surf]

TASK [galaxy/postgres : Find files and directories in old Postgres data path] ***
skipping: [mash.met.surf]

TASK [galaxy/postgres : Ensure new Postgres data path exists] ******************
skipping: [mash.met.surf]

TASK [galaxy/postgres : Relocate Postgres data files from old directory to new] ***
skipping: [mash.met.surf]

TASK [galaxy/postgres : Ensure outdated Postgres service doesn't exist] ********
skipping: [mash.met.surf]

TASK [galaxy/postgres : Ensure systemd reloaded after getting rid of outdated Postgres service] ***
skipping: [mash.met.surf]

TASK [galaxy/postgres : Initialize Postgres version determination variables (default to empty)] ***
ok: [mash.met.surf]

TASK [galaxy/postgres : Determine existing Postgres version (check PG_VERSION file)] ***
ok: [mash.met.surf]

TASK [galaxy/postgres : ansible.builtin.set_fact] ******************************
ok: [mash.met.surf]

TASK [galaxy/postgres : Determine existing Postgres version (read PG_VERSION file)] ***
ok: [mash.met.surf]

TASK [galaxy/postgres : Determine existing Postgres version (make sense of PG_VERSION file)] ***
ok: [mash.met.surf]

TASK [galaxy/postgres : Determine corresponding container image to detected version (use 9.x, if detected)] ***
skipping: [mash.met.surf]

TASK [galaxy/postgres : Determine corresponding container image to detected version (use 10.x, if detected)] ***
skipping: [mash.met.surf]

TASK [galaxy/postgres : Determine corresponding container image to detected version (use 11.x, if detected)] ***
skipping: [mash.met.surf]

TASK [galaxy/postgres : Determine corresponding container image to detected version (use 12.x, if detected)] ***
skipping: [mash.met.surf]

TASK [galaxy/postgres : Determine corresponding container image to detected version (use 13.x, if detected)] ***
skipping: [mash.met.surf]

TASK [galaxy/postgres : Determine corresponding container image to detected version (use 14.x, if detected)] ***
skipping: [mash.met.surf]

TASK [galaxy/postgres : Determine corresponding container image to detected version (use 15.x, if detected)] ***
skipping: [mash.met.surf]

TASK [galaxy/postgres : Determine corresponding container image to detected version (use 16.x, if detected)] ***
skipping: [mash.met.surf]

TASK [galaxy/postgres : Determine corresponding container image to detected version (use 17.x, if detected)] ***
ok: [mash.met.surf]

TASK [galaxy/postgres : Determine corresponding container image to detected version (use 18.x, if detected)] ***
skipping: [mash.met.surf]

TASK [galaxy/postgres : Fail if detected Postgres version number not known to us] ***
skipping: [mash.met.surf]

TASK [galaxy/postgres : Populate corresponding Postgres container image based on detected version] ***
ok: [mash.met.surf]

TASK [galaxy/postgres : Abort if on an unsupported Postgres version] ***********
skipping: [mash.met.surf]

TASK [galaxy/postgres : Inject warning if detected Postgres version number not eligible] ***
skipping: [mash.met.surf]

TASK [galaxy/postgres : Inject warning if on maximum eligible Postgres version, but held back from the maximum known version] ***
skipping: [mash.met.surf]

TASK [galaxy/postgres : Inject warning if on an old version of Postgres] *******
ok: [mash.met.surf]

TASK [galaxy/postgres : ansible.builtin.set_fact] ******************************
ok: [mash.met.surf]

TASK [galaxy/postgres : Ensure postgres container image is pulled] *************
ok: [mash.met.surf]

TASK [galaxy/postgres : Ensure Postgres paths exist] ***************************
ok: [mash.met.surf] => (item=/mash/postgres)
ok: [mash.met.surf] => (item=/mash/postgres/data)
ok: [mash.met.surf] => (item=/mash/postgres/bin)

TASK [galaxy/postgres : Ensure Postgres environment variables file created] ****
ok: [mash.met.surf] => (item=env-postgres-psql)
ok: [mash.met.surf] => (item=env-postgres-server)

TASK [galaxy/postgres : Ensure Postgres scripts created] ***********************
ok: [mash.met.surf] => (item=cli)
ok: [mash.met.surf] => (item=cli-non-interactive)
ok: [mash.met.surf] => (item=dump-all)

TASK [galaxy/postgres : Ensure Postgres container network is created] **********
ok: [mash.met.surf]

TASK [galaxy/postgres : Ensure Postgres systemd service installed] *************
ok: [mash.met.surf]

TASK [galaxy/postgres : Ensure managed Postgres databases prepared] ************
included: /home/user/work/mash-playbook/roles/galaxy/postgres/tasks/util/prepare_managed_databases.yml for mash.met.surf

TASK [galaxy/postgres : Ensure Postgres service is started] ********************
ok: [mash.met.surf]

TASK [galaxy/postgres : Wait a bit, so that Postgres can start] ****************
skipping: [mash.met.surf]

TASK [galaxy/postgres : Check Postgres container network] **********************
ok: [mash.met.surf]

TASK [galaxy/postgres : Set Postgres container network to use for preparing databases] ***
ok: [mash.met.surf]

TASK [galaxy/postgres : Prepare managed Postgres database] *********************
included: /home/user/work/mash-playbook/roles/galaxy/postgres/tasks/util/prepare_managed_database.yml for mash.met.surf => (item=(censored due to no_log))
included: /home/user/work/mash-playbook/roles/galaxy/postgres/tasks/util/prepare_managed_database.yml for mash.met.surf => (item=(censored due to no_log))
included: /home/user/work/mash-playbook/roles/galaxy/postgres/tasks/util/prepare_managed_database.yml for mash.met.surf => (item=(censored due to no_log))
included: /home/user/work/mash-playbook/roles/galaxy/postgres/tasks/util/prepare_managed_database.yml for mash.met.surf => (item=(censored due to no_log))
included: /home/user/work/mash-playbook/roles/galaxy/postgres/tasks/util/prepare_managed_database.yml for mash.met.surf => (item=(censored due to no_log))

TASK [galaxy/postgres : Fail if managed database data appears invalid] *********
skipping: [mash.met.surf] => (item=name) 
skipping: [mash.met.surf] => (item=username) 
skipping: [mash.met.surf] => (item=password) 
skipping: [mash.met.surf]

TASK [galaxy/postgres : Create managed database initialization SQL file for atuin] ***
changed: [mash.met.surf]

TASK [galaxy/postgres : Execute Postgres managed database initialization SQL file for atuin] ***
changed: [mash.met.surf]

TASK [galaxy/postgres : Delete managed database initialization SQL file for atuin] ***
changed: [mash.met.surf]

TASK [galaxy/postgres : Fail if managed database data appears invalid] *********
skipping: [mash.met.surf] => (item=name) 
skipping: [mash.met.surf] => (item=username) 
skipping: [mash.met.surf] => (item=password) 
skipping: [mash.met.surf]

TASK [galaxy/postgres : Create managed database initialization SQL file for authentik] ***
changed: [mash.met.surf]

TASK [galaxy/postgres : Execute Postgres managed database initialization SQL file for authentik] ***
changed: [mash.met.surf]

TASK [galaxy/postgres : Delete managed database initialization SQL file for authentik] ***
changed: [mash.met.surf]

TASK [galaxy/postgres : Fail if managed database data appears invalid] *********
skipping: [mash.met.surf] => (item=name) 
skipping: [mash.met.surf] => (item=username) 
skipping: [mash.met.surf] => (item=password) 
skipping: [mash.met.surf]

TASK [galaxy/postgres : Create managed database initialization SQL file for forgejo] ***
changed: [mash.met.surf]

TASK [galaxy/postgres : Execute Postgres managed database initialization SQL file for forgejo] ***
changed: [mash.met.surf]

TASK [galaxy/postgres : Delete managed database initialization SQL file for forgejo] ***
changed: [mash.met.surf]

TASK [galaxy/postgres : Fail if managed database data appears invalid] *********
skipping: [mash.met.surf] => (item=name) 
skipping: [mash.met.surf] => (item=username) 
skipping: [mash.met.surf] => (item=password) 
skipping: [mash.met.surf]

TASK [galaxy/postgres : Create managed database initialization SQL file for vaultwarden] ***
changed: [mash.met.surf]

TASK [galaxy/postgres : Execute Postgres managed database initialization SQL file for vaultwarden] ***
changed: [mash.met.surf]

TASK [galaxy/postgres : Delete managed database initialization SQL file for vaultwarden] ***
changed: [mash.met.surf]

TASK [galaxy/postgres : Fail if managed database data appears invalid] *********
skipping: [mash.met.surf] => (item=name) 
skipping: [mash.met.surf] => (item=username) 
skipping: [mash.met.surf] => (item=password) 
skipping: [mash.met.surf]

TASK [galaxy/postgres : Create managed database initialization SQL file for vikunja] ***
changed: [mash.met.surf]

TASK [galaxy/postgres : Execute Postgres managed database initialization SQL file for vikunja] ***
changed: [mash.met.surf]

TASK [galaxy/postgres : Delete managed database initialization SQL file for vikunja] ***
changed: [mash.met.surf]

TASK [galaxy/postgres : Ensure Postgres is stopped, if it originally was and if we are configured to do it] ***
skipping: [mash.met.surf]

TASK [galaxy/postgres : Check existence of Postgres backup data path] **********
ok: [mash.met.surf]

TASK [galaxy/postgres : Inject warning if backup data remains] *****************
skipping: [mash.met.surf]

TASK [galaxy/postgres : ansible.builtin.include_tasks] *************************
skipping: [mash.met.surf]
included: /home/user/work/mash-playbook/roles/galaxy/postgres/tasks/uninstall.yml for mash.met.surf-infisical-deps, mash.met.surf-authentik-deps

TASK [galaxy/postgres : Check existence of Postgres systemd service] ***********
ok: [mash.met.surf-infisical-deps]
ok: [mash.met.surf-authentik-deps]

TASK [galaxy/postgres : Ensure Postgres systemd service is stopped] ************
skipping: [mash.met.surf-infisical-deps]
skipping: [mash.met.surf-authentik-deps]

TASK [galaxy/postgres : Ensure Postgres systemd service does not exist] ********
skipping: [mash.met.surf-infisical-deps]
skipping: [mash.met.surf-authentik-deps]

TASK [galaxy/postgres : Ensure Postgres scripts do not exist] ******************
skipping: [mash.met.surf-infisical-deps]
skipping: [mash.met.surf-authentik-deps]

TASK [galaxy/postgres : Ensure Postgres container network does not exist via community.docker.docker_network] ***
skipping: [mash.met.surf-infisical-deps]
skipping: [mash.met.surf-authentik-deps]

TASK [galaxy/postgres : Ensure Postgres container network does not exist via ansible.builtin.command] ***
skipping: [mash.met.surf-infisical-deps]
skipping: [mash.met.surf-authentik-deps]

TASK [galaxy/postgres : Check existence of Postgres local data path] ***********
ok: [mash.met.surf-infisical-deps]
ok: [mash.met.surf-authentik-deps]

TASK [galaxy/postgres : Notify if Postgres local data remains] *****************
skipping: [mash.met.surf-infisical-deps]
skipping: [mash.met.surf-authentik-deps]

TASK [galaxy/traefik : Validate Traefik configuration] *************************
skipping: [mash.met.surf-infisical-deps]
skipping: [mash.met.surf-authentik-deps]
included: /home/user/work/mash-playbook/roles/galaxy/traefik/tasks/validate_config.yml for mash.met.surf

TASK [galaxy/traefik : (Deprecation) Catch and report renamed settings] ********
skipping: [mash.met.surf] => (item={'old': 'traefik_ssl_email_address', 'new': 'traefik_config_certificatesResolvers_acme_email'}) 
skipping: [mash.met.surf] => (item={'old': 'traefik_config_letsencrypt_resolver_caServer', 'new': 'traefik_config_certificatesResolvers_acme_caServer'}) 
skipping: [mash.met.surf] => (item={'old': 'traefik_config_letsencrypt_use_staging', 'new': 'traefik_config_certificatesResolvers_acme_use_staging'}) 
skipping: [mash.met.surf] => (item={'old': 'traefik_config_letsencrypt_httpChallenge_entrypoint', 'new': 'traefik_config_certificatesResolvers_acme_httpChallenge_entrypoint'}) 
skipping: [mash.met.surf] => (item={'old': 'traefik_environment_variables_additional_variables', 'new': 'traefik_environment_variables'}) 
skipping: [mash.met.surf]

TASK [galaxy/traefik : Fail if required Traefik settings not defined] **********
skipping: [mash.met.surf] => (item=traefik_uid) 
skipping: [mash.met.surf] => (item=traefik_gid) 
skipping: [mash.met.surf] => (item=traefik_entrypoint_primary) 
skipping: [mash.met.surf]

TASK [galaxy/traefik : Fail if required Traefik ACME settings not defined] *****
skipping: [mash.met.surf] => (item=traefik_config_certificatesResolvers_acme_httpChallenge_entrypoint) 
skipping: [mash.met.surf]

TASK [galaxy/traefik : Fail if Traefik docker endpoint syntax invalid] *********
skipping: [mash.met.surf]

TASK [galaxy/traefik : Fail if required Traefik Dashboard settings not defined] ***
skipping: [mash.met.surf] => (item=traefik_dashboard_hostname) 
skipping: [mash.met.surf] => (item=traefik_dashboard_entrypoints) 
skipping: [mash.met.surf]

TASK [galaxy/traefik : Fail if required Traefik Dashboard HTTP Basic authentication settings not defined] ***
skipping: [mash.met.surf] => (item=traefik_dashboard_basicauth_user) 
skipping: [mash.met.surf] => (item=traefik_dashboard_basicauth_password) 
skipping: [mash.met.surf]

TASK [galaxy/traefik : Install Traefik] ****************************************
skipping: [mash.met.surf-infisical-deps]
skipping: [mash.met.surf-authentik-deps]
included: /home/user/work/mash-playbook/roles/galaxy/traefik/tasks/install.yml for mash.met.surf

TASK [galaxy/traefik : Ensure Traefik paths exist] *****************************
ok: [mash.met.surf] => (item={'path': '/mash/traefik', 'when': True})
ok: [mash.met.surf] => (item={'path': '/mash/traefik/config', 'when': True})
ok: [mash.met.surf] => (item={'path': '/mash/traefik/ssl', 'when': True})
skipping: [mash.met.surf] => (item={'path': '/mash/traefik/plugins-storage', 'when': False}) 

TASK [galaxy/traefik : Generate HTTP Basic authentication file locally] ********
changed: [mash.met.surf -> 127.0.0.1]

TASK [galaxy/traefik : Load HTTP Basic authentication file contents] ***********
ok: [mash.met.surf -> 127.0.0.1]

TASK [galaxy/traefik : Load HTTP Basic authentication file contents] ***********
ok: [mash.met.surf]

TASK [galaxy/traefik : Ensure local temporary HTTP Basic authentication file is removed] ***
changed: [mash.met.surf -> 127.0.0.1]

TASK [galaxy/traefik : Ensure Traefik support files installed] *****************
ok: [mash.met.surf] => (item=env)
ok: [mash.met.surf] => (item=labels)

TASK [galaxy/traefik : Ensure traefik.yml installed] ***************************
ok: [mash.met.surf]

TASK [galaxy/traefik : Ensure provider.yml installed] **************************
changed: [mash.met.surf]

TASK [galaxy/traefik : Check existence of acme.json file] **********************
ok: [mash.met.surf]

TASK [galaxy/traefik : Ensure ACME file permissions are correct] ***************
ok: [mash.met.surf]

TASK [galaxy/traefik : Ensure Traefik container image is pulled via community.docker.docker_image] ***
ok: [mash.met.surf]

TASK [galaxy/traefik : Ensure Traefik container image is pulled via ansible.builtin.command] ***
skipping: [mash.met.surf]

TASK [galaxy/traefik : Ensure Traefik container network exists via community.docker.docker_network] ***
ok: [mash.met.surf]

TASK [galaxy/traefik : Ensure Traefik container network is created via ansible.builtin.command] ***
skipping: [mash.met.surf]

TASK [galaxy/traefik : Ensure Traefik systemd service is present] **************
ok: [mash.met.surf]

TASK [galaxy/traefik : Uninstall Traefik] **************************************
skipping: [mash.met.surf]
included: /home/user/work/mash-playbook/roles/galaxy/traefik/tasks/uninstall.yml for mash.met.surf-infisical-deps, mash.met.surf-authentik-deps

TASK [galaxy/traefik : Check existence of Traefik systemd service] *************
ok: [mash.met.surf-infisical-deps]
ok: [mash.met.surf-authentik-deps]

TASK [galaxy/traefik : Ensure Traefik systemd service is stopped] **************
skipping: [mash.met.surf-infisical-deps]
skipping: [mash.met.surf-authentik-deps]

TASK [galaxy/traefik : Ensure Traefik systemd service does not exist] **********
skipping: [mash.met.surf-infisical-deps]
skipping: [mash.met.surf-authentik-deps]

TASK [galaxy/traefik : Ensure Traefik container network does not exist via community.docker.docker_network] ***
skipping: [mash.met.surf-infisical-deps]
skipping: [mash.met.surf-authentik-deps]

TASK [galaxy/traefik : Ensure Traefik container network does not exist via ansible.builtin.command] ***
skipping: [mash.met.surf-infisical-deps]
skipping: [mash.met.surf-authentik-deps]

TASK [galaxy/traefik : Remove Traefik path does not exist] *********************
skipping: [mash.met.surf-infisical-deps]
skipping: [mash.met.surf-authentik-deps]

TASK [galaxy/adguard_home : Validate AdGuard Home configuration] ***************
skipping: [mash.met.surf]
skipping: [mash.met.surf-infisical-deps]
skipping: [mash.met.surf-authentik-deps]

TASK [galaxy/adguard_home : Install AdGuard Home] ******************************
skipping: [mash.met.surf]
skipping: [mash.met.surf-infisical-deps]
skipping: [mash.met.surf-authentik-deps]

TASK [galaxy/adguard_home : Uninstall AdGuard Home] ****************************
included: /home/user/work/mash-playbook/roles/galaxy/adguard_home/tasks/uninstall.yml for mash.met.surf, mash.met.surf-infisical-deps, mash.met.surf-authentik-deps

TASK [galaxy/adguard_home : Check existence of AdGuard Home systemd service] ***
ok: [mash.met.surf]
ok: [mash.met.surf-infisical-deps]
ok: [mash.met.surf-authentik-deps]

TASK [galaxy/adguard_home : Ensure AdGuard Home systemd service is stopped] ****
skipping: [mash.met.surf]
skipping: [mash.met.surf-infisical-deps]
skipping: [mash.met.surf-authentik-deps]

TASK [galaxy/adguard_home : Ensure AdGuard Home systemd service does not exist] ***
skipping: [mash.met.surf]
skipping: [mash.met.surf-infisical-deps]
skipping: [mash.met.surf-authentik-deps]

TASK [galaxy/adguard_home : Ensure AdGuard Home container network does not exist via community.docker.docker_network] ***
skipping: [mash.met.surf]
skipping: [mash.met.surf-infisical-deps]
skipping: [mash.met.surf-authentik-deps]

TASK [galaxy/adguard_home : Ensure AdGuard Home container network does not exist via ansible.builtin.command] ***
skipping: [mash.met.surf]
skipping: [mash.met.surf-infisical-deps]
skipping: [mash.met.surf-authentik-deps]

TASK [galaxy/adguard_home : Ensure AdGuard Home path does not exist] ***********
skipping: [mash.met.surf]
skipping: [mash.met.surf-infisical-deps]
skipping: [mash.met.surf-authentik-deps]

TASK [galaxy/anki : Validate Anki synchronization server configuration] ********
skipping: [mash.met.surf]
skipping: [mash.met.surf-infisical-deps]
skipping: [mash.met.surf-authentik-deps]

TASK [galaxy/anki : Install Anki synchronization server] ***********************
skipping: [mash.met.surf]
skipping: [mash.met.surf-infisical-deps]
skipping: [mash.met.surf-authentik-deps]

TASK [galaxy/anki : Uninstall Anki synchronization server] *********************
included: /home/user/work/mash-playbook/roles/galaxy/anki/tasks/uninstall.yml for mash.met.surf, mash.met.surf-infisical-deps, mash.met.surf-authentik-deps

TASK [galaxy/anki : Check existence of Anki synchronization server systemd service] ***
ok: [mash.met.surf]
ok: [mash.met.surf-infisical-deps]
ok: [mash.met.surf-authentik-deps]

TASK [galaxy/anki : Ensure Anki synchronization server systemd service is stopped] ***
skipping: [mash.met.surf]
skipping: [mash.met.surf-infisical-deps]
skipping: [mash.met.surf-authentik-deps]

TASK [galaxy/anki : Ensure Anki synchronization server systemd service does not exist] ***
skipping: [mash.met.surf]
skipping: [mash.met.surf-infisical-deps]
skipping: [mash.met.surf-authentik-deps]

TASK [galaxy/anki : Ensure Anki synchronization server support files do not exist] ***
skipping: [mash.met.surf] => (item=env) 
skipping: [mash.met.surf] => (item=labels) 
skipping: [mash.met.surf]
skipping: [mash.met.surf-infisical-deps] => (item=env) 
skipping: [mash.met.surf-infisical-deps] => (item=labels) 
skipping: [mash.met.surf-infisical-deps]
skipping: [mash.met.surf-authentik-deps] => (item=env) 
skipping: [mash.met.surf-authentik-deps] => (item=labels) 
skipping: [mash.met.surf-authentik-deps]

TASK [galaxy/anki : Ensure Anki synchronization server image source files path does not exist] ***
skipping: [mash.met.surf]
skipping: [mash.met.surf-infisical-deps]
skipping: [mash.met.surf-authentik-deps]

TASK [galaxy/anki : Ensure Anki synchronization server container network does not exist via community.docker.docker_network] ***
skipping: [mash.met.surf]
skipping: [mash.met.surf-infisical-deps]
skipping: [mash.met.surf-authentik-deps]

TASK [galaxy/anki : Ensure Anki synchronization server container network does not exist via ansible.builtin.command] ***
skipping: [mash.met.surf]
skipping: [mash.met.surf-infisical-deps]
skipping: [mash.met.surf-authentik-deps]

TASK [galaxy/anki : Ensure Anki synchronization server local data path does not exist if empty] ***
skipping: [mash.met.surf]
skipping: [mash.met.surf-infisical-deps]
skipping: [mash.met.surf-authentik-deps]

TASK [galaxy/anki : Ensure Anki synchronization server base path does not exist if empty] ***
skipping: [mash.met.surf]
skipping: [mash.met.surf-infisical-deps]
skipping: [mash.met.surf-authentik-deps]

TASK [galaxy/anki : Check existence of Anki synchronization server local data path] ***
ok: [mash.met.surf]
ok: [mash.met.surf-authentik-deps]
ok: [mash.met.surf-infisical-deps]

TASK [galaxy/anki : Notify if Anki synchronization server local data remains] ***
skipping: [mash.met.surf]
skipping: [mash.met.surf-infisical-deps]
skipping: [mash.met.surf-authentik-deps]

TASK [galaxy/anonymousoverflow : Validate AnonymousOverflow configuration] *****
skipping: [mash.met.surf]
skipping: [mash.met.surf-infisical-deps]
skipping: [mash.met.surf-authentik-deps]

TASK [galaxy/anonymousoverflow : Install AnonymousOverflow] ********************
skipping: [mash.met.surf]
skipping: [mash.met.surf-infisical-deps]
skipping: [mash.met.surf-authentik-deps]

TASK [galaxy/anonymousoverflow : Uninstall AnonymousOverflow] ******************
included: /home/user/work/mash-playbook/roles/galaxy/anonymousoverflow/tasks/uninstall.yml for mash.met.surf, mash.met.surf-infisical-deps, mash.met.surf-authentik-deps

TASK [galaxy/anonymousoverflow : Check existence of AnonymousOverflow systemd service] ***
ok: [mash.met.surf-infisical-deps]
ok: [mash.met.surf]
ok: [mash.met.surf-authentik-deps]

TASK [galaxy/anonymousoverflow : Ensure AnonymousOverflow systemd service is stopped] ***
skipping: [mash.met.surf]
skipping: [mash.met.surf-infisical-deps]
skipping: [mash.met.surf-authentik-deps]

TASK [galaxy/anonymousoverflow : Ensure AnonymousOverflow systemd service does not exist] ***
skipping: [mash.met.surf]
skipping: [mash.met.surf-infisical-deps]
skipping: [mash.met.surf-authentik-deps]

TASK [galaxy/anonymousoverflow : Ensure AnonymousOverflow container network does not exist via community.docker.docker_network] ***
skipping: [mash.met.surf]
skipping: [mash.met.surf-infisical-deps]
skipping: [mash.met.surf-authentik-deps]

TASK [galaxy/anonymousoverflow : Ensure AnonymousOverflow container network does not exist via ansible.builtin.command] ***
skipping: [mash.met.surf]
skipping: [mash.met.surf-infisical-deps]
skipping: [mash.met.surf-authentik-deps]

TASK [galaxy/anonymousoverflow : Ensure AnonymousOverflow path does not exist] ***
skipping: [mash.met.surf]
skipping: [mash.met.surf-infisical-deps]
skipping: [mash.met.surf-authentik-deps]

TASK [galaxy/apisix_dashboard : Validate APISIX Dashboard configuration] *******
skipping: [mash.met.surf]
skipping: [mash.met.surf-infisical-deps]
skipping: [mash.met.surf-authentik-deps]

TASK [galaxy/apisix_dashboard : Install APISIX Dashboard] **********************
skipping: [mash.met.surf]
skipping: [mash.met.surf-infisical-deps]
skipping: [mash.met.surf-authentik-deps]

TASK [galaxy/apisix_dashboard : Uninstall APISIX Dashboard] ********************
included: /home/user/work/mash-playbook/roles/galaxy/apisix_dashboard/tasks/uninstall.yml for mash.met.surf, mash.met.surf-infisical-deps, mash.met.surf-authentik-deps

TASK [galaxy/apisix_dashboard : Check existence of APISIX Dashboard systemd service] ***
ok: [mash.met.surf-infisical-deps]
ok: [mash.met.surf]
ok: [mash.met.surf-authentik-deps]

TASK [galaxy/apisix_dashboard : Ensure APISIX Dashboard systemd service is stopped] ***
skipping: [mash.met.surf]
skipping: [mash.met.surf-infisical-deps]
skipping: [mash.met.surf-authentik-deps]

TASK [galaxy/apisix_dashboard : Ensure APISIX Dashboard systemd service does not exist] ***
skipping: [mash.met.surf]
skipping: [mash.met.surf-infisical-deps]
skipping: [mash.met.surf-authentik-deps]

TASK [galaxy/apisix_dashboard : Ensure APISIX Dashboard container network does not exist via community.docker.docker_network] ***
skipping: [mash.met.surf]
skipping: [mash.met.surf-infisical-deps]
skipping: [mash.met.surf-authentik-deps]

TASK [galaxy/apisix_dashboard : Ensure APISIX Dashboard container network does not exist via ansible.builtin.command] ***
skipping: [mash.met.surf]
skipping: [mash.met.surf-infisical-deps]
skipping: [mash.met.surf-authentik-deps]

TASK [galaxy/apisix_dashboard : Ensure APISIX Dashboard path does not exist] ***
skipping: [mash.met.surf]
skipping: [mash.met.surf-infisical-deps]
skipping: [mash.met.surf-authentik-deps]

TASK [galaxy/apisix_gateway : Validate APISIX Gateway configuration] ***********
skipping: [mash.met.surf]
skipping: [mash.met.surf-infisical-deps]
skipping: [mash.met.surf-authentik-deps]

TASK [galaxy/apisix_gateway : Install APISIX Gateway] **************************
skipping: [mash.met.surf]
skipping: [mash.met.surf-infisical-deps]
skipping: [mash.met.surf-authentik-deps]

TASK [galaxy/apisix_gateway : Uninstall APISIX Gateway] ************************
included: /home/user/work/mash-playbook/roles/galaxy/apisix_gateway/tasks/uninstall.yml for mash.met.surf, mash.met.surf-infisical-deps, mash.met.surf-authentik-deps

TASK [galaxy/apisix_gateway : Check existence of APISIX Gateway systemd service] ***
ok: [mash.met.surf-infisical-deps]
ok: [mash.met.surf-authentik-deps]
ok: [mash.met.surf]

TASK [galaxy/apisix_gateway : Ensure APISIX Gateway systemd service is stopped] ***
skipping: [mash.met.surf]
skipping: [mash.met.surf-infisical-deps]
skipping: [mash.met.surf-authentik-deps]

TASK [galaxy/apisix_gateway : Ensure APISIX Gateway systemd service does not exist] ***
skipping: [mash.met.surf]
skipping: [mash.met.surf-infisical-deps]
skipping: [mash.met.surf-authentik-deps]

TASK [galaxy/apisix_gateway : Ensure APISIX Gateway container network does not exist via community.docker.docker_network] ***
skipping: [mash.met.surf]
skipping: [mash.met.surf-infisical-deps]
skipping: [mash.met.surf-authentik-deps]

TASK [galaxy/apisix_gateway : Ensure APISIX Gateway container network does not exist via ansible.builtin.command] ***
skipping: [mash.met.surf]
skipping: [mash.met.surf-infisical-deps]
skipping: [mash.met.surf-authentik-deps]

TASK [galaxy/apisix_gateway : Ensure APISIX Gateway path does not exist] *******
skipping: [mash.met.surf]
skipping: [mash.met.surf-infisical-deps]
skipping: [mash.met.surf-authentik-deps]

TASK [galaxy/apprise : Validate Apprise API configuration] *********************
skipping: [mash.met.surf]
skipping: [mash.met.surf-infisical-deps]
skipping: [mash.met.surf-authentik-deps]

TASK [galaxy/apprise : Install Apprise API] ************************************
skipping: [mash.met.surf]
skipping: [mash.met.surf-infisical-deps]
skipping: [mash.met.surf-authentik-deps]

TASK [galaxy/apprise : Uninstall Apprise API] **********************************
included: /home/user/work/mash-playbook/roles/galaxy/apprise/tasks/uninstall.yml for mash.met.surf, mash.met.surf-infisical-deps, mash.met.surf-authentik-deps

TASK [galaxy/apprise : Check existence of Apprise API systemd service] *********
ok: [mash.met.surf-infisical-deps]
ok: [mash.met.surf]
ok: [mash.met.surf-authentik-deps]

TASK [galaxy/apprise : Ensure Apprise API systemd service is stopped] **********
skipping: [mash.met.surf]
skipping: [mash.met.surf-infisical-deps]
skipping: [mash.met.surf-authentik-deps]

TASK [galaxy/apprise : Ensure Apprise API systemd service does not exist] ******
skipping: [mash.met.surf]
skipping: [mash.met.surf-infisical-deps]
skipping: [mash.met.surf-authentik-deps]

TASK [galaxy/apprise : Ensure Apprise API support files do not exist] **********
skipping: [mash.met.surf] => (item=env) 
skipping: [mash.met.surf] => (item=labels) 
skipping: [mash.met.surf]
skipping: [mash.met.surf-infisical-deps] => (item=env) 
skipping: [mash.met.surf-infisical-deps] => (item=labels) 
skipping: [mash.met.surf-infisical-deps]
skipping: [mash.met.surf-authentik-deps] => (item=env) 
skipping: [mash.met.surf-authentik-deps] => (item=labels) 
skipping: [mash.met.surf-authentik-deps]

TASK [galaxy/apprise : Ensure Apprise API image source files path does not exist] ***
skipping: [mash.met.surf]
skipping: [mash.met.surf-infisical-deps]
skipping: [mash.met.surf-authentik-deps]

TASK [galaxy/apprise : Ensure Apprise API local data path does not exist if empty] ***
skipping: [mash.met.surf]
skipping: [mash.met.surf-infisical-deps]
skipping: [mash.met.surf-authentik-deps]

TASK [galaxy/apprise : Ensure Apprise API base path does not exist if empty] ***
skipping: [mash.met.surf]
skipping: [mash.met.surf-infisical-deps]
skipping: [mash.met.surf-authentik-deps]

TASK [galaxy/apprise : Ensure Apprise API container network does not exist via community.docker.docker_network] ***
skipping: [mash.met.surf]
skipping: [mash.met.surf-infisical-deps]
skipping: [mash.met.surf-authentik-deps]

TASK [galaxy/apprise : Ensure Apprise API container network does not exist via ansible.builtin.command] ***
skipping: [mash.met.surf]
skipping: [mash.met.surf-infisical-deps]
skipping: [mash.met.surf-authentik-deps]

TASK [galaxy/apprise : Check existence of Apprise API local data path] *********
ok: [mash.met.surf]
ok: [mash.met.surf-authentik-deps]
ok: [mash.met.surf-infisical-deps]

TASK [galaxy/apprise : Notify if Apprise API local data remains] ***************
skipping: [mash.met.surf]
skipping: [mash.met.surf-infisical-deps]
skipping: [mash.met.surf-authentik-deps]

TASK [galaxy/appsmith : Validate Appsmith configuration] ***********************
skipping: [mash.met.surf]
skipping: [mash.met.surf-infisical-deps]
skipping: [mash.met.surf-authentik-deps]

TASK [galaxy/appsmith : Install Appsmith] **************************************
skipping: [mash.met.surf]
skipping: [mash.met.surf-infisical-deps]
skipping: [mash.met.surf-authentik-deps]

TASK [galaxy/appsmith : Uninstall Appsmith] ************************************
included: /home/user/work/mash-playbook/roles/galaxy/appsmith/tasks/uninstall.yml for mash.met.surf, mash.met.surf-infisical-deps, mash.met.surf-authentik-deps

TASK [galaxy/appsmith : Check existence of Appsmith systemd service] ***********
ok: [mash.met.surf]
ok: [mash.met.surf-infisical-deps]
ok: [mash.met.surf-authentik-deps]

TASK [galaxy/appsmith : Ensure Appsmith systemd service is stopped] ************
skipping: [mash.met.surf]
skipping: [mash.met.surf-infisical-deps]
skipping: [mash.met.surf-authentik-deps]

TASK [galaxy/appsmith : Ensure Appsmith systemd service does not exist] ********
skipping: [mash.met.surf]
skipping: [mash.met.surf-infisical-deps]
skipping: [mash.met.surf-authentik-deps]

TASK [galaxy/appsmith : Ensure Appsmith container network does not exist via community.docker.docker_network] ***
skipping: [mash.met.surf]
skipping: [mash.met.surf-infisical-deps]
skipping: [mash.met.surf-authentik-deps]

TASK [galaxy/appsmith : Ensure Appsmith container network does not exist via ansible.builtin.command] ***
skipping: [mash.met.surf]
skipping: [mash.met.surf-infisical-deps]
skipping: [mash.met.surf-authentik-deps]

TASK [galaxy/appsmith : Ensure Appsmith path does not exist] *******************
skipping: [mash.met.surf]
skipping: [mash.met.surf-infisical-deps]
skipping: [mash.met.surf-authentik-deps]

TASK [galaxy/asciinema_server : Validate asciinema server configuration] *******
skipping: [mash.met.surf]
skipping: [mash.met.surf-infisical-deps]
skipping: [mash.met.surf-authentik-deps]

TASK [galaxy/asciinema_server : Install asciinema server] **********************
skipping: [mash.met.surf]
skipping: [mash.met.surf-infisical-deps]
skipping: [mash.met.surf-authentik-deps]

TASK [galaxy/asciinema_server : Uninstall asciinema server] ********************
included: /home/user/work/mash-playbook/roles/galaxy/asciinema_server/tasks/uninstall.yml for mash.met.surf, mash.met.surf-infisical-deps, mash.met.surf-authentik-deps

TASK [galaxy/asciinema_server : Check existence of asciinema server systemd service] ***
ok: [mash.met.surf-infisical-deps]
ok: [mash.met.surf-authentik-deps]
ok: [mash.met.surf]

TASK [galaxy/asciinema_server : Ensure asciinema server systemd service is stopped] ***
skipping: [mash.met.surf]
skipping: [mash.met.surf-infisical-deps]
skipping: [mash.met.surf-authentik-deps]

TASK [galaxy/asciinema_server : Ensure asciinema server systemd service does not exist] ***
skipping: [mash.met.surf]
skipping: [mash.met.surf-infisical-deps]
skipping: [mash.met.surf-authentik-deps]

TASK [galaxy/asciinema_server : Ensure asciinema server support files do not exist] ***
skipping: [mash.met.surf] => (item=env) 
skipping: [mash.met.surf] => (item=labels) 
skipping: [mash.met.surf]
skipping: [mash.met.surf-infisical-deps] => (item=env) 
skipping: [mash.met.surf-infisical-deps] => (item=labels) 
skipping: [mash.met.surf-infisical-deps]
skipping: [mash.met.surf-authentik-deps] => (item=env) 
skipping: [mash.met.surf-authentik-deps] => (item=labels) 
skipping: [mash.met.surf-authentik-deps]

TASK [galaxy/asciinema_server : Ensure asciinema server image source files path does not exist] ***
skipping: [mash.met.surf]
skipping: [mash.met.surf-infisical-deps]
skipping: [mash.met.surf-authentik-deps]

TASK [galaxy/asciinema_server : Ensure asciinema server local data path does not exist if empty] ***
skipping: [mash.met.surf]
skipping: [mash.met.surf-infisical-deps]
skipping: [mash.met.surf-authentik-deps]

TASK [galaxy/asciinema_server : Ensure asciinema server base path does not exist if empty] ***
skipping: [mash.met.surf]
skipping: [mash.met.surf-infisical-deps]
skipping: [mash.met.surf-authentik-deps]

TASK [galaxy/asciinema_server : Ensure asciinema server container network does not exist via community.docker.docker_network] ***
skipping: [mash.met.surf]
skipping: [mash.met.surf-infisical-deps]
skipping: [mash.met.surf-authentik-deps]

TASK [galaxy/asciinema_server : Ensure asciinema server container network does not exist via ansible.builtin.command] ***
skipping: [mash.met.surf]
skipping: [mash.met.surf-infisical-deps]
skipping: [mash.met.surf-authentik-deps]

TASK [galaxy/asciinema_server : Check existence of asciinema server local data path] ***
ok: [mash.met.surf-infisical-deps]
ok: [mash.met.surf-authentik-deps]
ok: [mash.met.surf]

TASK [galaxy/asciinema_server : Notify if asciinema server local data remains] ***
skipping: [mash.met.surf]
skipping: [mash.met.surf-infisical-deps]
skipping: [mash.met.surf-authentik-deps]

TASK [galaxy/atuin : Validate Atuin configuration] *****************************
skipping: [mash.met.surf-infisical-deps]
skipping: [mash.met.surf-authentik-deps]
included: /home/user/work/mash-playbook/roles/galaxy/atuin/tasks/validate_config.yml for mash.met.surf

TASK [galaxy/atuin : Fail if required Atuin settings not defined] **************
skipping: [mash.met.surf] => (item=atuin_uid) 
skipping: [mash.met.surf] => (item=atuin_gid) 
skipping: [mash.met.surf] => (item=atuin_hostname) 
skipping: [mash.met.surf] => (item=atuin_path_prefix) 
skipping: [mash.met.surf] => (item=atuin_container_network) 
skipping: [mash.met.surf] => (item=atuin_database_type) 
skipping: [mash.met.surf]

TASK [galaxy/atuin : Fail if Atuin database type is invalid] *******************
skipping: [mash.met.surf]

TASK [galaxy/atuin : Fail if required Atuin + Postgres integration settings not defined] ***
skipping: [mash.met.surf] => (item=atuin_database_hostname) 
skipping: [mash.met.surf] => (item=atuin_database_password) 
skipping: [mash.met.surf]

TASK [galaxy/atuin : Fail if Traefik settings required for Atuin are not defined] ***
skipping: [mash.met.surf] => (item=atuin_container_labels_traefik_hostname) 
skipping: [mash.met.surf] => (item=atuin_container_labels_traefik_path_prefix) 
skipping: [mash.met.surf]

TASK [galaxy/atuin : Fail if atuin_container_labels_traefik_path_prefix is different than /] ***
skipping: [mash.met.surf]

TASK [galaxy/atuin : Fail if atuin_container_labels_traefik_path_prefix ends with a slash] ***
skipping: [mash.met.surf]

TASK [galaxy/atuin : Install Atuin] ********************************************
skipping: [mash.met.surf-infisical-deps]
skipping: [mash.met.surf-authentik-deps]
included: /home/user/work/mash-playbook/roles/galaxy/atuin/tasks/install.yml for mash.met.surf

TASK [galaxy/atuin : Ensure Atuin paths exist] *********************************
ok: [mash.met.surf] => (item=/mash/atuin)
ok: [mash.met.surf] => (item=/mash/atuin/config)

TASK [galaxy/atuin : Ensure Atuin support files installed] *********************
ok: [mash.met.surf] => (item=env)
ok: [mash.met.surf] => (item=labels)

TASK [galaxy/atuin : Ensure Atuin container image is pulled via community.docker.docker_image] ***
ok: [mash.met.surf]

TASK [galaxy/atuin : Ensure Atuin container image is pulled via ansible.builtin.command] ***
skipping: [mash.met.surf]

TASK [galaxy/atuin : Ensure Atuin repository is present on self-build] *********
skipping: [mash.met.surf]

TASK [galaxy/atuin : Ensure Atuin container image is built] ********************
skipping: [mash.met.surf]

TASK [galaxy/atuin : Ensure Atuin container network is created via community.docker.docker_network] ***
ok: [mash.met.surf]

TASK [galaxy/atuin : Ensure Atuin container network is created via ansible.builtin.command] ***
skipping: [mash.met.surf]

TASK [galaxy/atuin : Ensure Atuin systemd service is present] ******************
ok: [mash.met.surf]

TASK [galaxy/atuin : Uninstall Atuin] ******************************************
skipping: [mash.met.surf]
included: /home/user/work/mash-playbook/roles/galaxy/atuin/tasks/uninstall.yml for mash.met.surf-infisical-deps, mash.met.surf-authentik-deps

TASK [galaxy/atuin : Check existence of Atuin systemd service] *****************
ok: [mash.met.surf-infisical-deps]
ok: [mash.met.surf-authentik-deps]

TASK [galaxy/atuin : Ensure Atuin systemd service is stopped] ******************
skipping: [mash.met.surf-infisical-deps]
skipping: [mash.met.surf-authentik-deps]

TASK [galaxy/atuin : Ensure Atuin systemd service does not exist] **************
skipping: [mash.met.surf-infisical-deps]
skipping: [mash.met.surf-authentik-deps]

TASK [galaxy/atuin : Ensure Atuin support files do not exist] ******************
skipping: [mash.met.surf-infisical-deps] => (item=env) 
skipping: [mash.met.surf-infisical-deps] => (item=labels) 
skipping: [mash.met.surf-infisical-deps]
skipping: [mash.met.surf-authentik-deps] => (item=env) 
skipping: [mash.met.surf-authentik-deps] => (item=labels) 
skipping: [mash.met.surf-authentik-deps]

TASK [galaxy/atuin : Ensure Atuin image source files path does not exist] ******
skipping: [mash.met.surf-infisical-deps]
skipping: [mash.met.surf-authentik-deps]

TASK [galaxy/atuin : Ensure Atuin local data path does not exist if empty] *****
skipping: [mash.met.surf-infisical-deps]
skipping: [mash.met.surf-authentik-deps]

TASK [galaxy/atuin : Ensure Atuin base path does not exist if empty] ***********
skipping: [mash.met.surf-infisical-deps]
skipping: [mash.met.surf-authentik-deps]

TASK [galaxy/atuin : Ensure Atuin container network does not exist via community.docker.docker_network] ***
skipping: [mash.met.surf-infisical-deps]
skipping: [mash.met.surf-authentik-deps]

TASK [galaxy/atuin : Ensure Atuin container network does not exist via ansible.builtin.command] ***
skipping: [mash.met.surf-infisical-deps]
skipping: [mash.met.surf-authentik-deps]

TASK [galaxy/atuin : Check existence of Atuin local data path] *****************
ok: [mash.met.surf-authentik-deps]
ok: [mash.met.surf-infisical-deps]

TASK [galaxy/atuin : Notify if Atuin local data remains] ***********************
skipping: [mash.met.surf-infisical-deps]
skipping: [mash.met.surf-authentik-deps]

TASK [galaxy/audiobookshelf : Validate audiobookshelf configuration] ***********
skipping: [mash.met.surf-infisical-deps]
skipping: [mash.met.surf-authentik-deps]
included: /home/user/work/mash-playbook/roles/galaxy/audiobookshelf/tasks/validate_config.yml for mash.met.surf

TASK [galaxy/audiobookshelf : Fail if required audiobookshelf settings not defined] ***
skipping: [mash.met.surf] => (item=audiobookshelf_uid) 
skipping: [mash.met.surf] => (item=audiobookshelf_gid) 
skipping: [mash.met.surf] => (item=audiobookshelf_hostname) 
skipping: [mash.met.surf] => (item=audiobookshelf_path_prefix) 
skipping: [mash.met.surf] => (item=audiobookshelf_container_network) 
skipping: [mash.met.surf]

TASK [galaxy/audiobookshelf : Fail if Traefik settings required for audiobookshelf are not defined] ***
skipping: [mash.met.surf] => (item=audiobookshelf_container_labels_traefik_hostname) 
skipping: [mash.met.surf] => (item=audiobookshelf_container_labels_traefik_path_prefix) 
skipping: [mash.met.surf]

TASK [galaxy/audiobookshelf : Fail if audiobookshelf_container_labels_traefik_path_prefix is different than /] ***
skipping: [mash.met.surf]

TASK [galaxy/audiobookshelf : Fail if audiobookshelf_container_labels_traefik_path_prefix ends with a slash] ***
skipping: [mash.met.surf]

TASK [galaxy/audiobookshelf : Install audiobookshelf] **************************
skipping: [mash.met.surf-infisical-deps]
skipping: [mash.met.surf-authentik-deps]
included: /home/user/work/mash-playbook/roles/galaxy/audiobookshelf/tasks/install.yml for mash.met.surf

TASK [galaxy/audiobookshelf : Ensure audiobookshelf paths exist] ***************
ok: [mash.met.surf] => (item=/mash/audiobookshelf)
ok: [mash.met.surf] => (item=/mash/audiobookshelf/data)
ok: [mash.met.surf] => (item=/mash/audiobookshelf/data/audiobooks)
ok: [mash.met.surf] => (item=/mash/audiobookshelf/data/config)
ok: [mash.met.surf] => (item=/mash/audiobookshelf/data/metadata)
ok: [mash.met.surf] => (item=/mash/audiobookshelf/data/podcasts)

TASK [galaxy/audiobookshelf : Ensure audiobookshelf support files installed] ***
ok: [mash.met.surf] => (item=env)
ok: [mash.met.surf] => (item=labels)

TASK [galaxy/audiobookshelf : Ensure audiobookshelf container image is pulled via community.docker.docker_image] ***
ok: [mash.met.surf]

TASK [galaxy/audiobookshelf : Ensure audiobookshelf container image is pulled via ansible.builtin.command] ***
skipping: [mash.met.surf]

TASK [galaxy/audiobookshelf : Ensure audiobookshelf repository is present on self-build] ***
skipping: [mash.met.surf]

TASK [galaxy/audiobookshelf : Ensure audiobookshelf container image is built] ***
skipping: [mash.met.surf]

TASK [galaxy/audiobookshelf : Ensure audiobookshelf container network is created via community.docker.docker_network] ***
ok: [mash.met.surf]

TASK [galaxy/audiobookshelf : Ensure audiobookshelf container network is created via ansible.builtin.command] ***
skipping: [mash.met.surf]

TASK [galaxy/audiobookshelf : Ensure audiobookshelf systemd service is present] ***
ok: [mash.met.surf]

TASK [galaxy/audiobookshelf : Uninstall audiobookshelf] ************************
skipping: [mash.met.surf]
included: /home/user/work/mash-playbook/roles/galaxy/audiobookshelf/tasks/uninstall.yml for mash.met.surf-infisical-deps, mash.met.surf-authentik-deps

TASK [galaxy/audiobookshelf : Check existence of audiobookshelf systemd service] ***
ok: [mash.met.surf-infisical-deps]
ok: [mash.met.surf-authentik-deps]

TASK [galaxy/audiobookshelf : Ensure audiobookshelf systemd service is stopped] ***
skipping: [mash.met.surf-infisical-deps]
skipping: [mash.met.surf-authentik-deps]

TASK [galaxy/audiobookshelf : Ensure audiobookshelf systemd service does not exist] ***
skipping: [mash.met.surf-infisical-deps]
skipping: [mash.met.surf-authentik-deps]

TASK [galaxy/audiobookshelf : Ensure audiobookshelf support files do not exist] ***
skipping: [mash.met.surf-infisical-deps] => (item=env) 
skipping: [mash.met.surf-infisical-deps] => (item=labels) 
skipping: [mash.met.surf-infisical-deps]
skipping: [mash.met.surf-authentik-deps] => (item=env) 
skipping: [mash.met.surf-authentik-deps] => (item=labels) 
skipping: [mash.met.surf-authentik-deps]

TASK [galaxy/audiobookshelf : Ensure audiobookshelf image source files path does not exist] ***
skipping: [mash.met.surf-infisical-deps]
skipping: [mash.met.surf-authentik-deps]

TASK [galaxy/audiobookshelf : Ensure audiobookshelf local data path does not exist if empty] ***
skipping: [mash.met.surf-infisical-deps]
skipping: [mash.met.surf-authentik-deps]

TASK [galaxy/audiobookshelf : Ensure audiobookshelf base path does not exist if empty] ***
skipping: [mash.met.surf-infisical-deps]
skipping: [mash.met.surf-authentik-deps]

TASK [galaxy/audiobookshelf : Ensure audiobookshelf container network does not exist via community.docker.docker_network] ***
skipping: [mash.met.surf-infisical-deps]
skipping: [mash.met.surf-authentik-deps]

TASK [galaxy/audiobookshelf : Ensure audiobookshelf container network does not exist via ansible.builtin.command] ***
skipping: [mash.met.surf-infisical-deps]
skipping: [mash.met.surf-authentik-deps]

TASK [galaxy/audiobookshelf : Check existence of audiobookshelf local data path] ***
ok: [mash.met.surf-infisical-deps]
ok: [mash.met.surf-authentik-deps]

TASK [galaxy/audiobookshelf : Notify if audiobookshelf local data remains] *****
skipping: [mash.met.surf-infisical-deps]
skipping: [mash.met.surf-authentik-deps]

TASK [galaxy/authelia : Validate Authelia configuration] ***********************
skipping: [mash.met.surf]
skipping: [mash.met.surf-infisical-deps]
skipping: [mash.met.surf-authentik-deps]

TASK [galaxy/authelia : Install Authelia] **************************************
skipping: [mash.met.surf]
skipping: [mash.met.surf-infisical-deps]
skipping: [mash.met.surf-authentik-deps]

TASK [galaxy/authelia : Uninstall Authelia] ************************************
included: /home/user/work/mash-playbook/roles/galaxy/authelia/tasks/uninstall.yml for mash.met.surf, mash.met.surf-infisical-deps, mash.met.surf-authentik-deps

TASK [galaxy/authelia : Check existence of Authelia systemd service] ***********
ok: [mash.met.surf]
ok: [mash.met.surf-infisical-deps]
ok: [mash.met.surf-authentik-deps]

TASK [galaxy/authelia : Ensure Authelia systemd service is stopped] ************
skipping: [mash.met.surf]
skipping: [mash.met.surf-infisical-deps]
skipping: [mash.met.surf-authentik-deps]

TASK [galaxy/authelia : Ensure Authelia systemd service does not exist] ********
skipping: [mash.met.surf]
skipping: [mash.met.surf-infisical-deps]
skipping: [mash.met.surf-authentik-deps]

TASK [galaxy/authelia : Ensure Authelia container network does not exist via community.docker.docker_network] ***
skipping: [mash.met.surf]
skipping: [mash.met.surf-infisical-deps]
skipping: [mash.met.surf-authentik-deps]

TASK [galaxy/authelia : Ensure Authelia container network does not exist via ansible.builtin.command] ***
skipping: [mash.met.surf]
skipping: [mash.met.surf-infisical-deps]
skipping: [mash.met.surf-authentik-deps]

TASK [galaxy/authelia : Ensure Authelia path does not exist] *******************
skipping: [mash.met.surf]
skipping: [mash.met.surf-infisical-deps]
skipping: [mash.met.surf-authentik-deps]

TASK [galaxy/authentik : Validate authentik configuration] *********************
skipping: [mash.met.surf-infisical-deps]
skipping: [mash.met.surf-authentik-deps]
included: /home/user/work/mash-playbook/roles/galaxy/authentik/tasks/validate_config.yml for mash.met.surf

TASK [galaxy/authentik : (Deprecation) Catch and report renamed settings] ******
skipping: [mash.met.surf] => (item={'old': 'authentik_config_redis_hostname', 'new': 'authentik_redis_hostname'}) 
skipping: [mash.met.surf] => (item={'old': 'authentik_config_redis_port', 'new': 'authentik_redis_port'}) 
skipping: [mash.met.surf] => (item={'old': 'authentik_config_redis_database', 'new': 'authentik_redis_database'}) 
skipping: [mash.met.surf] => (item={'old': 'authentik_config_redis_url', 'new': 'authentik_redis_url'}) 
skipping: [mash.met.surf] => (item={'old': 'authentik_env_path', 'new': '<Removed>'}) 
skipping: [mash.met.surf] => (item={'old': 'authentik_environment_variables_extension', 'new': 'authentik_environment_variables_additional_variables'}) 
skipping: [mash.met.surf] => (item={'old': 'authentik_server_container_additional_networks_custom', 'new': 'authentik_container_additional_networks_custom'}) 
skipping: [mash.met.surf] => (item={'old': 'authentik_server_http_header_content_permission_policy', 'new': 'authentik_server_http_header_permissions_policy'}) 
skipping: [mash.met.surf]

TASK [galaxy/authentik : Fail if required authentik settings not defined] ******
skipping: [mash.met.surf] => (item=authentik_hostname) 
skipping: [mash.met.surf] => (item=authentik_database_hostname) 
skipping: [mash.met.surf] => (item=authentik_database_username) 
skipping: [mash.met.surf] => (item=authentik_database_password) 
skipping: [mash.met.surf] => (item=authentik_secret_key) 
skipping: [mash.met.surf] => (item=authentik_redis_hostname) 
skipping: [mash.met.surf]

TASK [galaxy/authentik : Fail if SMTP settings are missing (and SMTP is enabled by setting host)] ***
skipping: [mash.met.surf] => (item=authentik_email_username) 
skipping: [mash.met.surf] => (item=authentik_email_password) 
skipping: [mash.met.surf] => (item=authentik_email_port) 
skipping: [mash.met.surf]

TASK [galaxy/authentik : Fail if Traefik settings required for authentik are not defined] ***
skipping: [mash.met.surf] => (item=authentik_container_labels_traefik_hostname) 
skipping: [mash.met.surf] => (item=authentik_container_labels_traefik_path_prefix) 
skipping: [mash.met.surf]

TASK [galaxy/authentik : Fail if authentik_container_labels_traefik_path_prefix ends with a slash] ***
skipping: [mash.met.surf]

TASK [galaxy/authentik : Install authentik] ************************************
skipping: [mash.met.surf-infisical-deps]
skipping: [mash.met.surf-authentik-deps]
included: /home/user/work/mash-playbook/roles/galaxy/authentik/tasks/install.yml for mash.met.surf

TASK [galaxy/authentik : Ensure authentik paths exist] *************************
ok: [mash.met.surf] => (item=/mash/authentik)
ok: [mash.met.surf] => (item=/mash/authentik/certs)
ok: [mash.met.surf] => (item=/mash/authentik/custom-templates)
ok: [mash.met.surf] => (item=/mash/authentik/media)

TASK [galaxy/authentik : Ensure authentik support files installed] *************
ok: [mash.met.surf] => (item=env)
ok: [mash.met.surf] => (item=labels)

TASK [galaxy/authentik : Ensure authentik container image is pulled via community.docker.docker_image] ***
ok: [mash.met.surf]

TASK [galaxy/authentik : Ensure authentik container image is pulled via ansible.builtin.command] ***
skipping: [mash.met.surf]

TASK [galaxy/authentik : Ensure authentik container network is created via community.docker.docker_network] ***
ok: [mash.met.surf]

TASK [galaxy/authentik : Ensure authentik container network is created via ansible.builtin.command] ***
skipping: [mash.met.surf]

TASK [galaxy/authentik : Ensure authentik systemd service is present] **********
ok: [mash.met.surf] => (item={'src': '/home/user/work/mash-playbook/roles/galaxy/authentik/templates/systemd/authentik-server.service.j2', 'dest': '/etc/systemd/system/mash-authentik-server.service'})
ok: [mash.met.surf] => (item={'src': '/home/user/work/mash-playbook/roles/galaxy/authentik/templates/systemd/authentik-worker.service.j2', 'dest': '/etc/systemd/system/mash-authentik-worker.service'})

TASK [galaxy/authentik : Uninstall authentik] **********************************
skipping: [mash.met.surf]
included: /home/user/work/mash-playbook/roles/galaxy/authentik/tasks/uninstall.yml for mash.met.surf-infisical-deps, mash.met.surf-authentik-deps

TASK [galaxy/authentik : Ensure authentik systemd services are stopped and removed] ***
included: /home/user/work/mash-playbook/roles/galaxy/authentik/tasks/remove_service.yml for mash.met.surf-infisical-deps => (item={'service': 'mash-infisical-authentik-worker.service', 'path': '/etc/systemd/system/mash-infisical-authentik-worker.service'})
included: /home/user/work/mash-playbook/roles/galaxy/authentik/tasks/remove_service.yml for mash.met.surf-infisical-deps => (item={'service': 'mash-infisical-authentik-server.service', 'path': '/etc/systemd/system/mash-infisical-authentik-server.service'})
included: /home/user/work/mash-playbook/roles/galaxy/authentik/tasks/remove_service.yml for mash.met.surf-authentik-deps => (item={'service': 'mash-authentik-authentik-worker.service', 'path': '/etc/systemd/system/mash-authentik-authentik-worker.service'})
included: /home/user/work/mash-playbook/roles/galaxy/authentik/tasks/remove_service.yml for mash.met.surf-authentik-deps => (item={'service': 'mash-authentik-authentik-server.service', 'path': '/etc/systemd/system/mash-authentik-authentik-server.service'})

TASK [galaxy/authentik : Check existence of authentik systemd service] *********
ok: [mash.met.surf-infisical-deps]

TASK [galaxy/authentik : Ensure authentik systemd service is stopped] **********
skipping: [mash.met.surf-infisical-deps]

TASK [galaxy/authentik : Ensure authentik path does not exist] *****************
skipping: [mash.met.surf-infisical-deps]

TASK [galaxy/authentik : Check existence of authentik systemd service] *********
ok: [mash.met.surf-infisical-deps]

TASK [galaxy/authentik : Ensure authentik systemd service is stopped] **********
skipping: [mash.met.surf-infisical-deps]

TASK [galaxy/authentik : Ensure authentik path does not exist] *****************
skipping: [mash.met.surf-infisical-deps]

TASK [galaxy/authentik : Check existence of authentik systemd service] *********
ok: [mash.met.surf-authentik-deps]

TASK [galaxy/authentik : Ensure authentik systemd service is stopped] **********
skipping: [mash.met.surf-authentik-deps]

TASK [galaxy/authentik : Ensure authentik path does not exist] *****************
skipping: [mash.met.surf-authentik-deps]

TASK [galaxy/authentik : Check existence of authentik systemd service] *********
ok: [mash.met.surf-authentik-deps]

TASK [galaxy/authentik : Ensure authentik systemd service is stopped] **********
skipping: [mash.met.surf-authentik-deps]

TASK [galaxy/authentik : Ensure authentik path does not exist] *****************
skipping: [mash.met.surf-authentik-deps]

TASK [galaxy/authentik : Ensure authentik container network does not exist via community.docker.docker_network] ***
ok: [mash.met.surf-infisical-deps]
ok: [mash.met.surf-authentik-deps]

TASK [galaxy/authentik : Ensure authentik container network does not exist via ansible.builtin.command] ***
skipping: [mash.met.surf-infisical-deps]
skipping: [mash.met.surf-authentik-deps]

TASK [galaxy/authentik : Ensure authentik path does not exist] *****************
ok: [mash.met.surf-infisical-deps]
ok: [mash.met.surf-authentik-deps]

TASK [galaxy/autobrr : Validate Autobrr configuration] *************************
skipping: [mash.met.surf]
skipping: [mash.met.surf-infisical-deps]
skipping: [mash.met.surf-authentik-deps]

TASK [galaxy/autobrr : Install Autobrr] ****************************************
skipping: [mash.met.surf]
skipping: [mash.met.surf-infisical-deps]
skipping: [mash.met.surf-authentik-deps]

TASK [galaxy/autobrr : Uninstall Autobrr] **************************************
included: /home/user/work/mash-playbook/roles/galaxy/autobrr/tasks/uninstall.yml for mash.met.surf, mash.met.surf-infisical-deps, mash.met.surf-authentik-deps

TASK [galaxy/autobrr : Check existence of Autobrr systemd service] *************
ok: [mash.met.surf]
ok: [mash.met.surf-authentik-deps]
ok: [mash.met.surf-infisical-deps]

TASK [galaxy/autobrr : Ensure Autobrr systemd service is stopped] **************
skipping: [mash.met.surf]
skipping: [mash.met.surf-infisical-deps]
skipping: [mash.met.surf-authentik-deps]

TASK [galaxy/autobrr : Ensure Autobrr systemd service does not exist] **********
skipping: [mash.met.surf]
skipping: [mash.met.surf-infisical-deps]
skipping: [mash.met.surf-authentik-deps]

TASK [galaxy/autobrr : Ensure Autobrr path does not exist] *********************
skipping: [mash.met.surf]
skipping: [mash.met.surf-infisical-deps]
skipping: [mash.met.surf-authentik-deps]

TASK [galaxy/backup_borg : Validate BorgBackup configuration] ******************
skipping: [mash.met.surf]
skipping: [mash.met.surf-infisical-deps]
skipping: [mash.met.surf-authentik-deps]

TASK [galaxy/backup_borg : Install BorgBackup] *********************************
skipping: [mash.met.surf]
skipping: [mash.met.surf-infisical-deps]
skipping: [mash.met.surf-authentik-deps]

TASK [galaxy/backup_borg : Uninstall BorgBackup] *******************************
included: /home/user/work/mash-playbook/roles/galaxy/backup_borg/tasks/uninstall.yml for mash.met.surf, mash.met.surf-infisical-deps, mash.met.surf-authentik-deps

TASK [galaxy/backup_borg : Check existence of BorgBackup systemd service] ******
ok: [mash.met.surf-authentik-deps]
ok: [mash.met.surf]
ok: [mash.met.surf-infisical-deps]

TASK [galaxy/backup_borg : Ensure BorgBackup systemd service is stopped] *******
skipping: [mash.met.surf]
skipping: [mash.met.surf-infisical-deps]
skipping: [mash.met.surf-authentik-deps]

TASK [galaxy/backup_borg : Ensure BorgBackup systemd service does not exist] ***
skipping: [mash.met.surf]
skipping: [mash.met.surf-infisical-deps]
skipping: [mash.met.surf-authentik-deps]

TASK [galaxy/backup_borg : Ensure BorgBackup timer does not exist] *************
skipping: [mash.met.surf]
skipping: [mash.met.surf-infisical-deps]
skipping: [mash.met.surf-authentik-deps]

TASK [galaxy/backup_borg : Ensure BorgBackup container network does not exist via community.docker.docker_network] ***
skipping: [mash.met.surf]
skipping: [mash.met.surf-infisical-deps]
skipping: [mash.met.surf-authentik-deps]

TASK [galaxy/backup_borg : Ensure BorgBackup container network does not exist via ansible.builtin.command] ***
skipping: [mash.met.surf]
skipping: [mash.met.surf-infisical-deps]
skipping: [mash.met.surf-authentik-deps]

TASK [galaxy/backup_borg : Ensure BorgBackup path does not exist] **************
skipping: [mash.met.surf]
skipping: [mash.met.surf-infisical-deps]
skipping: [mash.met.surf-authentik-deps]

TASK [galaxy/barassistant : Validate Bar Assistant configuration] **************
skipping: [mash.met.surf]
skipping: [mash.met.surf-infisical-deps]
skipping: [mash.met.surf-authentik-deps]

TASK [galaxy/barassistant : Install Bar Assistant] *****************************
skipping: [mash.met.surf]
skipping: [mash.met.surf-infisical-deps]
skipping: [mash.met.surf-authentik-deps]

TASK [galaxy/barassistant : Uninstall Bar Assistant] ***************************
included: /home/user/work/mash-playbook/roles/galaxy/barassistant/tasks/uninstall.yml for mash.met.surf, mash.met.surf-infisical-deps, mash.met.surf-authentik-deps

TASK [galaxy/barassistant : Ensure Bar Assistant systemd services are stopped and removed] ***
included: /home/user/work/mash-playbook/roles/galaxy/barassistant/tasks/remove_service.yml for mash.met.surf => (item={'service': 'mash-barassistant-saltrim.service', 'path': '/etc/systemd/system/mash-barassistant-saltrim.service'})
included: /home/user/work/mash-playbook/roles/galaxy/barassistant/tasks/remove_service.yml for mash.met.surf => (item={'service': 'mash-barassistant-server.service', 'path': '/etc/systemd/system/mash-barassistant-server.service'})
included: /home/user/work/mash-playbook/roles/galaxy/barassistant/tasks/remove_service.yml for mash.met.surf-infisical-deps => (item={'service': 'mash-infisical-barassistant-saltrim.service', 'path': '/etc/systemd/system/mash-infisical-barassistant-saltrim.service'})
included: /home/user/work/mash-playbook/roles/galaxy/barassistant/tasks/remove_service.yml for mash.met.surf-infisical-deps => (item={'service': 'mash-infisical-barassistant-server.service', 'path': '/etc/systemd/system/mash-infisical-barassistant-server.service'})
included: /home/user/work/mash-playbook/roles/galaxy/barassistant/tasks/remove_service.yml for mash.met.surf-authentik-deps => (item={'service': 'mash-authentik-barassistant-saltrim.service', 'path': '/etc/systemd/system/mash-authentik-barassistant-saltrim.service'})
included: /home/user/work/mash-playbook/roles/galaxy/barassistant/tasks/remove_service.yml for mash.met.surf-authentik-deps => (item={'service': 'mash-authentik-barassistant-server.service', 'path': '/etc/systemd/system/mash-authentik-barassistant-server.service'})

TASK [galaxy/barassistant : Check existence of Bar Assistant systemd service] ***
ok: [mash.met.surf]

TASK [galaxy/barassistant : Ensure Bar Assistant systemd service is stopped] ***
skipping: [mash.met.surf]

TASK [galaxy/barassistant : Ensure Bar Assistant service does not exist] *******
skipping: [mash.met.surf]

TASK [galaxy/barassistant : Check existence of Bar Assistant systemd service] ***
ok: [mash.met.surf]

TASK [galaxy/barassistant : Ensure Bar Assistant systemd service is stopped] ***
skipping: [mash.met.surf]

TASK [galaxy/barassistant : Ensure Bar Assistant service does not exist] *******
skipping: [mash.met.surf]

TASK [galaxy/barassistant : Check existence of Bar Assistant systemd service] ***
ok: [mash.met.surf-infisical-deps]

TASK [galaxy/barassistant : Ensure Bar Assistant systemd service is stopped] ***
skipping: [mash.met.surf-infisical-deps]

TASK [galaxy/barassistant : Ensure Bar Assistant service does not exist] *******
skipping: [mash.met.surf-infisical-deps]

TASK [galaxy/barassistant : Check existence of Bar Assistant systemd service] ***
ok: [mash.met.surf-infisical-deps]

TASK [galaxy/barassistant : Ensure Bar Assistant systemd service is stopped] ***
skipping: [mash.met.surf-infisical-deps]

TASK [galaxy/barassistant : Ensure Bar Assistant service does not exist] *******
skipping: [mash.met.surf-infisical-deps]

TASK [galaxy/barassistant : Check existence of Bar Assistant systemd service] ***
ok: [mash.met.surf-authentik-deps]

TASK [galaxy/barassistant : Ensure Bar Assistant systemd service is stopped] ***
skipping: [mash.met.surf-authentik-deps]

TASK [galaxy/barassistant : Ensure Bar Assistant service does not exist] *******
skipping: [mash.met.surf-authentik-deps]

TASK [galaxy/barassistant : Check existence of Bar Assistant systemd service] ***
ok: [mash.met.surf-authentik-deps]

TASK [galaxy/barassistant : Ensure Bar Assistant systemd service is stopped] ***
skipping: [mash.met.surf-authentik-deps]

TASK [galaxy/barassistant : Ensure Bar Assistant service does not exist] *******
skipping: [mash.met.surf-authentik-deps]

TASK [galaxy/barassistant : Ensure Bar Assistant container network does not exist via community.docker.docker_network] ***
ok: [mash.met.surf]
ok: [mash.met.surf-authentik-deps]
ok: [mash.met.surf-infisical-deps]

TASK [galaxy/barassistant : Ensure Bar Assistant container network does not exist via ansible.builtin.command] ***
skipping: [mash.met.surf]
skipping: [mash.met.surf-infisical-deps]
skipping: [mash.met.surf-authentik-deps]

TASK [galaxy/barassistant : Ensure Bar Assistant server support files do not exist] ***
ok: [mash.met.surf] => (item=env)
ok: [mash.met.surf-authentik-deps] => (item=env)
ok: [mash.met.surf-infisical-deps] => (item=env)
ok: [mash.met.surf-authentik-deps] => (item=labels)
ok: [mash.met.surf-infisical-deps] => (item=labels)
ok: [mash.met.surf] => (item=labels)

TASK [galaxy/barassistant : Ensure Bar Assistant server local data path does not exist if empty] ***
ok: [mash.met.surf]
ok: [mash.met.surf-infisical-deps]
ok: [mash.met.surf-authentik-deps]

TASK [galaxy/barassistant : Ensure Bar Assistant server base path does not exist if empty] ***
ok: [mash.met.surf-infisical-deps]
ok: [mash.met.surf]
ok: [mash.met.surf-authentik-deps]

TASK [galaxy/barassistant : Check existence of Bar Assistant server local data path] ***
ok: [mash.met.surf-infisical-deps]
ok: [mash.met.surf]
ok: [mash.met.surf-authentik-deps]

TASK [galaxy/barassistant : Notify if Bar Assistant server local data remains] ***
skipping: [mash.met.surf]
skipping: [mash.met.surf-infisical-deps]
skipping: [mash.met.surf-authentik-deps]

TASK [galaxy/barassistant : Ensure Bar Assistant Salt Rim path does not exist] ***
ok: [mash.met.surf-authentik-deps]
ok: [mash.met.surf-infisical-deps]
ok: [mash.met.surf]

TASK [galaxy/browserless : Validate Browserless configuration] *****************
skipping: [mash.met.surf]
skipping: [mash.met.surf-infisical-deps]
skipping: [mash.met.surf-authentik-deps]

TASK [galaxy/browserless : Install Browserless] ********************************
skipping: [mash.met.surf]
skipping: [mash.met.surf-infisical-deps]
skipping: [mash.met.surf-authentik-deps]

TASK [galaxy/browserless : Uninstall Browserless] ******************************
included: /home/user/work/mash-playbook/roles/galaxy/browserless/tasks/uninstall.yml for mash.met.surf, mash.met.surf-infisical-deps, mash.met.surf-authentik-deps

TASK [galaxy/browserless : Check existence of Browserless systemd service] *****
ok: [mash.met.surf]
ok: [mash.met.surf-authentik-deps]
ok: [mash.met.surf-infisical-deps]

TASK [galaxy/browserless : Ensure Browserless systemd service is stopped] ******
skipping: [mash.met.surf]
skipping: [mash.met.surf-infisical-deps]
skipping: [mash.met.surf-authentik-deps]

TASK [galaxy/browserless : Ensure Browserless systemd service does not exist] ***
skipping: [mash.met.surf]
skipping: [mash.met.surf-infisical-deps]
skipping: [mash.met.surf-authentik-deps]

TASK [galaxy/browserless : Ensure Browserless container network does not exist via community.docker.docker_network] ***
skipping: [mash.met.surf]
skipping: [mash.met.surf-infisical-deps]
skipping: [mash.met.surf-authentik-deps]

TASK [galaxy/browserless : Ensure Browserless container network does not exist via ansible.builtin.command] ***
skipping: [mash.met.surf]
skipping: [mash.met.surf-infisical-deps]
skipping: [mash.met.surf-authentik-deps]

TASK [galaxy/browserless : Ensure Browserless path does not exist] *************
skipping: [mash.met.surf]
skipping: [mash.met.surf-infisical-deps]
skipping: [mash.met.surf-authentik-deps]

TASK [galaxy/calibre_web : Validate Calibre-Web configuration] *****************
skipping: [mash.met.surf]
skipping: [mash.met.surf-infisical-deps]
skipping: [mash.met.surf-authentik-deps]

TASK [galaxy/calibre_web : Install Calibre-Web] ********************************
skipping: [mash.met.surf]
skipping: [mash.met.surf-infisical-deps]
skipping: [mash.met.surf-authentik-deps]

TASK [galaxy/calibre_web : Uninstall Calibre-Web] ******************************
included: /home/user/work/mash-playbook/roles/galaxy/calibre_web/tasks/uninstall.yml for mash.met.surf, mash.met.surf-infisical-deps, mash.met.surf-authentik-deps

TASK [galaxy/calibre_web : Check existence of Calibre-Web systemd service] *****
ok: [mash.met.surf-infisical-deps]
ok: [mash.met.surf]
ok: [mash.met.surf-authentik-deps]

TASK [galaxy/calibre_web : Ensure Calibre-Web systemd service is stopped] ******
skipping: [mash.met.surf]
skipping: [mash.met.surf-infisical-deps]
skipping: [mash.met.surf-authentik-deps]

TASK [galaxy/calibre_web : Ensure Calibre-Web systemd service does not exist] ***
skipping: [mash.met.surf]
skipping: [mash.met.surf-infisical-deps]
skipping: [mash.met.surf-authentik-deps]

TASK [galaxy/calibre_web : Ensure Calibre-Web support files do not exist] ******
skipping: [mash.met.surf] => (item=env) 
skipping: [mash.met.surf] => (item=labels) 
skipping: [mash.met.surf]
skipping: [mash.met.surf-infisical-deps] => (item=env) 
skipping: [mash.met.surf-infisical-deps] => (item=labels) 
skipping: [mash.met.surf-infisical-deps]
skipping: [mash.met.surf-authentik-deps] => (item=env) 
skipping: [mash.met.surf-authentik-deps] => (item=labels) 
skipping: [mash.met.surf-authentik-deps]

TASK [galaxy/calibre_web : Ensure Calibre-Web image source files path does not exist] ***
skipping: [mash.met.surf]
skipping: [mash.met.surf-infisical-deps]
skipping: [mash.met.surf-authentik-deps]

TASK [galaxy/calibre_web : Ensure Calibre-Web container network does not exist via community.docker.docker_network] ***
skipping: [mash.met.surf]
skipping: [mash.met.surf-infisical-deps]
skipping: [mash.met.surf-authentik-deps]

TASK [galaxy/calibre_web : Ensure Calibre-Web container network does not exist via ansible.builtin.command] ***
skipping: [mash.met.surf]
skipping: [mash.met.surf-infisical-deps]
skipping: [mash.met.surf-authentik-deps]

TASK [galaxy/calibre_web : Check existence of Calibre-Web internal database and config path] ***
ok: [mash.met.surf-authentik-deps]
ok: [mash.met.surf-infisical-deps]
ok: [mash.met.surf]

TASK [galaxy/calibre_web : Notify if Calibre-Web internal database and config path remains] ***
skipping: [mash.met.surf]
skipping: [mash.met.surf-infisical-deps]
skipping: [mash.met.surf-authentik-deps]

TASK [galaxy/calibre_web : Check existence of Calibre-Web preexisting calibre database path] ***
ok: [mash.met.surf]
ok: [mash.met.surf-authentik-deps]
ok: [mash.met.surf-infisical-deps]

TASK [galaxy/calibre_web : Notify if Calibre-Web preexisting calibre database path remains] ***
skipping: [mash.met.surf]
skipping: [mash.met.surf-infisical-deps]
skipping: [mash.met.surf-authentik-deps]

TASK [galaxy/changedetection : Validate Changedetection.io configuration] ******
skipping: [mash.met.surf]
skipping: [mash.met.surf-infisical-deps]
skipping: [mash.met.surf-authentik-deps]

TASK [galaxy/changedetection : Install Changedetection.io] *********************
skipping: [mash.met.surf]
skipping: [mash.met.surf-infisical-deps]
skipping: [mash.met.surf-authentik-deps]

TASK [galaxy/changedetection : Uninstall Changedetection.io playwright-driver] ***
included: /home/user/work/mash-playbook/roles/galaxy/changedetection/tasks/uninstall_playwright_driver.yml for mash.met.surf, mash.met.surf-infisical-deps, mash.met.surf-authentik-deps

TASK [galaxy/changedetection : Check existence of Changedetection.io playwright-driver systemd service] ***
ok: [mash.met.surf-infisical-deps]
ok: [mash.met.surf]
ok: [mash.met.surf-authentik-deps]

TASK [galaxy/changedetection : Ensure Changedetection.io playwright-driver systemd service is stopped] ***
skipping: [mash.met.surf]
skipping: [mash.met.surf-infisical-deps]
skipping: [mash.met.surf-authentik-deps]

TASK [galaxy/changedetection : Ensure Changedetection.io playwright-driver systemd service does not exist] ***
skipping: [mash.met.surf]
skipping: [mash.met.surf-infisical-deps]
skipping: [mash.met.surf-authentik-deps]

TASK [galaxy/changedetection : Uninstall Changedetection.io] *******************
included: /home/user/work/mash-playbook/roles/galaxy/changedetection/tasks/uninstall.yml for mash.met.surf, mash.met.surf-infisical-deps, mash.met.surf-authentik-deps

TASK [galaxy/changedetection : Check existence of Changedetection.io systemd service] ***
ok: [mash.met.surf-authentik-deps]
ok: [mash.met.surf]
ok: [mash.met.surf-infisical-deps]

TASK [galaxy/changedetection : Ensure Changedetection.io systemd service is stopped] ***
skipping: [mash.met.surf]
skipping: [mash.met.surf-infisical-deps]
skipping: [mash.met.surf-authentik-deps]

TASK [galaxy/changedetection : Ensure Changedetection.io systemd service does not exist] ***
skipping: [mash.met.surf]
skipping: [mash.met.surf-infisical-deps]
skipping: [mash.met.surf-authentik-deps]

TASK [galaxy/changedetection : Ensure Changedetection.io container network does not exist via community.docker.docker_network] ***
skipping: [mash.met.surf]
skipping: [mash.met.surf-infisical-deps]
skipping: [mash.met.surf-authentik-deps]

TASK [galaxy/changedetection : Ensure Changedetection.io container network does not exist via ansible.builtin.command] ***
skipping: [mash.met.surf]
skipping: [mash.met.surf-infisical-deps]
skipping: [mash.met.surf-authentik-deps]

TASK [galaxy/changedetection : Ensure Changedetection.io path does not exist] ***
skipping: [mash.met.surf]
skipping: [mash.met.surf-infisical-deps]
skipping: [mash.met.surf-authentik-deps]

TASK [galaxy/clickhouse : Validate ClickHouse configuration] *******************
skipping: [mash.met.surf]
skipping: [mash.met.surf-infisical-deps]
skipping: [mash.met.surf-authentik-deps]

TASK [galaxy/clickhouse : Install ClickHouse] **********************************
skipping: [mash.met.surf]
skipping: [mash.met.surf-infisical-deps]
skipping: [mash.met.surf-authentik-deps]

TASK [galaxy/clickhouse : Uninstall ClickHouse] ********************************
included: /home/user/work/mash-playbook/roles/galaxy/clickhouse/tasks/uninstall.yml for mash.met.surf, mash.met.surf-infisical-deps, mash.met.surf-authentik-deps

TASK [galaxy/clickhouse : Check existence of ClickHouse systemd service] *******
ok: [mash.met.surf-infisical-deps]
ok: [mash.met.surf]
ok: [mash.met.surf-authentik-deps]

TASK [galaxy/clickhouse : Ensure ClickHouse systemd service is stopped] ********
skipping: [mash.met.surf]
skipping: [mash.met.surf-infisical-deps]
skipping: [mash.met.surf-authentik-deps]

TASK [galaxy/clickhouse : Ensure ClickHouse systemd service does not exist] ****
skipping: [mash.met.surf]
skipping: [mash.met.surf-infisical-deps]
skipping: [mash.met.surf-authentik-deps]

TASK [galaxy/clickhouse : Ensure ClickHouse container network does not exist via community.docker.docker_network] ***
skipping: [mash.met.surf]
skipping: [mash.met.surf-infisical-deps]
skipping: [mash.met.surf-authentik-deps]

TASK [galaxy/clickhouse : Ensure ClickHouse container network does not exist via ansible.builtin.command] ***
skipping: [mash.met.surf]
skipping: [mash.met.surf-infisical-deps]
skipping: [mash.met.surf-authentik-deps]

TASK [galaxy/clickhouse : Ensure ClickHouse path does not exist] ***************
skipping: [mash.met.surf]
skipping: [mash.met.surf-infisical-deps]
skipping: [mash.met.surf-authentik-deps]

TASK [galaxy/collabora_online : Validate Collabora Online Development Edition configuration] ***
skipping: [mash.met.surf]
skipping: [mash.met.surf-infisical-deps]
skipping: [mash.met.surf-authentik-deps]

TASK [galaxy/collabora_online : Install Collabora Online Development Edition] ***
skipping: [mash.met.surf]
skipping: [mash.met.surf-infisical-deps]
skipping: [mash.met.surf-authentik-deps]

TASK [galaxy/collabora_online : Uninstall Collabora Online Development Edition] ***
included: /home/user/work/mash-playbook/roles/galaxy/collabora_online/tasks/uninstall.yml for mash.met.surf, mash.met.surf-infisical-deps, mash.met.surf-authentik-deps

TASK [galaxy/collabora_online : Check existence of Collabora Online Development Edition systemd service] ***
ok: [mash.met.surf-authentik-deps]
ok: [mash.met.surf]
ok: [mash.met.surf-infisical-deps]

TASK [galaxy/collabora_online : Ensure Collabora Online Development Edition systemd service is stopped] ***
skipping: [mash.met.surf]
skipping: [mash.met.surf-infisical-deps]
skipping: [mash.met.surf-authentik-deps]

TASK [galaxy/collabora_online : Ensure Collabora Online Development Edition systemd service does not exist] ***
skipping: [mash.met.surf]
skipping: [mash.met.surf-infisical-deps]
skipping: [mash.met.surf-authentik-deps]

TASK [galaxy/collabora_online : Ensure Collabora Online Development Edition container network does not exist via community.docker.docker_network] ***
skipping: [mash.met.surf]
skipping: [mash.met.surf-infisical-deps]
skipping: [mash.met.surf-authentik-deps]

TASK [galaxy/collabora_online : Ensure Collabora Online Development Edition container network does not exist via ansible.builtin.command] ***
skipping: [mash.met.surf]
skipping: [mash.met.surf-infisical-deps]
skipping: [mash.met.surf-authentik-deps]

TASK [galaxy/collabora_online : Ensure Collabora Online Development Edition path does not exist] ***
skipping: [mash.met.surf]
skipping: [mash.met.surf-infisical-deps]
skipping: [mash.met.surf-authentik-deps]

TASK [galaxy/convertx : Validate ConvertX configuration] ***********************
skipping: [mash.met.surf-infisical-deps]
skipping: [mash.met.surf-authentik-deps]
included: /home/user/work/mash-playbook/roles/galaxy/convertx/tasks/validate_config.yml for mash.met.surf

TASK [galaxy/convertx : (Deprecation) Catch and report renamed settings] *******
skipping: [mash.met.surf] => (item={'old': 'convertx_http_header_content_permission_policy', 'new': 'convertx_http_header_permissions_policy'}) 
skipping: [mash.met.surf]

TASK [galaxy/convertx : Fail if required ConvertX settings not defined] ********
skipping: [mash.met.surf] => (item=convertx_uid) 
skipping: [mash.met.surf] => (item=convertx_gid) 
skipping: [mash.met.surf] => (item=convertx_hostname) 
skipping: [mash.met.surf] => (item=convertx_path_prefix) 
skipping: [mash.met.surf] => (item=convertx_container_network) 
skipping: [mash.met.surf] => (item=convertx_environment_variables_jwt_secret) 
skipping: [mash.met.surf]

TASK [galaxy/convertx : Fail if Traefik settings required for ConvertX are not defined] ***
skipping: [mash.met.surf] => (item=convertx_container_labels_traefik_hostname) 
skipping: [mash.met.surf] => (item=convertx_container_labels_traefik_path_prefix) 
skipping: [mash.met.surf]

TASK [galaxy/convertx : Fail if convertx_container_labels_traefik_path_prefix ends with a slash] ***
skipping: [mash.met.surf]

TASK [galaxy/convertx : Install ConvertX] **************************************
skipping: [mash.met.surf-infisical-deps]
skipping: [mash.met.surf-authentik-deps]
included: /home/user/work/mash-playbook/roles/galaxy/convertx/tasks/install.yml for mash.met.surf

TASK [galaxy/convertx : Ensure ConvertX paths exist] ***************************
ok: [mash.met.surf] => (item=/mash/convertx)
ok: [mash.met.surf] => (item=/mash/convertx/data)

TASK [galaxy/convertx : Ensure ConvertX support files installed] ***************
ok: [mash.met.surf] => (item=env)
ok: [mash.met.surf] => (item=labels)

TASK [galaxy/convertx : Ensure ConvertX container image is pulled via community.docker.docker_image] ***
ok: [mash.met.surf]

TASK [galaxy/convertx : Ensure ConvertX container image is pulled via ansible.builtin.command] ***
skipping: [mash.met.surf]

TASK [galaxy/convertx : Ensure ConvertX repository is present on self-build] ***
skipping: [mash.met.surf]

TASK [galaxy/convertx : Ensure ConvertX container image is built] **************
skipping: [mash.met.surf]

TASK [galaxy/convertx : Ensure ConvertX container network is created via community.docker.docker_network] ***
ok: [mash.met.surf]

TASK [galaxy/convertx : Ensure ConvertX container network is created via ansible.builtin.command] ***
skipping: [mash.met.surf]

TASK [galaxy/convertx : Ensure ConvertX systemd service is present] ************
ok: [mash.met.surf]

TASK [galaxy/convertx : Uninstall ConvertX] ************************************
skipping: [mash.met.surf]
included: /home/user/work/mash-playbook/roles/galaxy/convertx/tasks/uninstall.yml for mash.met.surf-infisical-deps, mash.met.surf-authentik-deps

TASK [galaxy/convertx : Check existence of ConvertX systemd service] ***********
ok: [mash.met.surf-infisical-deps]
ok: [mash.met.surf-authentik-deps]

TASK [galaxy/convertx : Ensure ConvertX systemd service is stopped] ************
skipping: [mash.met.surf-infisical-deps]
skipping: [mash.met.surf-authentik-deps]

TASK [galaxy/convertx : Ensure ConvertX systemd service does not exist] ********
skipping: [mash.met.surf-infisical-deps]
skipping: [mash.met.surf-authentik-deps]

TASK [galaxy/convertx : Ensure ConvertX support files do not exist] ************
skipping: [mash.met.surf-infisical-deps] => (item=env) 
skipping: [mash.met.surf-infisical-deps] => (item=labels) 
skipping: [mash.met.surf-infisical-deps]
skipping: [mash.met.surf-authentik-deps] => (item=env) 
skipping: [mash.met.surf-authentik-deps] => (item=labels) 
skipping: [mash.met.surf-authentik-deps]

TASK [galaxy/convertx : Ensure ConvertX image source files path does not exist] ***
skipping: [mash.met.surf-infisical-deps]
skipping: [mash.met.surf-authentik-deps]

TASK [galaxy/convertx : Ensure ConvertX local data path does not exist if empty] ***
skipping: [mash.met.surf-infisical-deps]
skipping: [mash.met.surf-authentik-deps]

TASK [galaxy/convertx : Ensure ConvertX base path does not exist if empty] *****
skipping: [mash.met.surf-infisical-deps]
skipping: [mash.met.surf-authentik-deps]

TASK [galaxy/convertx : Ensure ConvertX container network does not exist via community.docker.docker_network] ***
skipping: [mash.met.surf-infisical-deps]
skipping: [mash.met.surf-authentik-deps]

TASK [galaxy/convertx : Ensure ConvertX container network does not exist via ansible.builtin.command] ***
skipping: [mash.met.surf-infisical-deps]
skipping: [mash.met.surf-authentik-deps]

TASK [galaxy/convertx : Check existence of ConvertX local data path] ***********
ok: [mash.met.surf-infisical-deps]
ok: [mash.met.surf-authentik-deps]

TASK [galaxy/convertx : Notify if ConvertX local data remains] *****************
skipping: [mash.met.surf-infisical-deps]
skipping: [mash.met.surf-authentik-deps]

TASK [galaxy/couchdb : ansible.builtin.include_tasks] **************************
skipping: [mash.met.surf]
skipping: [mash.met.surf-infisical-deps]
skipping: [mash.met.surf-authentik-deps]

TASK [galaxy/couchdb : ansible.builtin.include_tasks] **************************
skipping: [mash.met.surf]
skipping: [mash.met.surf-infisical-deps]
skipping: [mash.met.surf-authentik-deps]

TASK [galaxy/couchdb : ansible.builtin.include_tasks] **************************
included: /home/user/work/mash-playbook/roles/galaxy/couchdb/tasks/uninstall.yml for mash.met.surf, mash.met.surf-infisical-deps, mash.met.surf-authentik-deps

TASK [galaxy/couchdb : Check existence of couchdb systemd service] *************
ok: [mash.met.surf]
ok: [mash.met.surf-infisical-deps]
ok: [mash.met.surf-authentik-deps]

TASK [galaxy/couchdb : Ensure couchdb service is stopped] **********************
skipping: [mash.met.surf]
skipping: [mash.met.surf-infisical-deps]
skipping: [mash.met.surf-authentik-deps]

TASK [galaxy/couchdb : Ensure couchdb service doesn't exist] *******************
skipping: [mash.met.surf]
skipping: [mash.met.surf-infisical-deps]
skipping: [mash.met.surf-authentik-deps]

TASK [galaxy/couchdb : Ensure couchdb base path is files deleted] **************
ok: [mash.met.surf]
ok: [mash.met.surf-infisical-deps]
ok: [mash.met.surf-authentik-deps]

TASK [galaxy/cyberchef : Validate CyberChef configuration] *********************
skipping: [mash.met.surf-infisical-deps]
skipping: [mash.met.surf-authentik-deps]
included: /home/user/work/mash-playbook/roles/galaxy/cyberchef/tasks/validate_config.yml for mash.met.surf

TASK [galaxy/cyberchef : Fail if required CyberChef settings not defined] ******
skipping: [mash.met.surf] => (item=cyberchef_uid) 
skipping: [mash.met.surf] => (item=cyberchef_gid) 
skipping: [mash.met.surf] => (item=cyberchef_hostname) 
skipping: [mash.met.surf] => (item=cyberchef_path_prefix) 
skipping: [mash.met.surf] => (item=cyberchef_container_network) 
skipping: [mash.met.surf]

TASK [galaxy/cyberchef : Fail if Traefik settings required for CyberChef are not defined] ***
skipping: [mash.met.surf] => (item=cyberchef_container_labels_traefik_hostname) 
skipping: [mash.met.surf] => (item=cyberchef_container_labels_traefik_path_prefix) 
skipping: [mash.met.surf]

TASK [galaxy/cyberchef : Fail if cyberchef_container_labels_traefik_path_prefix is different than /] ***
skipping: [mash.met.surf]

TASK [galaxy/cyberchef : Fail if cyberchef_container_labels_traefik_path_prefix ends with a slash] ***
skipping: [mash.met.surf]

TASK [galaxy/cyberchef : Install CyberChef] ************************************
skipping: [mash.met.surf-infisical-deps]
skipping: [mash.met.surf-authentik-deps]
included: /home/user/work/mash-playbook/roles/galaxy/cyberchef/tasks/install.yml for mash.met.surf

TASK [galaxy/cyberchef : Ensure CyberChef path exists] *************************
ok: [mash.met.surf] => (item=/mash/cyberchef)

TASK [galaxy/cyberchef : Ensure CyberChef support files installed] *************
ok: [mash.met.surf] => (item=env)
ok: [mash.met.surf] => (item=labels)

TASK [galaxy/cyberchef : Ensure CyberChef container image is pulled via community.docker.docker_image] ***
ok: [mash.met.surf]

TASK [galaxy/cyberchef : Ensure CyberChef container image is pulled via ansible.builtin.command] ***
skipping: [mash.met.surf]

TASK [galaxy/cyberchef : Ensure CyberChef repository is present on self-build] ***
skipping: [mash.met.surf]

TASK [galaxy/cyberchef : Ensure CyberChef container image is built] ************
skipping: [mash.met.surf]

TASK [galaxy/cyberchef : Ensure CyberChef container network is created via community.docker.docker_network] ***
ok: [mash.met.surf]

TASK [galaxy/cyberchef : Ensure CyberChef container network is created via ansible.builtin.command] ***
skipping: [mash.met.surf]

TASK [galaxy/cyberchef : Ensure CyberChef systemd service is present] **********
ok: [mash.met.surf]

TASK [galaxy/cyberchef : Uninstall CyberChef] **********************************
skipping: [mash.met.surf]
included: /home/user/work/mash-playbook/roles/galaxy/cyberchef/tasks/uninstall.yml for mash.met.surf-infisical-deps, mash.met.surf-authentik-deps

TASK [galaxy/cyberchef : Check existence of CyberChef systemd service] *********
ok: [mash.met.surf-infisical-deps]
ok: [mash.met.surf-authentik-deps]

TASK [galaxy/cyberchef : Ensure CyberChef systemd service is stopped] **********
skipping: [mash.met.surf-infisical-deps]
skipping: [mash.met.surf-authentik-deps]

TASK [galaxy/cyberchef : Ensure CyberChef systemd service does not exist] ******
skipping: [mash.met.surf-infisical-deps]
skipping: [mash.met.surf-authentik-deps]

TASK [galaxy/cyberchef : Ensure CyberChef container network does not exist via community.docker.docker_network] ***
skipping: [mash.met.surf-infisical-deps]
skipping: [mash.met.surf-authentik-deps]

TASK [galaxy/cyberchef : Ensure CyberChef container network does not exist via ansible.builtin.command] ***
skipping: [mash.met.surf-infisical-deps]
skipping: [mash.met.surf-authentik-deps]

TASK [galaxy/cyberchef : Ensure CyberChef path does not exist] *****************
skipping: [mash.met.surf-infisical-deps]
skipping: [mash.met.surf-authentik-deps]

TASK [galaxy/docker_registry : Validate Docker Registry configuration] *********
skipping: [mash.met.surf]
skipping: [mash.met.surf-infisical-deps]
skipping: [mash.met.surf-authentik-deps]

TASK [galaxy/docker_registry : Install Docker Registry] ************************
skipping: [mash.met.surf]
skipping: [mash.met.surf-infisical-deps]
skipping: [mash.met.surf-authentik-deps]

TASK [galaxy/docker_registry : Uninstall Docker Registry] **********************
included: /home/user/work/mash-playbook/roles/galaxy/docker_registry/tasks/uninstall.yml for mash.met.surf, mash.met.surf-infisical-deps, mash.met.surf-authentik-deps

TASK [galaxy/docker_registry : Check existence of Docker Registry systemd service] ***
ok: [mash.met.surf-infisical-deps]
ok: [mash.met.surf]
ok: [mash.met.surf-authentik-deps]

TASK [galaxy/docker_registry : Ensure Docker Registry systemd services are stopped] ***
skipping: [mash.met.surf] => (item=mash-docker-registry) 
skipping: [mash.met.surf] => (item=mash-docker-registry-garbage-collect) 
skipping: [mash.met.surf]
skipping: [mash.met.surf-infisical-deps] => (item=mash-infisical-docker-registry) 
skipping: [mash.met.surf-infisical-deps] => (item=mash-infisical-docker-registry-garbage-collect) 
skipping: [mash.met.surf-infisical-deps]
skipping: [mash.met.surf-authentik-deps] => (item=mash-authentik-docker-registry) 
skipping: [mash.met.surf-authentik-deps] => (item=mash-authentik-docker-registry-garbage-collect) 
skipping: [mash.met.surf-authentik-deps]

TASK [galaxy/docker_registry : Ensure Docker Registry systemd services do not exist] ***
skipping: [mash.met.surf] => (item=mash-docker-registry.service) 
skipping: [mash.met.surf] => (item=mash-docker-registry-garbage-collect.service) 
skipping: [mash.met.surf] => (item=mash-docker-registry-garbage-collect.timer) 
skipping: [mash.met.surf]
skipping: [mash.met.surf-infisical-deps] => (item=mash-infisical-docker-registry.service) 
skipping: [mash.met.surf-infisical-deps] => (item=mash-infisical-docker-registry-garbage-collect.service) 
skipping: [mash.met.surf-infisical-deps] => (item=mash-infisical-docker-registry-garbage-collect.timer) 
skipping: [mash.met.surf-infisical-deps]
skipping: [mash.met.surf-authentik-deps] => (item=mash-authentik-docker-registry.service) 
skipping: [mash.met.surf-authentik-deps] => (item=mash-authentik-docker-registry-garbage-collect.service) 
skipping: [mash.met.surf-authentik-deps] => (item=mash-authentik-docker-registry-garbage-collect.timer) 
skipping: [mash.met.surf-authentik-deps]

TASK [galaxy/docker_registry : Ensure Docker Registry container network does not exist via community.docker.docker_network] ***
skipping: [mash.met.surf]
skipping: [mash.met.surf-infisical-deps]
skipping: [mash.met.surf-authentik-deps]

TASK [galaxy/docker_registry : Ensure Docker Registry container network does not exist via ansible.builtin.command] ***
skipping: [mash.met.surf]
skipping: [mash.met.surf-infisical-deps]
skipping: [mash.met.surf-authentik-deps]

TASK [galaxy/docker_registry : Ensure Docker Registry path does not exist] *****
skipping: [mash.met.surf]
skipping: [mash.met.surf-infisical-deps]
skipping: [mash.met.surf-authentik-deps]

TASK [galaxy/docker_registry_browser : Validate Docker Registry Browser configuration] ***
skipping: [mash.met.surf]
skipping: [mash.met.surf-infisical-deps]
skipping: [mash.met.surf-authentik-deps]

TASK [galaxy/docker_registry_browser : Prepare HTTP Basic authentication for Docker Registry Browser] ***
skipping: [mash.met.surf]
skipping: [mash.met.surf-infisical-deps]
skipping: [mash.met.surf-authentik-deps]

TASK [galaxy/docker_registry_browser : Install Docker Registry Browser] ********
skipping: [mash.met.surf]
skipping: [mash.met.surf-infisical-deps]
skipping: [mash.met.surf-authentik-deps]

TASK [galaxy/docker_registry_browser : Uninstall Docker Registry Browser] ******
included: /home/user/work/mash-playbook/roles/galaxy/docker_registry_browser/tasks/uninstall.yml for mash.met.surf, mash.met.surf-infisical-deps, mash.met.surf-authentik-deps

TASK [galaxy/docker_registry_browser : Check existence of Docker Registry Browser systemd service] ***
ok: [mash.met.surf]
ok: [mash.met.surf-infisical-deps]
ok: [mash.met.surf-authentik-deps]

TASK [galaxy/docker_registry_browser : Ensure Docker Registry Browser systemd service is stopped] ***
skipping: [mash.met.surf]
skipping: [mash.met.surf-infisical-deps]
skipping: [mash.met.surf-authentik-deps]

TASK [galaxy/docker_registry_browser : Ensure Docker Registry Browser systemd service does not exist] ***
skipping: [mash.met.surf]
skipping: [mash.met.surf-infisical-deps]
skipping: [mash.met.surf-authentik-deps]

TASK [galaxy/docker_registry_browser : Ensure Docker Registry Browser container network does not exist via community.docker.docker_network] ***
skipping: [mash.met.surf]
skipping: [mash.met.surf-infisical-deps]
skipping: [mash.met.surf-authentik-deps]

TASK [galaxy/docker_registry_browser : Ensure Docker Registry Browser container network does not exist via ansible.builtin.command] ***
skipping: [mash.met.surf]
skipping: [mash.met.surf-infisical-deps]
skipping: [mash.met.surf-authentik-deps]

TASK [galaxy/docker_registry_browser : Ensure Docker Registry Browser path does not exist] ***
skipping: [mash.met.surf]
skipping: [mash.met.surf-infisical-deps]
skipping: [mash.met.surf-authentik-deps]

TASK [galaxy/docker_registry_proxy : Validate Docker Registry Proxy configuration] ***
skipping: [mash.met.surf]
skipping: [mash.met.surf-infisical-deps]
skipping: [mash.met.surf-authentik-deps]

TASK [galaxy/docker_registry_proxy : Install Docker Registry Proxy] ************
skipping: [mash.met.surf]
skipping: [mash.met.surf-infisical-deps]
skipping: [mash.met.surf-authentik-deps]

TASK [galaxy/docker_registry_proxy : Uninstall Docker Registry Proxy] **********
included: /home/user/work/mash-playbook/roles/galaxy/docker_registry_proxy/tasks/uninstall.yml for mash.met.surf, mash.met.surf-infisical-deps, mash.met.surf-authentik-deps

TASK [galaxy/docker_registry_proxy : Check existence of Docker Registry Proxy systemd service] ***
ok: [mash.met.surf]
ok: [mash.met.surf-infisical-deps]
ok: [mash.met.surf-authentik-deps]

TASK [galaxy/docker_registry_proxy : Ensure Docker Registry Proxy systemd service is stopped] ***
skipping: [mash.met.surf]
skipping: [mash.met.surf-infisical-deps]
skipping: [mash.met.surf-authentik-deps]

TASK [galaxy/docker_registry_proxy : Ensure Docker Registry Proxy systemd service does not exist] ***
skipping: [mash.met.surf]
skipping: [mash.met.surf-infisical-deps]
skipping: [mash.met.surf-authentik-deps]

TASK [galaxy/docker_registry_proxy : Ensure Docker Registry Proxy container network does not exist via community.docker.docker_network] ***
skipping: [mash.met.surf]
skipping: [mash.met.surf-infisical-deps]
skipping: [mash.met.surf-authentik-deps]

TASK [galaxy/docker_registry_proxy : Ensure Docker Registry Proxy container network does not exist via ansible.builtin.command] ***
skipping: [mash.met.surf]
skipping: [mash.met.surf-infisical-deps]
skipping: [mash.met.surf-authentik-deps]

TASK [galaxy/docker_registry_proxy : Ensure Docker Registry Proxy path does not exist] ***
skipping: [mash.met.surf]
skipping: [mash.met.surf-infisical-deps]
skipping: [mash.met.surf-authentik-deps]

TASK [galaxy/docker_registry_purger : Validate Docker Registry Purger configuration] ***
skipping: [mash.met.surf]
skipping: [mash.met.surf-infisical-deps]
skipping: [mash.met.surf-authentik-deps]

TASK [galaxy/docker_registry_purger : Install Docker Registry Purger] **********
skipping: [mash.met.surf]
skipping: [mash.met.surf-infisical-deps]
skipping: [mash.met.surf-authentik-deps]

TASK [galaxy/docker_registry_purger : Uninstall Docker Registry Purger] ********
included: /home/user/work/mash-playbook/roles/galaxy/docker_registry_purger/tasks/uninstall.yml for mash.met.surf, mash.met.surf-infisical-deps, mash.met.surf-authentik-deps

TASK [galaxy/docker_registry_purger : Check existence of Docker Registry Purger systemd service] ***
ok: [mash.met.surf]
ok: [mash.met.surf-infisical-deps]
ok: [mash.met.surf-authentik-deps]

TASK [galaxy/docker_registry_purger : Ensure Docker Registry Purger systemd services are stopped] ***
skipping: [mash.met.surf] => (item=mash-docker-registry-purger.service) 
skipping: [mash.met.surf] => (item=mash-docker-registry-purger.timer) 
skipping: [mash.met.surf]
skipping: [mash.met.surf-infisical-deps] => (item=mash-infisical-docker-registry-purger.service) 
skipping: [mash.met.surf-infisical-deps] => (item=mash-infisical-docker-registry-purger.timer) 
skipping: [mash.met.surf-infisical-deps]
skipping: [mash.met.surf-authentik-deps] => (item=mash-authentik-docker-registry-purger.service) 
skipping: [mash.met.surf-authentik-deps] => (item=mash-authentik-docker-registry-purger.timer) 
skipping: [mash.met.surf-authentik-deps]

TASK [galaxy/docker_registry_purger : Ensure Docker Registry Purger systemd services do not exist] ***
skipping: [mash.met.surf] => (item=mash-docker-registry-purger.service) 
skipping: [mash.met.surf] => (item=mash-docker-registry-purger.timer) 
skipping: [mash.met.surf]
skipping: [mash.met.surf-infisical-deps] => (item=mash-infisical-docker-registry-purger.service) 
skipping: [mash.met.surf-infisical-deps] => (item=mash-infisical-docker-registry-purger.timer) 
skipping: [mash.met.surf-infisical-deps]
skipping: [mash.met.surf-authentik-deps] => (item=mash-authentik-docker-registry-purger.service) 
skipping: [mash.met.surf-authentik-deps] => (item=mash-authentik-docker-registry-purger.timer) 
skipping: [mash.met.surf-authentik-deps]

TASK [galaxy/docker_registry_purger : Ensure Docker Registry Purger path does not exist] ***
skipping: [mash.met.surf]
skipping: [mash.met.surf-infisical-deps]
skipping: [mash.met.surf-authentik-deps]

TASK [galaxy/docmost : Validate Docmost configuration] *************************
skipping: [mash.met.surf]
skipping: [mash.met.surf-infisical-deps]
skipping: [mash.met.surf-authentik-deps]

TASK [galaxy/docmost : Install Docmost] ****************************************
skipping: [mash.met.surf]
skipping: [mash.met.surf-infisical-deps]
skipping: [mash.met.surf-authentik-deps]

TASK [galaxy/docmost : Uninstall Docmost] **************************************
included: /home/user/work/mash-playbook/roles/galaxy/docmost/tasks/uninstall.yml for mash.met.surf, mash.met.surf-infisical-deps, mash.met.surf-authentik-deps

TASK [galaxy/docmost : Check existence of Docmost systemd service] *************
ok: [mash.met.surf]
ok: [mash.met.surf-authentik-deps]
ok: [mash.met.surf-infisical-deps]

TASK [galaxy/docmost : Ensure Docmost systemd service is stopped] **************
skipping: [mash.met.surf]
skipping: [mash.met.surf-infisical-deps]
skipping: [mash.met.surf-authentik-deps]

TASK [galaxy/docmost : Ensure Docmost systemd service does not exist] **********
skipping: [mash.met.surf]
skipping: [mash.met.surf-infisical-deps]
skipping: [mash.met.surf-authentik-deps]

TASK [galaxy/docmost : Ensure Docmost support files do not exist] **************
skipping: [mash.met.surf] => (item=env) 
skipping: [mash.met.surf] => (item=labels) 
skipping: [mash.met.surf]
skipping: [mash.met.surf-infisical-deps] => (item=env) 
skipping: [mash.met.surf-infisical-deps] => (item=labels) 
skipping: [mash.met.surf-infisical-deps]
skipping: [mash.met.surf-authentik-deps] => (item=env) 
skipping: [mash.met.surf-authentik-deps] => (item=labels) 
skipping: [mash.met.surf-authentik-deps]

TASK [galaxy/docmost : Ensure Docmost image source files path does not exist] ***
skipping: [mash.met.surf]
skipping: [mash.met.surf-infisical-deps]
skipping: [mash.met.surf-authentik-deps]

TASK [galaxy/docmost : Ensure Docmost local data path does not exist if empty] ***
skipping: [mash.met.surf]
skipping: [mash.met.surf-infisical-deps]
skipping: [mash.met.surf-authentik-deps]

TASK [galaxy/docmost : Ensure Docmost base path does not exist if empty] *******
skipping: [mash.met.surf]
skipping: [mash.met.surf-infisical-deps]
skipping: [mash.met.surf-authentik-deps]

TASK [galaxy/docmost : Ensure Docmost container network does not exist via community.docker.docker_network] ***
skipping: [mash.met.surf]
skipping: [mash.met.surf-infisical-deps]
skipping: [mash.met.surf-authentik-deps]

TASK [galaxy/docmost : Ensure Docmost container network does not exist via ansible.builtin.command] ***
skipping: [mash.met.surf]
skipping: [mash.met.surf-infisical-deps]
skipping: [mash.met.surf-authentik-deps]

TASK [galaxy/docmost : Check existence of Docmost local data path] *************
ok: [mash.met.surf-authentik-deps]
ok: [mash.met.surf]
ok: [mash.met.surf-infisical-deps]

TASK [galaxy/docmost : Notify if Docmost local data remains] *******************
skipping: [mash.met.surf]
skipping: [mash.met.surf-infisical-deps]
skipping: [mash.met.surf-authentik-deps]

TASK [galaxy/dokuwiki : Run DokuWiki validation tasks] *************************
skipping: [mash.met.surf]
skipping: [mash.met.surf-infisical-deps]
skipping: [mash.met.surf-authentik-deps]

TASK [galaxy/dokuwiki : Run DokuWiki installation tasks] ***********************
skipping: [mash.met.surf]
skipping: [mash.met.surf-infisical-deps]
skipping: [mash.met.surf-authentik-deps]

TASK [galaxy/dokuwiki : Run DokuWiki uninstallation tasks] *********************
included: /home/user/work/mash-playbook/roles/galaxy/dokuwiki/tasks/uninstall.yml for mash.met.surf, mash.met.surf-infisical-deps, mash.met.surf-authentik-deps

TASK [galaxy/dokuwiki : Check existence of dokuwiki systemd service] ***********
ok: [mash.met.surf]
ok: [mash.met.surf-infisical-deps]
ok: [mash.met.surf-authentik-deps]

TASK [galaxy/dokuwiki : Ensure dokuwiki systemd service is stopped] ************
skipping: [mash.met.surf]
skipping: [mash.met.surf-infisical-deps]
skipping: [mash.met.surf-authentik-deps]

TASK [galaxy/dokuwiki : Ensure dokuwiki systemd service does not exists] *******
skipping: [mash.met.surf]
skipping: [mash.met.surf-infisical-deps]
skipping: [mash.met.surf-authentik-deps]

TASK [galaxy/dokuwiki : Ensure dokuwiki path doesn't exist] ********************
skipping: [mash.met.surf]
skipping: [mash.met.surf-infisical-deps]
skipping: [mash.met.surf-authentik-deps]

TASK [galaxy/duplicati : Validate Duplicati configuration] *********************
skipping: [mash.met.surf]
skipping: [mash.met.surf-infisical-deps]
skipping: [mash.met.surf-authentik-deps]

TASK [galaxy/duplicati : Install Duplicati] ************************************
skipping: [mash.met.surf]
skipping: [mash.met.surf-infisical-deps]
skipping: [mash.met.surf-authentik-deps]

TASK [galaxy/duplicati : Uninstall Duplicati] **********************************
included: /home/user/work/mash-playbook/roles/galaxy/duplicati/tasks/uninstall.yml for mash.met.surf, mash.met.surf-infisical-deps, mash.met.surf-authentik-deps

TASK [galaxy/duplicati : Check existence of Duplicati systemd service] *********
ok: [mash.met.surf-infisical-deps]
ok: [mash.met.surf]
ok: [mash.met.surf-authentik-deps]

TASK [galaxy/duplicati : Ensure Duplicati systemd service is stopped] **********
skipping: [mash.met.surf]
skipping: [mash.met.surf-infisical-deps]
skipping: [mash.met.surf-authentik-deps]

TASK [galaxy/duplicati : Ensure Duplicati systemd service does not exist] ******
skipping: [mash.met.surf]
skipping: [mash.met.surf-infisical-deps]
skipping: [mash.met.surf-authentik-deps]

TASK [galaxy/duplicati : Ensure Duplicati support files do not exist] **********
skipping: [mash.met.surf] => (item=env) 
skipping: [mash.met.surf] => (item=labels) 
skipping: [mash.met.surf]
skipping: [mash.met.surf-infisical-deps] => (item=env) 
skipping: [mash.met.surf-infisical-deps] => (item=labels) 
skipping: [mash.met.surf-infisical-deps]
skipping: [mash.met.surf-authentik-deps] => (item=env) 
skipping: [mash.met.surf-authentik-deps] => (item=labels) 
skipping: [mash.met.surf-authentik-deps]

TASK [galaxy/duplicati : Ensure Duplicati image source files path does not exist] ***
skipping: [mash.met.surf]
skipping: [mash.met.surf-infisical-deps]
skipping: [mash.met.surf-authentik-deps]

TASK [galaxy/duplicati : Ensure Duplicati container network does not exist via community.docker.docker_network] ***
skipping: [mash.met.surf]
skipping: [mash.met.surf-infisical-deps]
skipping: [mash.met.surf-authentik-deps]

TASK [galaxy/duplicati : Ensure Duplicati container network does not exist via ansible.builtin.command] ***
skipping: [mash.met.surf]
skipping: [mash.met.surf-infisical-deps]
skipping: [mash.met.surf-authentik-deps]

TASK [galaxy/duplicati : Check existence of Duplicati local config path] *******
ok: [mash.met.surf-infisical-deps]
ok: [mash.met.surf]
ok: [mash.met.surf-authentik-deps]

TASK [galaxy/duplicati : Notify if Duplicati local config path remains] ********
skipping: [mash.met.surf]
skipping: [mash.met.surf-infisical-deps]
skipping: [mash.met.surf-authentik-deps]

TASK [galaxy/duplicati : Check existence of Duplicati local backup path] *******
ok: [mash.met.surf]
ok: [mash.met.surf-infisical-deps]
ok: [mash.met.surf-authentik-deps]

TASK [galaxy/duplicati : Notify if Duplicati local backup path remains] ********
skipping: [mash.met.surf]
skipping: [mash.met.surf-infisical-deps]
skipping: [mash.met.surf-authentik-deps]

TASK [galaxy/echoip : Validate echoip configuration] ***************************
skipping: [mash.met.surf]
skipping: [mash.met.surf-infisical-deps]
skipping: [mash.met.surf-authentik-deps]

TASK [galaxy/echoip : Install echoip] ******************************************
skipping: [mash.met.surf]
skipping: [mash.met.surf-infisical-deps]
skipping: [mash.met.surf-authentik-deps]

TASK [galaxy/echoip : Uninstall echoip] ****************************************
included: /home/user/work/mash-playbook/roles/galaxy/echoip/tasks/uninstall.yml for mash.met.surf, mash.met.surf-infisical-deps, mash.met.surf-authentik-deps

TASK [galaxy/echoip : Check existence of echoip systemd service] ***************
ok: [mash.met.surf]
ok: [mash.met.surf-infisical-deps]
ok: [mash.met.surf-authentik-deps]

TASK [galaxy/echoip : Ensure echoip systemd service is stopped] ****************
skipping: [mash.met.surf]
skipping: [mash.met.surf-infisical-deps]
skipping: [mash.met.surf-authentik-deps]

TASK [galaxy/echoip : Ensure echoip systemd service does not exist] ************
skipping: [mash.met.surf]
skipping: [mash.met.surf-infisical-deps]
skipping: [mash.met.surf-authentik-deps]

TASK [galaxy/echoip : Ensure echoip container network does not exist via community.docker.docker_network] ***
skipping: [mash.met.surf]
skipping: [mash.met.surf-infisical-deps]
skipping: [mash.met.surf-authentik-deps]

TASK [galaxy/echoip : Ensure echoip container network does not exist via ansible.builtin.command] ***
skipping: [mash.met.surf]
skipping: [mash.met.surf-infisical-deps]
skipping: [mash.met.surf-authentik-deps]

TASK [galaxy/echoip : Ensure echoip path does not exist] ***********************
skipping: [mash.met.surf]
skipping: [mash.met.surf-infisical-deps]
skipping: [mash.met.surf-authentik-deps]

TASK [galaxy/endlessh : Validate Endlessh configuration] ***********************
skipping: [mash.met.surf]
skipping: [mash.met.surf-infisical-deps]
skipping: [mash.met.surf-authentik-deps]

TASK [galaxy/endlessh : Install Endlessh] **************************************
skipping: [mash.met.surf]
skipping: [mash.met.surf-infisical-deps]
skipping: [mash.met.surf-authentik-deps]

TASK [galaxy/endlessh : Uninstall Endlessh] ************************************
included: /home/user/work/mash-playbook/roles/galaxy/endlessh/tasks/uninstall.yml for mash.met.surf, mash.met.surf-infisical-deps, mash.met.surf-authentik-deps

TASK [galaxy/endlessh : Check existence of Endlessh systemd service] ***********
ok: [mash.met.surf-infisical-deps]
ok: [mash.met.surf]
ok: [mash.met.surf-authentik-deps]

TASK [galaxy/endlessh : Ensure Endlessh systemd service is stopped] ************
skipping: [mash.met.surf]
skipping: [mash.met.surf-infisical-deps]
skipping: [mash.met.surf-authentik-deps]

TASK [galaxy/endlessh : Ensure Endlessh systemd service does not exist] ********
skipping: [mash.met.surf]
skipping: [mash.met.surf-infisical-deps]
skipping: [mash.met.surf-authentik-deps]

TASK [galaxy/endlessh : Ensure Endlessh container network does not exist via community.docker.docker_network] ***
skipping: [mash.met.surf]
skipping: [mash.met.surf-infisical-deps]
skipping: [mash.met.surf-authentik-deps]

TASK [galaxy/endlessh : Ensure Endlessh container network does not exist via ansible.builtin.command] ***
skipping: [mash.met.surf]
skipping: [mash.met.surf-infisical-deps]
skipping: [mash.met.surf-authentik-deps]

TASK [galaxy/endlessh : Ensure Endlessh path does not exist] *******************
skipping: [mash.met.surf]
skipping: [mash.met.surf-infisical-deps]
skipping: [mash.met.surf-authentik-deps]

TASK [galaxy/etcd : Validate etcd configuration] *******************************
skipping: [mash.met.surf]
skipping: [mash.met.surf-infisical-deps]
skipping: [mash.met.surf-authentik-deps]

TASK [galaxy/etcd : Install etcd] **********************************************
skipping: [mash.met.surf]
skipping: [mash.met.surf-infisical-deps]
skipping: [mash.met.surf-authentik-deps]

TASK [galaxy/etcd : Uninstall etcd] ********************************************
included: /home/user/work/mash-playbook/roles/galaxy/etcd/tasks/uninstall.yml for mash.met.surf, mash.met.surf-infisical-deps, mash.met.surf-authentik-deps

TASK [galaxy/etcd : Check existence of etcd systemd service] *******************
ok: [mash.met.surf]
ok: [mash.met.surf-authentik-deps]
ok: [mash.met.surf-infisical-deps]

TASK [galaxy/etcd : Ensure etcd systemd service is stopped] ********************
skipping: [mash.met.surf]
skipping: [mash.met.surf-infisical-deps]
skipping: [mash.met.surf-authentik-deps]

TASK [galaxy/etcd : Ensure etcd systemd service does not exist] ****************
skipping: [mash.met.surf]
skipping: [mash.met.surf-infisical-deps]
skipping: [mash.met.surf-authentik-deps]

TASK [galaxy/etcd : Ensure etcd container network does not exist via community.docker.docker_network] ***
skipping: [mash.met.surf]
skipping: [mash.met.surf-infisical-deps]
skipping: [mash.met.surf-authentik-deps]

TASK [galaxy/etcd : Ensure etcd container network does not exist via ansible.builtin.command] ***
skipping: [mash.met.surf]
skipping: [mash.met.surf-infisical-deps]
skipping: [mash.met.surf-authentik-deps]

TASK [galaxy/etcd : Ensure etcd path does not exist] ***************************
skipping: [mash.met.surf]
skipping: [mash.met.surf-infisical-deps]
skipping: [mash.met.surf-authentik-deps]

TASK [galaxy/etherpad : Validate Etherpad configuration] ***********************
skipping: [mash.met.surf]
skipping: [mash.met.surf-infisical-deps]
skipping: [mash.met.surf-authentik-deps]

TASK [galaxy/etherpad : Install Etherpad] **************************************
skipping: [mash.met.surf]
skipping: [mash.met.surf-infisical-deps]
skipping: [mash.met.surf-authentik-deps]

TASK [galaxy/etherpad : Migrate old Etherpad settings.json file] ***************
skipping: [mash.met.surf]
skipping: [mash.met.surf-infisical-deps]
skipping: [mash.met.surf-authentik-deps]

TASK [galaxy/etherpad : Uninstall Etherpad] ************************************
included: /home/user/work/mash-playbook/roles/galaxy/etherpad/tasks/uninstall.yml for mash.met.surf, mash.met.surf-infisical-deps, mash.met.surf-authentik-deps

TASK [galaxy/etherpad : Check existence of Etherpad systemd service] ***********
ok: [mash.met.surf-infisical-deps]
ok: [mash.met.surf]
ok: [mash.met.surf-authentik-deps]

TASK [galaxy/etherpad : Ensure Etherpad systemd service is stopped] ************
skipping: [mash.met.surf]
skipping: [mash.met.surf-infisical-deps]
skipping: [mash.met.surf-authentik-deps]

TASK [galaxy/etherpad : Ensure Etherpad systemd service does not exist] ********
skipping: [mash.met.surf]
skipping: [mash.met.surf-infisical-deps]
skipping: [mash.met.surf-authentik-deps]

TASK [galaxy/etherpad : Ensure Etherpad config path does not exist] ************
skipping: [mash.met.surf]
skipping: [mash.met.surf-infisical-deps]
skipping: [mash.met.surf-authentik-deps]

TASK [galaxy/etherpad : Ensure Etherpad support file does not exist] ***********
skipping: [mash.met.surf]
skipping: [mash.met.surf-infisical-deps]
skipping: [mash.met.surf-authentik-deps]

TASK [galaxy/etherpad : Ensure Etherpad image source files path does not exist] ***
skipping: [mash.met.surf]
skipping: [mash.met.surf-infisical-deps]
skipping: [mash.met.surf-authentik-deps]

TASK [galaxy/etherpad : Ensure Etherpad container network does not exist via community.docker.docker_network] ***
skipping: [mash.met.surf]
skipping: [mash.met.surf-infisical-deps]
skipping: [mash.met.surf-authentik-deps]

TASK [galaxy/etherpad : Ensure Etherpad container network does not exist via ansible.builtin.command] ***
skipping: [mash.met.surf]
skipping: [mash.met.surf-infisical-deps]
skipping: [mash.met.surf-authentik-deps]

TASK [galaxy/etherpad : Ensure Etherpad local data path does not exist if empty] ***
skipping: [mash.met.surf]
skipping: [mash.met.surf-infisical-deps]
skipping: [mash.met.surf-authentik-deps]

TASK [galaxy/etherpad : Ensure Etherpad base path does not exist if empty] *****
skipping: [mash.met.surf]
skipping: [mash.met.surf-infisical-deps]
skipping: [mash.met.surf-authentik-deps]

TASK [galaxy/etherpad : Check existence of Etherpad local data path] ***********
ok: [mash.met.surf]
ok: [mash.met.surf-infisical-deps]
ok: [mash.met.surf-authentik-deps]

TASK [galaxy/etherpad : Notify if Etherpad local data remains] *****************
skipping: [mash.met.surf]
skipping: [mash.met.surf-infisical-deps]
skipping: [mash.met.surf-authentik-deps]

TASK [galaxy/excalidraw : Validate Excalidraw configuration] *******************
skipping: [mash.met.surf]
skipping: [mash.met.surf-infisical-deps]
skipping: [mash.met.surf-authentik-deps]

TASK [galaxy/excalidraw : Prepare HTTP Basic authentication for Excalidraw] ****
skipping: [mash.met.surf]
skipping: [mash.met.surf-infisical-deps]
skipping: [mash.met.surf-authentik-deps]

TASK [galaxy/excalidraw : Install Excalidraw] **********************************
skipping: [mash.met.surf]
skipping: [mash.met.surf-infisical-deps]
skipping: [mash.met.surf-authentik-deps]

TASK [galaxy/excalidraw : Uninstall Excalidraw] ********************************
included: /home/user/work/mash-playbook/roles/galaxy/excalidraw/tasks/uninstall.yml for mash.met.surf, mash.met.surf-infisical-deps, mash.met.surf-authentik-deps

TASK [galaxy/excalidraw : Check existence of Excalidraw systemd service] *******
ok: [mash.met.surf-infisical-deps]
ok: [mash.met.surf]
ok: [mash.met.surf-authentik-deps]

TASK [galaxy/excalidraw : Ensure Excalidraw systemd service is stopped] ********
skipping: [mash.met.surf]
skipping: [mash.met.surf-infisical-deps]
skipping: [mash.met.surf-authentik-deps]

TASK [galaxy/excalidraw : Ensure Excalidraw systemd service does not exist] ****
skipping: [mash.met.surf]
skipping: [mash.met.surf-infisical-deps]
skipping: [mash.met.surf-authentik-deps]

TASK [galaxy/excalidraw : Ensure Excalidraw container network does not exist via community.docker.docker_network] ***
skipping: [mash.met.surf]
skipping: [mash.met.surf-infisical-deps]
skipping: [mash.met.surf-authentik-deps]

TASK [galaxy/excalidraw : Ensure Excalidraw container network does not exist via ansible.builtin.command] ***
skipping: [mash.met.surf]
skipping: [mash.met.surf-infisical-deps]
skipping: [mash.met.surf-authentik-deps]

TASK [galaxy/excalidraw : Ensure Excalidraw path does not exist] ***************
skipping: [mash.met.surf]
skipping: [mash.met.surf-infisical-deps]
skipping: [mash.met.surf-authentik-deps]

TASK [galaxy/excalidraw_room : Validate Excalidraw collaboration server configuration] ***
skipping: [mash.met.surf]
skipping: [mash.met.surf-infisical-deps]
skipping: [mash.met.surf-authentik-deps]

TASK [galaxy/excalidraw_room : Install Excalidraw collaboration server] ********
skipping: [mash.met.surf]
skipping: [mash.met.surf-infisical-deps]
skipping: [mash.met.surf-authentik-deps]

TASK [galaxy/excalidraw_room : Uninstall Excalidraw collaboration server] ******
included: /home/user/work/mash-playbook/roles/galaxy/excalidraw_room/tasks/uninstall.yml for mash.met.surf, mash.met.surf-infisical-deps, mash.met.surf-authentik-deps

TASK [galaxy/excalidraw_room : Check existence of Excalidraw collaboration server systemd service] ***
ok: [mash.met.surf]
ok: [mash.met.surf-infisical-deps]
ok: [mash.met.surf-authentik-deps]

TASK [galaxy/excalidraw_room : Ensure Excalidraw collaboration server systemd service is stopped] ***
skipping: [mash.met.surf]
skipping: [mash.met.surf-infisical-deps]
skipping: [mash.met.surf-authentik-deps]

TASK [galaxy/excalidraw_room : Ensure Excalidraw collaboration server systemd service does not exist] ***
skipping: [mash.met.surf]
skipping: [mash.met.surf-infisical-deps]
skipping: [mash.met.surf-authentik-deps]

TASK [galaxy/excalidraw_room : Ensure Excalidraw collaboration server container network does not exist via community.docker.docker_network] ***
skipping: [mash.met.surf]
skipping: [mash.met.surf-infisical-deps]
skipping: [mash.met.surf-authentik-deps]

TASK [galaxy/excalidraw_room : Ensure Excalidraw collaboration server container network does not exist via ansible.builtin.command] ***
skipping: [mash.met.surf]
skipping: [mash.met.surf-infisical-deps]
skipping: [mash.met.surf-authentik-deps]

TASK [galaxy/excalidraw_room : Ensure Excalidraw collaboration server path does not exist] ***
skipping: [mash.met.surf]
skipping: [mash.met.surf-infisical-deps]
skipping: [mash.met.surf-authentik-deps]

TASK [galaxy/filebrowser : Validate File Browser configuration] ****************
skipping: [mash.met.surf]
skipping: [mash.met.surf-infisical-deps]
skipping: [mash.met.surf-authentik-deps]

TASK [galaxy/filebrowser : Install File Browser] *******************************
skipping: [mash.met.surf]
skipping: [mash.met.surf-infisical-deps]
skipping: [mash.met.surf-authentik-deps]

TASK [galaxy/filebrowser : Uninstall File Browser] *****************************
included: /home/user/work/mash-playbook/roles/galaxy/filebrowser/tasks/uninstall.yml for mash.met.surf, mash.met.surf-infisical-deps, mash.met.surf-authentik-deps

TASK [galaxy/filebrowser : Check existence of File Browser systemd service] ****
ok: [mash.met.surf]
ok: [mash.met.surf-infisical-deps]
ok: [mash.met.surf-authentik-deps]

TASK [galaxy/filebrowser : Ensure File Browser systemd service is stopped] *****
skipping: [mash.met.surf]
skipping: [mash.met.surf-infisical-deps]
skipping: [mash.met.surf-authentik-deps]

TASK [galaxy/filebrowser : Ensure File Browser systemd service does not exist] ***
skipping: [mash.met.surf]
skipping: [mash.met.surf-infisical-deps]
skipping: [mash.met.surf-authentik-deps]

TASK [galaxy/filebrowser : Ensure File Browser support files do not exist] *****
skipping: [mash.met.surf] => (item=env) 
skipping: [mash.met.surf] => (item=labels) 
skipping: [mash.met.surf]
skipping: [mash.met.surf-infisical-deps] => (item=env) 
skipping: [mash.met.surf-infisical-deps] => (item=labels) 
skipping: [mash.met.surf-infisical-deps]
skipping: [mash.met.surf-authentik-deps] => (item=env) 
skipping: [mash.met.surf-authentik-deps] => (item=labels) 
skipping: [mash.met.surf-authentik-deps]

TASK [galaxy/filebrowser : Ensure File Browser image source files path does not exist] ***
skipping: [mash.met.surf]
skipping: [mash.met.surf-infisical-deps]
skipping: [mash.met.surf-authentik-deps]

TASK [galaxy/filebrowser : Ensure File Browser local config path does not exist if empty] ***
skipping: [mash.met.surf]
skipping: [mash.met.surf-infisical-deps]
skipping: [mash.met.surf-authentik-deps]

TASK [galaxy/filebrowser : Ensure File Browser local data path does not exist if empty] ***
skipping: [mash.met.surf]
skipping: [mash.met.surf-infisical-deps]
skipping: [mash.met.surf-authentik-deps]

TASK [galaxy/filebrowser : Ensure File Browser base path does not exist if empty] ***
skipping: [mash.met.surf]
skipping: [mash.met.surf-infisical-deps]
skipping: [mash.met.surf-authentik-deps]

TASK [galaxy/filebrowser : Ensure File Browser container network does not exist via community.docker.docker_network] ***
skipping: [mash.met.surf]
skipping: [mash.met.surf-infisical-deps]
skipping: [mash.met.surf-authentik-deps]

TASK [galaxy/filebrowser : Ensure File Browser container network does not exist via ansible.builtin.command] ***
skipping: [mash.met.surf]
skipping: [mash.met.surf-infisical-deps]
skipping: [mash.met.surf-authentik-deps]

TASK [galaxy/filebrowser : Check existence of File Browser local config path] ***
ok: [mash.met.surf]
ok: [mash.met.surf-authentik-deps]
ok: [mash.met.surf-infisical-deps]

TASK [galaxy/filebrowser : Notify if File Browser local config remains] ********
skipping: [mash.met.surf]
skipping: [mash.met.surf-infisical-deps]
skipping: [mash.met.surf-authentik-deps]

TASK [galaxy/filebrowser : Check existence of File Browser local data path] ****
ok: [mash.met.surf]
ok: [mash.met.surf-infisical-deps]
ok: [mash.met.surf-authentik-deps]

TASK [galaxy/filebrowser : Notify if File Browser local data remains] **********
skipping: [mash.met.surf]
skipping: [mash.met.surf-infisical-deps]
skipping: [mash.met.surf-authentik-deps]

TASK [galaxy/filebrowser : Check existence of File Browser local database path] ***
ok: [mash.met.surf]
ok: [mash.met.surf-infisical-deps]
ok: [mash.met.surf-authentik-deps]

TASK [galaxy/filebrowser : Notify if File Browser local database remains] ******
skipping: [mash.met.surf]
skipping: [mash.met.surf-infisical-deps]
skipping: [mash.met.surf-authentik-deps]

TASK [galaxy/firezone : ansible.builtin.include_tasks] *************************
skipping: [mash.met.surf]
skipping: [mash.met.surf-infisical-deps]
skipping: [mash.met.surf-authentik-deps]

TASK [galaxy/firezone : ansible.builtin.include_tasks] *************************
skipping: [mash.met.surf]
skipping: [mash.met.surf-infisical-deps]
skipping: [mash.met.surf-authentik-deps]

TASK [galaxy/firezone : ansible.builtin.include_tasks] *************************
included: /home/user/work/mash-playbook/roles/galaxy/firezone/tasks/uninstall.yml for mash.met.surf, mash.met.surf-infisical-deps, mash.met.surf-authentik-deps

TASK [galaxy/firezone : Check existence of firezone systemd service] ***********
ok: [mash.met.surf]
ok: [mash.met.surf-authentik-deps]
ok: [mash.met.surf-infisical-deps]

TASK [galaxy/firezone : Ensure firezone services are stopped] ******************
skipping: [mash.met.surf]
skipping: [mash.met.surf-infisical-deps]
skipping: [mash.met.surf-authentik-deps]

TASK [galaxy/firezone : Ensure firezone service doesn't exist] *****************
skipping: [mash.met.surf]
skipping: [mash.met.surf-infisical-deps]
skipping: [mash.met.surf-authentik-deps]

TASK [galaxy/firezone : Ensure firezone base path is files deleted (make sure to delete node data)] ***
skipping: [mash.met.surf]
skipping: [mash.met.surf-infisical-deps]
skipping: [mash.met.surf-authentik-deps]

TASK [galaxy/flaresolverr : Run Flaresolverr validation tasks] *****************
skipping: [mash.met.surf]
skipping: [mash.met.surf-infisical-deps]
skipping: [mash.met.surf-authentik-deps]

TASK [galaxy/flaresolverr : Run Flaresolverr installation tasks] ***************
skipping: [mash.met.surf]
skipping: [mash.met.surf-infisical-deps]
skipping: [mash.met.surf-authentik-deps]

TASK [galaxy/flaresolverr : Run Flaresolverr uninstallation tasks] *************
included: /home/user/work/mash-playbook/roles/galaxy/flaresolverr/tasks/uninstall.yml for mash.met.surf, mash.met.surf-infisical-deps, mash.met.surf-authentik-deps

TASK [galaxy/flaresolverr : Check existence of Flaresolverr systemd service] ***
ok: [mash.met.surf-infisical-deps]
ok: [mash.met.surf]
ok: [mash.met.surf-authentik-deps]

TASK [galaxy/flaresolverr : Ensure Flaresolverr systemd service is stopped] ****
skipping: [mash.met.surf]
skipping: [mash.met.surf-infisical-deps]
skipping: [mash.met.surf-authentik-deps]

TASK [galaxy/flaresolverr : Ensure Flaresolverr systemd service does not exist] ***
skipping: [mash.met.surf]
skipping: [mash.met.surf-infisical-deps]
skipping: [mash.met.surf-authentik-deps]

TASK [galaxy/flaresolverr : Ensure Flaresolverr path doesn't exist] ************
skipping: [mash.met.surf]
skipping: [mash.met.surf-infisical-deps]
skipping: [mash.met.surf-authentik-deps]

TASK [galaxy/fmd_server : Validate FMD Server configuration] *******************
skipping: [mash.met.surf]
skipping: [mash.met.surf-infisical-deps]
skipping: [mash.met.surf-authentik-deps]

TASK [galaxy/fmd_server : Install FMD Server] **********************************
skipping: [mash.met.surf]
skipping: [mash.met.surf-infisical-deps]
skipping: [mash.met.surf-authentik-deps]

TASK [galaxy/fmd_server : Uninstall FMD Server] ********************************
included: /home/user/work/mash-playbook/roles/galaxy/fmd_server/tasks/uninstall.yml for mash.met.surf, mash.met.surf-infisical-deps, mash.met.surf-authentik-deps

TASK [galaxy/fmd_server : Check existence of FMD Server systemd service] *******
ok: [mash.met.surf]
ok: [mash.met.surf-authentik-deps]
ok: [mash.met.surf-infisical-deps]

TASK [galaxy/fmd_server : Ensure FMD Server systemd service is stopped] ********
skipping: [mash.met.surf]
skipping: [mash.met.surf-infisical-deps]
skipping: [mash.met.surf-authentik-deps]

TASK [galaxy/fmd_server : Ensure FMD Server systemd service does not exist] ****
skipping: [mash.met.surf]
skipping: [mash.met.surf-infisical-deps]
skipping: [mash.met.surf-authentik-deps]

TASK [galaxy/fmd_server : Ensure FMD Server support files do not exist] ********
skipping: [mash.met.surf] => (item=config.yml) 
skipping: [mash.met.surf] => (item=env) 
skipping: [mash.met.surf] => (item=labels) 
skipping: [mash.met.surf]
skipping: [mash.met.surf-infisical-deps] => (item=config.yml) 
skipping: [mash.met.surf-infisical-deps] => (item=env) 
skipping: [mash.met.surf-infisical-deps] => (item=labels) 
skipping: [mash.met.surf-infisical-deps]
skipping: [mash.met.surf-authentik-deps] => (item=config.yml) 
skipping: [mash.met.surf-authentik-deps] => (item=env) 
skipping: [mash.met.surf-authentik-deps] => (item=labels) 
skipping: [mash.met.surf-authentik-deps]

TASK [galaxy/fmd_server : Ensure FMD Server image source files path does not exist] ***
skipping: [mash.met.surf]
skipping: [mash.met.surf-infisical-deps]
skipping: [mash.met.surf-authentik-deps]

TASK [galaxy/fmd_server : Ensure FMD Server container network does not exist via community.docker.docker_network] ***
skipping: [mash.met.surf]
skipping: [mash.met.surf-infisical-deps]
skipping: [mash.met.surf-authentik-deps]

TASK [galaxy/fmd_server : Ensure FMD Server container network does not exist via ansible.builtin.command] ***
skipping: [mash.met.surf]
skipping: [mash.met.surf-infisical-deps]
skipping: [mash.met.surf-authentik-deps]

TASK [galaxy/fmd_server : Check existence of FMD Server local data path] *******
ok: [mash.met.surf-authentik-deps]
ok: [mash.met.surf-infisical-deps]
ok: [mash.met.surf]

TASK [galaxy/fmd_server : Notify if FMD Server local data remains] *************
skipping: [mash.met.surf]
skipping: [mash.met.surf-infisical-deps]
skipping: [mash.met.surf-authentik-deps]

TASK [galaxy/focalboard : Validate Focalboard configuration] *******************
skipping: [mash.met.surf]
skipping: [mash.met.surf-infisical-deps]
skipping: [mash.met.surf-authentik-deps]

TASK [galaxy/focalboard : Install Focalboard] **********************************
skipping: [mash.met.surf]
skipping: [mash.met.surf-infisical-deps]
skipping: [mash.met.surf-authentik-deps]

TASK [galaxy/focalboard : Uninstall Focalboard] ********************************
included: /home/user/work/mash-playbook/roles/galaxy/focalboard/tasks/uninstall.yml for mash.met.surf, mash.met.surf-infisical-deps, mash.met.surf-authentik-deps

TASK [galaxy/focalboard : Check existence of Focalboard systemd service] *******
ok: [mash.met.surf]
ok: [mash.met.surf-authentik-deps]
ok: [mash.met.surf-infisical-deps]

TASK [galaxy/focalboard : Ensure Focalboard systemd service is stopped] ********
skipping: [mash.met.surf]
skipping: [mash.met.surf-infisical-deps]
skipping: [mash.met.surf-authentik-deps]

TASK [galaxy/focalboard : Ensure Focalboard systemd service does not exist] ****
skipping: [mash.met.surf]
skipping: [mash.met.surf-infisical-deps]
skipping: [mash.met.surf-authentik-deps]

TASK [galaxy/focalboard : Ensure Focalboard container network does not exist via community.docker.docker_network] ***
skipping: [mash.met.surf]
skipping: [mash.met.surf-infisical-deps]
skipping: [mash.met.surf-authentik-deps]

TASK [galaxy/focalboard : Ensure Focalboard container network does not exist via ansible.builtin.command] ***
skipping: [mash.met.surf]
skipping: [mash.met.surf-infisical-deps]
skipping: [mash.met.surf-authentik-deps]

TASK [galaxy/focalboard : Ensure Focalboard path does not exist] ***************
skipping: [mash.met.surf]
skipping: [mash.met.surf-infisical-deps]
skipping: [mash.met.surf-authentik-deps]

TASK [galaxy/forgejo : Validate Forgejo configuration] *************************
skipping: [mash.met.surf-infisical-deps]
skipping: [mash.met.surf-authentik-deps]
included: /home/user/work/mash-playbook/roles/galaxy/forgejo/tasks/validate_config.yml for mash.met.surf

TASK [galaxy/forgejo : (Deprecation) Catch and report renamed settings] ********
skipping: [mash.met.surf] => (item={'old': 'forgejo_data_dir_path', 'new': 'forgejo_data_path'}) 
skipping: [mash.met.surf] => (item={'old': 'forgejo_config_dir_path', 'new': 'forgejo_config_path'}) 
skipping: [mash.met.surf] => (item={'old': 'forgejo_http_bind_port', 'new': 'forgejo_container_http_host_bind_port'}) 
skipping: [mash.met.surf] => (item={'old': 'forgejo_ssh_bind_port', 'new': 'forgejo_container_ssh_host_bind_port'}) 
skipping: [mash.met.surf] => (item={'old': 'forgejo_config_server_ssh_listen_port', 'new': 'forgejo_container_ssh_port'}) 
skipping: [mash.met.surf] => (item={'old': 'forgejo_config_database_type', 'new': 'forgejo_database_type'}) 
skipping: [mash.met.surf] => (item={'old': 'forgejo_config_database_hostname', 'new': '<Replace with forgejo_database_mysql_hostname or forgejo_database_postgres_hostname>'}) 
skipping: [mash.met.surf] => (item={'old': 'forgejo_config_database_port', 'new': '<Replace with forgejo_database_mysql_port or forgejo_database_postgres_port>'}) 
skipping: [mash.met.surf] => (item={'old': 'forgejo_config_database_name', 'new': 'forgejo_database_name'}) 
skipping: [mash.met.surf] => (item={'old': 'forgejo_config_database_username', 'new': '<Replace with forgejo_database_mysql_username or forgejo_database_postgres_username>'}) 
skipping: [mash.met.surf] => (item={'old': 'forgejo_config_database_password', 'new': '<Replace with forgejo_database_mysql_password or forgejo_database_postgres_password>'}) 
skipping: [mash.met.surf] => (item={'old': 'forgejo_database_hostname', 'new': '<Replace with forgejo_database_mysql_hostname or forgejo_database_postgres_hostname>'}) 
skipping: [mash.met.surf] => (item={'old': 'forgejo_database_port', 'new': '<Replace with forgejo_database_mysql_port or forgejo_database_postgres_port>'}) 
skipping: [mash.met.surf] => (item={'old': 'forgejo_database_username', 'new': '<Replace with forgejo_database_mysql_username or forgejo_database_postgres_username>'}) 
skipping: [mash.met.surf] => (item={'old': 'forgejo_database_password', 'new': '<Replace with forgejo_database_mysql_password or forgejo_database_postgres_password>'}) 
skipping: [mash.met.surf] => (item={'old': 'forgejo_container_additional_environment_variables', 'new': 'forgejo_environment_variables_additional_variables'}) 
skipping: [mash.met.surf] => (item={'old': 'forgejo_systemd_required_systemd_services_list', 'new': 'forgejo_systemd_required_services_list'}) 
skipping: [mash.met.surf] => (item={'old': 'forgejo_systemd_required_systemd_services_list_default', 'new': 'forgejo_systemd_required_services_list_default'}) 
skipping: [mash.met.surf] => (item={'old': 'forgejo_systemd_required_systemd_services_list_auto', 'new': 'forgejo_systemd_required_services_list_auto'}) 
skipping: [mash.met.surf] => (item={'old': 'forgejo_systemd_required_systemd_services_list_custom', 'new': 'forgejo_systemd_required_services_list_custom'}) 
skipping: [mash.met.surf] => (item={'old': 'forgejo_http_header_content_permission_policy', 'new': 'forgejo_http_header_permissions_policy'}) 
skipping: [mash.met.surf]

TASK [galaxy/forgejo : Fail if required Forgejo settings not defined] **********
skipping: [mash.met.surf] => (item={'name': 'forgejo_hostname', 'when': True}) 
skipping: [mash.met.surf] => (item={'name': 'forgejo_uid', 'when': True}) 
skipping: [mash.met.surf] => (item={'name': 'forgejo_gid', 'when': True}) 
skipping: [mash.met.surf] => (item={'name': 'forgejo_container_labels_traefik_compression_middleware_name', 'when': True}) 
skipping: [mash.met.surf]

TASK [galaxy/forgejo : Fail if Forgejo database type invalid] ******************
skipping: [mash.met.surf]

TASK [galaxy/forgejo : Fail if required Forgejo + MySQL integration settings not defined] ***
skipping: [mash.met.surf] => (item=forgejo_database_mysql_hostname) 
skipping: [mash.met.surf] => (item=forgejo_database_mysql_password) 
skipping: [mash.met.surf]

TASK [galaxy/forgejo : Fail if required Forgejo + Postgres integration settings not defined] ***
skipping: [mash.met.surf] => (item=forgejo_database_postgres_hostname) 
skipping: [mash.met.surf] => (item=forgejo_database_postgres_password) 
skipping: [mash.met.surf]

TASK [galaxy/forgejo : Fail if SMTP settings are missing (and SMTP is enabled by setting host)] ***
skipping: [mash.met.surf] => (item=forgejo_config_mailer_smtp_addr) 
skipping: [mash.met.surf] => (item=forgejo_config_mailer_from) 
skipping: [mash.met.surf]

TASK [galaxy/forgejo : Fail if Traefik settings required for Forgejo are not defined] ***
skipping: [mash.met.surf] => (item=forgejo_container_labels_traefik_hostname) 
skipping: [mash.met.surf] => (item=forgejo_container_labels_traefik_path_prefix) 
skipping: [mash.met.surf]

TASK [galaxy/forgejo : Fail if forgejo_container_labels_traefik_path_prefix ends with a slash] ***
skipping: [mash.met.surf]

TASK [galaxy/forgejo : Install Forgejo] ****************************************
skipping: [mash.met.surf-infisical-deps]
skipping: [mash.met.surf-authentik-deps]
included: /home/user/work/mash-playbook/roles/galaxy/forgejo/tasks/install.yml for mash.met.surf

TASK [galaxy/forgejo : Ensure Forgejo paths exist] *****************************
ok: [mash.met.surf] => (item=/mash/forgejo)
ok: [mash.met.surf] => (item=/srv/storage/forgejo/data)
ok: [mash.met.surf] => (item=/mash/forgejo/config)

TASK [galaxy/forgejo : Ensure Forgejo support files installed] *****************
ok: [mash.met.surf] => (item=env)
ok: [mash.met.surf] => (item=labels)

TASK [galaxy/forgejo : Ensure Forgejo container image is pulled via community.docker.docker_image] ***
ok: [mash.met.surf]

TASK [galaxy/forgejo : Ensure Forgejo container image is pulled via ansible.builtin.command] ***
skipping: [mash.met.surf]

TASK [galaxy/forgejo : Ensure Forgejo repository is present on self-build] *****
skipping: [mash.met.surf]

TASK [galaxy/forgejo : Ensure Forgejo container image is built] ****************
skipping: [mash.met.surf]

TASK [galaxy/forgejo : Ensure Forgejo container network is created via community.docker.docker_network] ***
ok: [mash.met.surf]

TASK [galaxy/forgejo : Ensure Forgejo container network is created via ansible.builtin.command] ***
skipping: [mash.met.surf]

TASK [galaxy/forgejo : Ensure Forgejo systemd service is present] **************
ok: [mash.met.surf]

TASK [galaxy/forgejo : Uninstall Forgejo] **************************************
skipping: [mash.met.surf]
included: /home/user/work/mash-playbook/roles/galaxy/forgejo/tasks/uninstall.yml for mash.met.surf-infisical-deps, mash.met.surf-authentik-deps

TASK [galaxy/forgejo : Check existence of Forgejo systemd service] *************
ok: [mash.met.surf-infisical-deps]
ok: [mash.met.surf-authentik-deps]

TASK [galaxy/forgejo : Ensure Forgejo systemd service is stopped] **************
skipping: [mash.met.surf-infisical-deps]
skipping: [mash.met.surf-authentik-deps]

TASK [galaxy/forgejo : Ensure Forgejo systemd service does not exist] **********
skipping: [mash.met.surf-infisical-deps]
skipping: [mash.met.surf-authentik-deps]

TASK [galaxy/forgejo : Ensure Forgejo support files do not exist] **************
skipping: [mash.met.surf-infisical-deps] => (item=env) 
skipping: [mash.met.surf-infisical-deps] => (item=labels) 
skipping: [mash.met.surf-infisical-deps]
skipping: [mash.met.surf-authentik-deps] => (item=env) 
skipping: [mash.met.surf-authentik-deps] => (item=labels) 
skipping: [mash.met.surf-authentik-deps]

TASK [galaxy/forgejo : Ensure Forgejo image source files path does not exist] ***
skipping: [mash.met.surf-infisical-deps]
skipping: [mash.met.surf-authentik-deps]

TASK [galaxy/forgejo : Ensure Forgejo local config path does not exist if empty] ***
skipping: [mash.met.surf-infisical-deps]
skipping: [mash.met.surf-authentik-deps]

TASK [galaxy/forgejo : Ensure Forgejo local data path does not exist if empty] ***
skipping: [mash.met.surf-infisical-deps]
skipping: [mash.met.surf-authentik-deps]

TASK [galaxy/forgejo : Ensure Forgejo base path does not exist if empty] *******
skipping: [mash.met.surf-infisical-deps]
skipping: [mash.met.surf-authentik-deps]

TASK [galaxy/forgejo : Ensure Forgejo container network does not exist via community.docker.docker_network] ***
skipping: [mash.met.surf-infisical-deps]
skipping: [mash.met.surf-authentik-deps]

TASK [galaxy/forgejo : Ensure Forgejo container network does not exist via ansible.builtin.command] ***
skipping: [mash.met.surf-infisical-deps]
skipping: [mash.met.surf-authentik-deps]

TASK [galaxy/forgejo : Check existence of Forgejo local data path] *************
ok: [mash.met.surf-infisical-deps]
ok: [mash.met.surf-authentik-deps]

TASK [galaxy/forgejo : Notify if Forgejo local data remains] *******************
skipping: [mash.met.surf-infisical-deps]
skipping: [mash.met.surf-authentik-deps]

TASK [galaxy/forgejo : Check existence of Forgejo config path] *****************
ok: [mash.met.surf-infisical-deps]
ok: [mash.met.surf-authentik-deps]

TASK [galaxy/forgejo : Notify if Forgejo config remains] ***********************
skipping: [mash.met.surf-infisical-deps]
skipping: [mash.met.surf-authentik-deps]

TASK [galaxy/forgejo_runner : ansible.builtin.include_tasks] *******************
skipping: [mash.met.surf]
skipping: [mash.met.surf-infisical-deps]
skipping: [mash.met.surf-authentik-deps]

TASK [galaxy/forgejo_runner : ansible.builtin.include_tasks] *******************
skipping: [mash.met.surf]
skipping: [mash.met.surf-infisical-deps]
skipping: [mash.met.surf-authentik-deps]

TASK [galaxy/forgejo_runner : ansible.builtin.include_tasks] *******************
included: /home/user/work/mash-playbook/roles/galaxy/forgejo_runner/tasks/uninstall.yml for mash.met.surf, mash.met.surf-infisical-deps, mash.met.surf-authentik-deps

TASK [galaxy/forgejo_runner : Check existence of Forgejo Runner systemd service] ***
ok: [mash.met.surf]
ok: [mash.met.surf-infisical-deps]
ok: [mash.met.surf-authentik-deps]

TASK [galaxy/forgejo_runner : Ensure Forgejo Runner systemd service is stopped] ***
skipping: [mash.met.surf]
skipping: [mash.met.surf-infisical-deps]
skipping: [mash.met.surf-authentik-deps]

TASK [galaxy/forgejo_runner : Ensure Forgejo Runner systemd service does not exist] ***
skipping: [mash.met.surf]
skipping: [mash.met.surf-infisical-deps]
skipping: [mash.met.surf-authentik-deps]

TASK [galaxy/forgejo_runner : Ensure Forgejo Runner path doesn't exist] ********
skipping: [mash.met.surf]
skipping: [mash.met.surf-infisical-deps]
skipping: [mash.met.surf-authentik-deps]

TASK [galaxy/freescout : Validate FreeScout configuration] *********************
skipping: [mash.met.surf]
skipping: [mash.met.surf-infisical-deps]
skipping: [mash.met.surf-authentik-deps]

TASK [galaxy/freescout : Install FreeScout] ************************************
skipping: [mash.met.surf]
skipping: [mash.met.surf-infisical-deps]
skipping: [mash.met.surf-authentik-deps]

TASK [galaxy/freescout : Uninstall FreeScout] **********************************
included: /home/user/work/mash-playbook/roles/galaxy/freescout/tasks/uninstall.yml for mash.met.surf, mash.met.surf-infisical-deps, mash.met.surf-authentik-deps

TASK [galaxy/freescout : Check existence of FreeScout systemd service] *********
ok: [mash.met.surf-authentik-deps]
ok: [mash.met.surf]
ok: [mash.met.surf-infisical-deps]

TASK [galaxy/freescout : Ensure FreeScout systemd service is stopped] **********
skipping: [mash.met.surf]
skipping: [mash.met.surf-infisical-deps]
skipping: [mash.met.surf-authentik-deps]

TASK [galaxy/freescout : Ensure FreeScout systemd service does not exist] ******
skipping: [mash.met.surf]
skipping: [mash.met.surf-infisical-deps]
skipping: [mash.met.surf-authentik-deps]

TASK [galaxy/freescout : Ensure FreeScout container network does not exist via community.docker.docker_network] ***
skipping: [mash.met.surf]
skipping: [mash.met.surf-infisical-deps]
skipping: [mash.met.surf-authentik-deps]

TASK [galaxy/freescout : Ensure FreeScout container network does not exist via ansible.builtin.command] ***
skipping: [mash.met.surf]
skipping: [mash.met.surf-infisical-deps]
skipping: [mash.met.surf-authentik-deps]

TASK [galaxy/freescout : Ensure FreeScout path does not exist] *****************
skipping: [mash.met.surf]
skipping: [mash.met.surf-infisical-deps]
skipping: [mash.met.surf-authentik-deps]

TASK [galaxy/freshrss : Validate FreshRSS configuration] ***********************
skipping: [mash.met.surf]
skipping: [mash.met.surf-infisical-deps]
skipping: [mash.met.surf-authentik-deps]

TASK [galaxy/freshrss : Install FreshRSS] **************************************
skipping: [mash.met.surf]
skipping: [mash.met.surf-infisical-deps]
skipping: [mash.met.surf-authentik-deps]

TASK [galaxy/freshrss : Uninstall FreshRSS] ************************************
included: /home/user/work/mash-playbook/roles/galaxy/freshrss/tasks/uninstall.yml for mash.met.surf, mash.met.surf-infisical-deps, mash.met.surf-authentik-deps

TASK [galaxy/freshrss : Check existence of FreshRSS systemd service] ***********
ok: [mash.met.surf-infisical-deps]
ok: [mash.met.surf-authentik-deps]
ok: [mash.met.surf]

TASK [galaxy/freshrss : Ensure FreshRSS systemd service is stopped] ************
skipping: [mash.met.surf]
skipping: [mash.met.surf-infisical-deps]
skipping: [mash.met.surf-authentik-deps]

TASK [galaxy/freshrss : Ensure FreshRSS systemd service does not exist] ********
skipping: [mash.met.surf]
skipping: [mash.met.surf-infisical-deps]
skipping: [mash.met.surf-authentik-deps]

TASK [galaxy/freshrss : Ensure FreshRSS support files do not exist] ************
skipping: [mash.met.surf] => (item=env) 
skipping: [mash.met.surf] => (item=labels) 
skipping: [mash.met.surf]
skipping: [mash.met.surf-infisical-deps] => (item=env) 
skipping: [mash.met.surf-infisical-deps] => (item=labels) 
skipping: [mash.met.surf-infisical-deps]
skipping: [mash.met.surf-authentik-deps] => (item=env) 
skipping: [mash.met.surf-authentik-deps] => (item=labels) 
skipping: [mash.met.surf-authentik-deps]

TASK [galaxy/freshrss : Ensure FreshRSS local data path does not exist if empty] ***
skipping: [mash.met.surf]
skipping: [mash.met.surf-infisical-deps]
skipping: [mash.met.surf-authentik-deps]

TASK [galaxy/freshrss : Ensure FreshRSS local extensions path does not exist if empty] ***
skipping: [mash.met.surf]
skipping: [mash.met.surf-infisical-deps]
skipping: [mash.met.surf-authentik-deps]

TASK [galaxy/freshrss : Ensure FreshRSS base path does not exist if empty] *****
skipping: [mash.met.surf]
skipping: [mash.met.surf-infisical-deps]
skipping: [mash.met.surf-authentik-deps]

TASK [galaxy/freshrss : Ensure FreshRSS container network does not exist via community.docker.docker_network] ***
skipping: [mash.met.surf]
skipping: [mash.met.surf-infisical-deps]
skipping: [mash.met.surf-authentik-deps]

TASK [galaxy/freshrss : Ensure FreshRSS container network does not exist via ansible.builtin.command] ***
skipping: [mash.met.surf]
skipping: [mash.met.surf-infisical-deps]
skipping: [mash.met.surf-authentik-deps]

TASK [galaxy/freshrss : Check existence of FreshRSS local data path] ***********
ok: [mash.met.surf-authentik-deps]
ok: [mash.met.surf]
ok: [mash.met.surf-infisical-deps]

TASK [galaxy/freshrss : Notify if FreshRSS local data remains] *****************
skipping: [mash.met.surf]
skipping: [mash.met.surf-infisical-deps]
skipping: [mash.met.surf-authentik-deps]

TASK [galaxy/freshrss : Check existence of FreshRSS extensions path] ***********
ok: [mash.met.surf-infisical-deps]
ok: [mash.met.surf-authentik-deps]
ok: [mash.met.surf]

TASK [galaxy/freshrss : Notify if FreshRSS extensions remain] ******************
skipping: [mash.met.surf]
skipping: [mash.met.surf-infisical-deps]
skipping: [mash.met.surf-authentik-deps]

TASK [galaxy/funkwhale : Validate Funkwhale configuration] *********************
skipping: [mash.met.surf]
skipping: [mash.met.surf-infisical-deps]
skipping: [mash.met.surf-authentik-deps]

TASK [galaxy/funkwhale : Install Funkwhale] ************************************
skipping: [mash.met.surf]
skipping: [mash.met.surf-infisical-deps]
skipping: [mash.met.surf-authentik-deps]

TASK [galaxy/funkwhale : Uninstall Funkwhale] **********************************
included: /home/user/work/mash-playbook/roles/galaxy/funkwhale/tasks/uninstall.yml for mash.met.surf, mash.met.surf-infisical-deps, mash.met.surf-authentik-deps

TASK [galaxy/funkwhale : Ensure Funkwhale systemd services are stopped and removed] ***
included: /home/user/work/mash-playbook/roles/galaxy/funkwhale/tasks/remove_service.yml for mash.met.surf => (item={'service': 'mash-funkwhale-frontend.service', 'path': '/etc/systemd/system/mash-funkwhale-frontend.service'})
included: /home/user/work/mash-playbook/roles/galaxy/funkwhale/tasks/remove_service.yml for mash.met.surf => (item={'service': 'mash-funkwhale-api.service', 'path': '/etc/systemd/system/mash-funkwhale-api.service'})
included: /home/user/work/mash-playbook/roles/galaxy/funkwhale/tasks/remove_service.yml for mash.met.surf => (item={'service': 'mash-funkwhale-celery-worker.service', 'path': '/etc/systemd/system/mash-funkwhale-celery-worker.service'})
included: /home/user/work/mash-playbook/roles/galaxy/funkwhale/tasks/remove_service.yml for mash.met.surf => (item={'service': 'mash-funkwhale-celery-beat.service', 'path': '/etc/systemd/system/mash-funkwhale-celery-beat.service'})
included: /home/user/work/mash-playbook/roles/galaxy/funkwhale/tasks/remove_service.yml for mash.met.surf => (item={'service': 'mash-funkwhale-watch-imports.service', 'path': '/etc/systemd/system/mash-funkwhale-watch-imports.service'})
included: /home/user/work/mash-playbook/roles/galaxy/funkwhale/tasks/remove_service.yml for mash.met.surf-infisical-deps => (item={'service': 'mash-infisical-funkwhale-frontend.service', 'path': '/etc/systemd/system/mash-infisical-funkwhale-frontend.service'})
included: /home/user/work/mash-playbook/roles/galaxy/funkwhale/tasks/remove_service.yml for mash.met.surf-infisical-deps => (item={'service': 'mash-infisical-funkwhale-api.service', 'path': '/etc/systemd/system/mash-infisical-funkwhale-api.service'})
included: /home/user/work/mash-playbook/roles/galaxy/funkwhale/tasks/remove_service.yml for mash.met.surf-infisical-deps => (item={'service': 'mash-infisical-funkwhale-celery-worker.service', 'path': '/etc/systemd/system/mash-infisical-funkwhale-celery-worker.service'})
included: /home/user/work/mash-playbook/roles/galaxy/funkwhale/tasks/remove_service.yml for mash.met.surf-infisical-deps => (item={'service': 'mash-infisical-funkwhale-celery-beat.service', 'path': '/etc/systemd/system/mash-infisical-funkwhale-celery-beat.service'})
included: /home/user/work/mash-playbook/roles/galaxy/funkwhale/tasks/remove_service.yml for mash.met.surf-infisical-deps => (item={'service': 'mash-infisical-funkwhale-watch-imports.service', 'path': '/etc/systemd/system/mash-infisical-funkwhale-watch-imports.service'})
included: /home/user/work/mash-playbook/roles/galaxy/funkwhale/tasks/remove_service.yml for mash.met.surf-authentik-deps => (item={'service': 'mash-authentik-funkwhale-frontend.service', 'path': '/etc/systemd/system/mash-authentik-funkwhale-frontend.service'})
included: /home/user/work/mash-playbook/roles/galaxy/funkwhale/tasks/remove_service.yml for mash.met.surf-authentik-deps => (item={'service': 'mash-authentik-funkwhale-api.service', 'path': '/etc/systemd/system/mash-authentik-funkwhale-api.service'})
included: /home/user/work/mash-playbook/roles/galaxy/funkwhale/tasks/remove_service.yml for mash.met.surf-authentik-deps => (item={'service': 'mash-authentik-funkwhale-celery-worker.service', 'path': '/etc/systemd/system/mash-authentik-funkwhale-celery-worker.service'})
included: /home/user/work/mash-playbook/roles/galaxy/funkwhale/tasks/remove_service.yml for mash.met.surf-authentik-deps => (item={'service': 'mash-authentik-funkwhale-celery-beat.service', 'path': '/etc/systemd/system/mash-authentik-funkwhale-celery-beat.service'})
included: /home/user/work/mash-playbook/roles/galaxy/funkwhale/tasks/remove_service.yml for mash.met.surf-authentik-deps => (item={'service': 'mash-authentik-funkwhale-watch-imports.service', 'path': '/etc/systemd/system/mash-authentik-funkwhale-watch-imports.service'})

TASK [galaxy/funkwhale : Check existence of Funkwhale systemd service] *********
ok: [mash.met.surf]

TASK [galaxy/funkwhale : Ensure Funkwhale systemd service is stopped] **********
skipping: [mash.met.surf]

TASK [galaxy/funkwhale : Ensure Funkwhale service does not exist] **************
skipping: [mash.met.surf]

TASK [galaxy/funkwhale : Check existence of Funkwhale systemd service] *********
ok: [mash.met.surf]

TASK [galaxy/funkwhale : Ensure Funkwhale systemd service is stopped] **********
skipping: [mash.met.surf]

TASK [galaxy/funkwhale : Ensure Funkwhale service does not exist] **************
skipping: [mash.met.surf]

TASK [galaxy/funkwhale : Check existence of Funkwhale systemd service] *********
ok: [mash.met.surf]

TASK [galaxy/funkwhale : Ensure Funkwhale systemd service is stopped] **********
skipping: [mash.met.surf]

TASK [galaxy/funkwhale : Ensure Funkwhale service does not exist] **************
skipping: [mash.met.surf]

TASK [galaxy/funkwhale : Check existence of Funkwhale systemd service] *********
ok: [mash.met.surf]

TASK [galaxy/funkwhale : Ensure Funkwhale systemd service is stopped] **********
skipping: [mash.met.surf]

TASK [galaxy/funkwhale : Ensure Funkwhale service does not exist] **************
skipping: [mash.met.surf]

TASK [galaxy/funkwhale : Check existence of Funkwhale systemd service] *********
ok: [mash.met.surf]

TASK [galaxy/funkwhale : Ensure Funkwhale systemd service is stopped] **********
skipping: [mash.met.surf]

TASK [galaxy/funkwhale : Ensure Funkwhale service does not exist] **************
skipping: [mash.met.surf]

TASK [galaxy/funkwhale : Check existence of Funkwhale systemd service] *********
ok: [mash.met.surf-infisical-deps]

TASK [galaxy/funkwhale : Ensure Funkwhale systemd service is stopped] **********
skipping: [mash.met.surf-infisical-deps]

TASK [galaxy/funkwhale : Ensure Funkwhale service does not exist] **************
skipping: [mash.met.surf-infisical-deps]

TASK [galaxy/funkwhale : Check existence of Funkwhale systemd service] *********
ok: [mash.met.surf-infisical-deps]

TASK [galaxy/funkwhale : Ensure Funkwhale systemd service is stopped] **********
skipping: [mash.met.surf-infisical-deps]

TASK [galaxy/funkwhale : Ensure Funkwhale service does not exist] **************
skipping: [mash.met.surf-infisical-deps]

TASK [galaxy/funkwhale : Check existence of Funkwhale systemd service] *********
ok: [mash.met.surf-infisical-deps]

TASK [galaxy/funkwhale : Ensure Funkwhale systemd service is stopped] **********
skipping: [mash.met.surf-infisical-deps]

TASK [galaxy/funkwhale : Ensure Funkwhale service does not exist] **************
skipping: [mash.met.surf-infisical-deps]

TASK [galaxy/funkwhale : Check existence of Funkwhale systemd service] *********
ok: [mash.met.surf-infisical-deps]

TASK [galaxy/funkwhale : Ensure Funkwhale systemd service is stopped] **********
skipping: [mash.met.surf-infisical-deps]

TASK [galaxy/funkwhale : Ensure Funkwhale service does not exist] **************
skipping: [mash.met.surf-infisical-deps]

TASK [galaxy/funkwhale : Check existence of Funkwhale systemd service] *********
ok: [mash.met.surf-infisical-deps]

TASK [galaxy/funkwhale : Ensure Funkwhale systemd service is stopped] **********
skipping: [mash.met.surf-infisical-deps]

TASK [galaxy/funkwhale : Ensure Funkwhale service does not exist] **************
skipping: [mash.met.surf-infisical-deps]

TASK [galaxy/funkwhale : Check existence of Funkwhale systemd service] *********
ok: [mash.met.surf-authentik-deps]

TASK [galaxy/funkwhale : Ensure Funkwhale systemd service is stopped] **********
skipping: [mash.met.surf-authentik-deps]

TASK [galaxy/funkwhale : Ensure Funkwhale service does not exist] **************
skipping: [mash.met.surf-authentik-deps]

TASK [galaxy/funkwhale : Check existence of Funkwhale systemd service] *********
ok: [mash.met.surf-authentik-deps]

TASK [galaxy/funkwhale : Ensure Funkwhale systemd service is stopped] **********
skipping: [mash.met.surf-authentik-deps]

TASK [galaxy/funkwhale : Ensure Funkwhale service does not exist] **************
skipping: [mash.met.surf-authentik-deps]

TASK [galaxy/funkwhale : Check existence of Funkwhale systemd service] *********
ok: [mash.met.surf-authentik-deps]

TASK [galaxy/funkwhale : Ensure Funkwhale systemd service is stopped] **********
skipping: [mash.met.surf-authentik-deps]

TASK [galaxy/funkwhale : Ensure Funkwhale service does not exist] **************
skipping: [mash.met.surf-authentik-deps]

TASK [galaxy/funkwhale : Check existence of Funkwhale systemd service] *********
ok: [mash.met.surf-authentik-deps]

TASK [galaxy/funkwhale : Ensure Funkwhale systemd service is stopped] **********
skipping: [mash.met.surf-authentik-deps]

TASK [galaxy/funkwhale : Ensure Funkwhale service does not exist] **************
skipping: [mash.met.surf-authentik-deps]

TASK [galaxy/funkwhale : Check existence of Funkwhale systemd service] *********
ok: [mash.met.surf-authentik-deps]

TASK [galaxy/funkwhale : Ensure Funkwhale systemd service is stopped] **********
skipping: [mash.met.surf-authentik-deps]

TASK [galaxy/funkwhale : Ensure Funkwhale service does not exist] **************
skipping: [mash.met.surf-authentik-deps]

TASK [galaxy/funkwhale : Ensure Funkwhale container network does not exist via community.docker.docker_network] ***
ok: [mash.met.surf-authentik-deps]
ok: [mash.met.surf-infisical-deps]
ok: [mash.met.surf]

TASK [galaxy/funkwhale : Ensure Funkwhale container network does not exist via ansible.builtin.command] ***
skipping: [mash.met.surf]
skipping: [mash.met.surf-infisical-deps]
skipping: [mash.met.surf-authentik-deps]

TASK [galaxy/funkwhale : Ensure Funkwhale path does not exist] *****************
ok: [mash.met.surf-infisical-deps]
ok: [mash.met.surf]
ok: [mash.met.surf-authentik-deps]

TASK [galaxy/ghostfolio : Validate Ghostfolio configuration] *******************
skipping: [mash.met.surf]
skipping: [mash.met.surf-infisical-deps]
skipping: [mash.met.surf-authentik-deps]

TASK [galaxy/ghostfolio : Install Ghostfolio] **********************************
skipping: [mash.met.surf]
skipping: [mash.met.surf-infisical-deps]
skipping: [mash.met.surf-authentik-deps]

TASK [galaxy/ghostfolio : Uninstall Ghostfolio] ********************************
included: /home/user/work/mash-playbook/roles/galaxy/ghostfolio/tasks/uninstall.yml for mash.met.surf, mash.met.surf-infisical-deps, mash.met.surf-authentik-deps

TASK [galaxy/ghostfolio : Check existence of Ghostfolio systemd service] *******
ok: [mash.met.surf-infisical-deps]
ok: [mash.met.surf]
ok: [mash.met.surf-authentik-deps]

TASK [galaxy/ghostfolio : Ensure Ghostfolio systemd service is stopped] ********
skipping: [mash.met.surf]
skipping: [mash.met.surf-infisical-deps]
skipping: [mash.met.surf-authentik-deps]

TASK [galaxy/ghostfolio : Ensure Ghostfolio systemd service does not exist] ****
skipping: [mash.met.surf]
skipping: [mash.met.surf-infisical-deps]
skipping: [mash.met.surf-authentik-deps]

TASK [galaxy/ghostfolio : Ensure Ghostfolio container network does not exist via community.docker.docker_network] ***
skipping: [mash.met.surf]
skipping: [mash.met.surf-infisical-deps]
skipping: [mash.met.surf-authentik-deps]

TASK [galaxy/ghostfolio : Ensure Ghostfolio container network does not exist via ansible.builtin.command] ***
skipping: [mash.met.surf]
skipping: [mash.met.surf-infisical-deps]
skipping: [mash.met.surf-authentik-deps]

TASK [galaxy/ghostfolio : Ensure Ghostfolio path does not exist] ***************
skipping: [mash.met.surf]
skipping: [mash.met.surf-infisical-deps]
skipping: [mash.met.surf-authentik-deps]

TASK [galaxy/gitea : Validate Gitea configuration] *****************************
skipping: [mash.met.surf]
skipping: [mash.met.surf-infisical-deps]
skipping: [mash.met.surf-authentik-deps]

TASK [galaxy/gitea : Install Gitea] ********************************************
skipping: [mash.met.surf]
skipping: [mash.met.surf-infisical-deps]
skipping: [mash.met.surf-authentik-deps]

TASK [galaxy/gitea : Uninstall Gitea] ******************************************
included: /home/user/work/mash-playbook/roles/galaxy/gitea/tasks/uninstall.yml for mash.met.surf, mash.met.surf-infisical-deps, mash.met.surf-authentik-deps

TASK [galaxy/gitea : Check existence of Gitea systemd service] *****************
ok: [mash.met.surf-infisical-deps]
ok: [mash.met.surf]
ok: [mash.met.surf-authentik-deps]

TASK [galaxy/gitea : Ensure Gitea systemd service is stopped] ******************
skipping: [mash.met.surf]
skipping: [mash.met.surf-infisical-deps]
skipping: [mash.met.surf-authentik-deps]

TASK [galaxy/gitea : Ensure Gitea systemd service does not exist] **************
skipping: [mash.met.surf]
skipping: [mash.met.surf-infisical-deps]
skipping: [mash.met.surf-authentik-deps]

TASK [galaxy/gitea : Ensure Gitea container network does not exist via community.docker.docker_network] ***
skipping: [mash.met.surf]
skipping: [mash.met.surf-infisical-deps]
skipping: [mash.met.surf-authentik-deps]

TASK [galaxy/gitea : Ensure Gitea container network does not exist via ansible.builtin.command] ***
skipping: [mash.met.surf]
skipping: [mash.met.surf-infisical-deps]
skipping: [mash.met.surf-authentik-deps]

TASK [galaxy/gitea : Ensure Gitea path does not exist] *************************
skipping: [mash.met.surf]
skipping: [mash.met.surf-infisical-deps]
skipping: [mash.met.surf-authentik-deps]

TASK [galaxy/gothub : Validate GotHub configuration] ***************************
skipping: [mash.met.surf]
skipping: [mash.met.surf-infisical-deps]
skipping: [mash.met.surf-authentik-deps]

TASK [galaxy/gothub : Install GotHub] ******************************************
skipping: [mash.met.surf]
skipping: [mash.met.surf-infisical-deps]
skipping: [mash.met.surf-authentik-deps]

TASK [galaxy/gothub : Uninstall GotHub] ****************************************
included: /home/user/work/mash-playbook/roles/galaxy/gothub/tasks/uninstall.yml for mash.met.surf, mash.met.surf-infisical-deps, mash.met.surf-authentik-deps

TASK [galaxy/gothub : Check existence of GotHub systemd service] ***************
ok: [mash.met.surf-infisical-deps]
ok: [mash.met.surf]
ok: [mash.met.surf-authentik-deps]

TASK [galaxy/gothub : Ensure GotHub systemd service is stopped] ****************
skipping: [mash.met.surf]
skipping: [mash.met.surf-infisical-deps]
skipping: [mash.met.surf-authentik-deps]

TASK [galaxy/gothub : Ensure GotHub systemd service does not exist] ************
skipping: [mash.met.surf]
skipping: [mash.met.surf-infisical-deps]
skipping: [mash.met.surf-authentik-deps]

TASK [galaxy/gothub : Ensure GotHub container network does not exist via community.docker.docker_network] ***
skipping: [mash.met.surf]
skipping: [mash.met.surf-infisical-deps]
skipping: [mash.met.surf-authentik-deps]

TASK [galaxy/gothub : Ensure GotHub container network does not exist via ansible.builtin.command] ***
skipping: [mash.met.surf]
skipping: [mash.met.surf-infisical-deps]
skipping: [mash.met.surf-authentik-deps]

TASK [galaxy/gothub : Ensure GotHub path does not exist] ***********************
skipping: [mash.met.surf]
skipping: [mash.met.surf-infisical-deps]
skipping: [mash.met.surf-authentik-deps]

TASK [galaxy/gotify : Validate Gotify configuration] ***************************
skipping: [mash.met.surf]
skipping: [mash.met.surf-infisical-deps]
skipping: [mash.met.surf-authentik-deps]

TASK [galaxy/gotify : Install Gotify] ******************************************
skipping: [mash.met.surf]
skipping: [mash.met.surf-infisical-deps]
skipping: [mash.met.surf-authentik-deps]

TASK [galaxy/gotify : Uninstall Gotify] ****************************************
included: /home/user/work/mash-playbook/roles/galaxy/gotify/tasks/uninstall.yml for mash.met.surf, mash.met.surf-infisical-deps, mash.met.surf-authentik-deps

TASK [galaxy/gotify : Check existence of Gotify systemd service] ***************
ok: [mash.met.surf]
ok: [mash.met.surf-infisical-deps]
ok: [mash.met.surf-authentik-deps]

TASK [galaxy/gotify : Ensure Gotify systemd service is stopped] ****************
skipping: [mash.met.surf]
skipping: [mash.met.surf-infisical-deps]
skipping: [mash.met.surf-authentik-deps]

TASK [galaxy/gotify : Ensure Gotify systemd service does not exist] ************
skipping: [mash.met.surf]
skipping: [mash.met.surf-infisical-deps]
skipping: [mash.met.surf-authentik-deps]

TASK [galaxy/gotify : Ensure Gotify support files do not exist] ****************
skipping: [mash.met.surf] => (item=env) 
skipping: [mash.met.surf] => (item=labels) 
skipping: [mash.met.surf]
skipping: [mash.met.surf-infisical-deps] => (item=env) 
skipping: [mash.met.surf-infisical-deps] => (item=labels) 
skipping: [mash.met.surf-infisical-deps]
skipping: [mash.met.surf-authentik-deps] => (item=env) 
skipping: [mash.met.surf-authentik-deps] => (item=labels) 
skipping: [mash.met.surf-authentik-deps]

TASK [galaxy/gotify : Ensure Gotify image source files path does not exist] ****
skipping: [mash.met.surf]
skipping: [mash.met.surf-infisical-deps]
skipping: [mash.met.surf-authentik-deps]

TASK [galaxy/gotify : Ensure Gotify local data path does not exist if empty] ***
skipping: [mash.met.surf]
skipping: [mash.met.surf-infisical-deps]
skipping: [mash.met.surf-authentik-deps]

TASK [galaxy/gotify : Ensure Gotify base path does not exist if empty] *********
skipping: [mash.met.surf]
skipping: [mash.met.surf-infisical-deps]
skipping: [mash.met.surf-authentik-deps]

TASK [galaxy/gotify : Ensure Gotify container network does not exist via community.docker.docker_network] ***
skipping: [mash.met.surf]
skipping: [mash.met.surf-infisical-deps]
skipping: [mash.met.surf-authentik-deps]

TASK [galaxy/gotify : Ensure Gotify container network does not exist via ansible.builtin.command] ***
skipping: [mash.met.surf]
skipping: [mash.met.surf-infisical-deps]
skipping: [mash.met.surf-authentik-deps]

TASK [galaxy/gotify : Check existence of Gotify local data path] ***************
ok: [mash.met.surf-infisical-deps]
ok: [mash.met.surf]
ok: [mash.met.surf-authentik-deps]

TASK [galaxy/gotify : Notify if Gotify local data remains] *********************
skipping: [mash.met.surf]
skipping: [mash.met.surf-infisical-deps]
skipping: [mash.met.surf-authentik-deps]

TASK [galaxy/gotosocial : Validate GoToSocial configuration] *******************
skipping: [mash.met.surf]
skipping: [mash.met.surf-infisical-deps]
skipping: [mash.met.surf-authentik-deps]

TASK [galaxy/gotosocial : Install GoToSocial] **********************************
skipping: [mash.met.surf]
skipping: [mash.met.surf-infisical-deps]
skipping: [mash.met.surf-authentik-deps]

TASK [galaxy/gotosocial : Uninstall GoToSocial] ********************************
included: /home/user/work/mash-playbook/roles/galaxy/gotosocial/tasks/uninstall.yml for mash.met.surf, mash.met.surf-infisical-deps, mash.met.surf-authentik-deps

TASK [galaxy/gotosocial : Check existence of GoToSocial systemd service] *******
ok: [mash.met.surf]
ok: [mash.met.surf-infisical-deps]
ok: [mash.met.surf-authentik-deps]

TASK [galaxy/gotosocial : Ensure GoToSocial systemd service is stopped] ********
skipping: [mash.met.surf]
skipping: [mash.met.surf-infisical-deps]
skipping: [mash.met.surf-authentik-deps]

TASK [galaxy/gotosocial : Ensure GoToSocial systemd service does not exist] ****
skipping: [mash.met.surf]
skipping: [mash.met.surf-infisical-deps]
skipping: [mash.met.surf-authentik-deps]

TASK [galaxy/gotosocial : Ensure GoToSocial support files do not exist] ********
skipping: [mash.met.surf] => (item=env) 
skipping: [mash.met.surf] => (item=labels) 
skipping: [mash.met.surf]
skipping: [mash.met.surf-infisical-deps] => (item=env) 
skipping: [mash.met.surf-infisical-deps] => (item=labels) 
skipping: [mash.met.surf-infisical-deps]
skipping: [mash.met.surf-authentik-deps] => (item=env) 
skipping: [mash.met.surf-authentik-deps] => (item=labels) 
skipping: [mash.met.surf-authentik-deps]

TASK [galaxy/gotosocial : Ensure GoToSocial image source files path does not exist] ***
skipping: [mash.met.surf]
skipping: [mash.met.surf-infisical-deps]
skipping: [mash.met.surf-authentik-deps]

TASK [galaxy/gotosocial : Ensure GoToSocial local database path does not exist if empty] ***
skipping: [mash.met.surf]
skipping: [mash.met.surf-infisical-deps]
skipping: [mash.met.surf-authentik-deps]

TASK [galaxy/gotosocial : Ensure GoToSocial local data path does not exist if empty] ***
skipping: [mash.met.surf]
skipping: [mash.met.surf-infisical-deps]
skipping: [mash.met.surf-authentik-deps]

TASK [galaxy/gotosocial : Ensure GoToSocial base path does not exist if empty] ***
skipping: [mash.met.surf]
skipping: [mash.met.surf-infisical-deps]
skipping: [mash.met.surf-authentik-deps]

TASK [galaxy/gotosocial : Ensure GoToSocial container network does not exist via community.docker.docker_network] ***
skipping: [mash.met.surf]
skipping: [mash.met.surf-infisical-deps]
skipping: [mash.met.surf-authentik-deps]

TASK [galaxy/gotosocial : Ensure GoToSocial container network does not exist via ansible.builtin.command] ***
skipping: [mash.met.surf]
skipping: [mash.met.surf-infisical-deps]
skipping: [mash.met.surf-authentik-deps]

TASK [galaxy/gotosocial : Check existence of GoToSocial local data path] *******
ok: [mash.met.surf]
ok: [mash.met.surf-infisical-deps]
ok: [mash.met.surf-authentik-deps]

TASK [galaxy/gotosocial : Notify if GoToSocial local data remains] *************
skipping: [mash.met.surf]
skipping: [mash.met.surf-infisical-deps]
skipping: [mash.met.surf-authentik-deps]

TASK [galaxy/grafana : Validate Grafana configuration] *************************
skipping: [mash.met.surf-infisical-deps]
skipping: [mash.met.surf-authentik-deps]
included: /home/user/work/mash-playbook/roles/galaxy/grafana/tasks/validate_config.yml for mash.met.surf

TASK [galaxy/grafana : (Deprecation) Catch and report renamed settings] ********
skipping: [mash.met.surf] => (item={'old': 'grafana_container_additional_networks_additional', 'new': 'grafana_container_additional_networks_custom'}) 
skipping: [mash.met.surf] => (item={'old': 'grafana_provisioning_datasources', 'new': 'grafana_provisioning_datasources_datasources'}) 
skipping: [mash.met.surf] => (item={'old': 'grafana_provisioning_dashboard_providers', 'new': 'grafana_provisioning_dashboards_providers'}) 
skipping: [mash.met.surf] => (item={'old': 'grafana_http_header_content_permission_policy', 'new': 'grafana_http_header_permissions_policy'}) 
skipping: [mash.met.surf]

TASK [galaxy/grafana : Fail if required Grafana settings not defined] **********
skipping: [mash.met.surf] => (item=grafana_identifier) 
skipping: [mash.met.surf] => (item=grafana_uid) 
skipping: [mash.met.surf] => (item=grafana_gid) 
skipping: [mash.met.surf] => (item=grafana_hostname) 
skipping: [mash.met.surf] => (item=grafana_path_prefix) 
skipping: [mash.met.surf] => (item=grafana_container_network) 
skipping: [mash.met.surf]

TASK [galaxy/grafana : Fail if SMTP settings are missing (and SMTP is enabled by setting host)] ***
skipping: [mash.met.surf] => (item=grafana_smtp_host) 
skipping: [mash.met.surf] => (item=grafana_smtp_port) 
skipping: [mash.met.surf] => (item=grafana_smtp_from_address) 
skipping: [mash.met.surf]

TASK [galaxy/grafana : Fail if Traefik settings required for Grafana are not defined] ***
skipping: [mash.met.surf] => (item=grafana_container_labels_traefik_hostname) 
skipping: [mash.met.surf] => (item=grafana_container_labels_traefik_path_prefix) 
skipping: [mash.met.surf]

TASK [galaxy/grafana : Fail if grafana_container_labels_traefik_path_prefix ends with a slash] ***
skipping: [mash.met.surf]

TASK [galaxy/grafana : Install Grafana] ****************************************
skipping: [mash.met.surf-infisical-deps]
skipping: [mash.met.surf-authentik-deps]
included: /home/user/work/mash-playbook/roles/galaxy/grafana/tasks/install.yml for mash.met.surf

TASK [galaxy/grafana : Ensure Grafana paths exist] *****************************
ok: [mash.met.surf] => (item=/mash/grafana)
ok: [mash.met.surf] => (item=/mash/grafana/config)
ok: [mash.met.surf] => (item=/mash/grafana/config/provisioning)
ok: [mash.met.surf] => (item=/mash/grafana/config/provisioning/datasources)
ok: [mash.met.surf] => (item=/mash/grafana/config/provisioning/dashboards)
ok: [mash.met.surf] => (item=/mash/grafana/config/provisioning/alerting)
ok: [mash.met.surf] => (item=/mash/grafana/config/provisioning/plugins)
ok: [mash.met.surf] => (item=/mash/grafana/config/dashboards)
ok: [mash.met.surf] => (item=/mash/grafana/data)

TASK [galaxy/grafana : Ensure Grafana support files installed] *****************
ok: [mash.met.surf] => (item={'src': 'grafana.ini.j2', 'dst': '/mash/grafana/config/grafana.ini'})
ok: [mash.met.surf] => (item={'src': 'provisioning/datasources.yaml.j2', 'dst': '/mash/grafana/config/provisioning/datasources/default.yaml'})
ok: [mash.met.surf] => (item={'src': 'provisioning/dashboards.yaml.j2', 'dst': '/mash/grafana/config/provisioning/dashboards/default.yaml'})
ok: [mash.met.surf] => (item={'src': 'provisioning/alerts.yaml.j2', 'dst': '/mash/grafana/config/provisioning/alerting/alerts.yaml'})
ok: [mash.met.surf] => (item={'src': 'provisioning/contact_points.yaml.j2', 'dst': '/mash/grafana/config/provisioning/alerting/contact_points.yaml'})
ok: [mash.met.surf] => (item={'src': 'provisioning/mute_timings.yaml.j2', 'dst': '/mash/grafana/config/provisioning/alerting/mute_timings.yaml'})
ok: [mash.met.surf] => (item={'src': 'provisioning/notification_policies.yaml.j2', 'dst': '/mash/grafana/config/provisioning/alerting/notification_policies.yaml'})
ok: [mash.met.surf] => (item={'src': 'provisioning/notification_template_groups.yaml.j2', 'dst': '/mash/grafana/config/provisioning/alerting/notification_template_groups.yaml'})
ok: [mash.met.surf] => (item={'src': 'provisioning/plugins.yaml.j2', 'dst': '/mash/grafana/config/provisioning/plugins/default.yaml'})
ok: [mash.met.surf] => (item={'src': 'labels.j2', 'dst': '/mash/grafana/labels'})
ok: [mash.met.surf] => (item={'src': 'env.j2', 'dst': '/mash/grafana/env'})

TASK [galaxy/grafana : Ensure Grafana dashboard(s) downloaded] *****************
skipping: [mash.met.surf]

TASK [galaxy/grafana : Ensure Grafana dashboard templates installed] ***********
skipping: [mash.met.surf]

TASK [galaxy/grafana : Ensure Grafana alerting templates installed] ************
skipping: [mash.met.surf]

TASK [galaxy/grafana : Ensure Grafana container image is pulled via community.docker.docker_image] ***
ok: [mash.met.surf]

TASK [galaxy/grafana : Ensure Grafana container image is pulled via ansible.builtin.command] ***
skipping: [mash.met.surf]

TASK [galaxy/grafana : Ensure Grafana container network is created via community.docker.docker_network] ***
ok: [mash.met.surf]

TASK [galaxy/grafana : Ensure Grafana container network is created via ansible.builtin.command] ***
skipping: [mash.met.surf]

TASK [galaxy/grafana : Ensure Grafana systemd service is present] **************
ok: [mash.met.surf]

TASK [galaxy/grafana : Uninstall Grafana] **************************************
skipping: [mash.met.surf]
included: /home/user/work/mash-playbook/roles/galaxy/grafana/tasks/uninstall.yml for mash.met.surf-infisical-deps, mash.met.surf-authentik-deps

TASK [galaxy/grafana : Check existence of Grafana systemd service] *************
ok: [mash.met.surf-infisical-deps]
ok: [mash.met.surf-authentik-deps]

TASK [galaxy/grafana : Ensure Grafana systemd service is stopped] **************
skipping: [mash.met.surf-infisical-deps]
skipping: [mash.met.surf-authentik-deps]

TASK [galaxy/grafana : Ensure Grafana systemd service does not exist] **********
skipping: [mash.met.surf-infisical-deps]
skipping: [mash.met.surf-authentik-deps]

TASK [galaxy/grafana : Ensure Grafana container network does not exist via community.docker.docker_network] ***
skipping: [mash.met.surf-infisical-deps]
skipping: [mash.met.surf-authentik-deps]

TASK [galaxy/grafana : Ensure Grafana container network does not exist via ansible.builtin.command] ***
skipping: [mash.met.surf-infisical-deps]
skipping: [mash.met.surf-authentik-deps]

TASK [galaxy/grafana : Ensure Grafana path does not exist] *********************
skipping: [mash.met.surf-infisical-deps]
skipping: [mash.met.surf-authentik-deps]

TASK [galaxy/headscale : Validate Headscale configuration] *********************
skipping: [mash.met.surf-infisical-deps]
skipping: [mash.met.surf-authentik-deps]
included: /home/user/work/mash-playbook/roles/galaxy/headscale/tasks/validate_config.yml for mash.met.surf

TASK [galaxy/headscale : Fail if required Headscale settings not defined] ******
skipping: [mash.met.surf] => (item={'name': 'headscale_identifier', 'when': True}) 
skipping: [mash.met.surf] => (item={'name': 'headscale_uid', 'when': True}) 
skipping: [mash.met.surf] => (item={'name': 'headscale_gid', 'when': True}) 
skipping: [mash.met.surf] => (item={'name': 'headscale_hostname', 'when': True}) 
skipping: [mash.met.surf] => (item={'name': 'headscale_path_prefix', 'when': True}) 
skipping: [mash.met.surf] => (item={'name': 'headscale_container_network', 'when': True}) 
skipping: [mash.met.surf] => (item={'name': 'headscale_config_dns_base_domain', 'when': True}) 
skipping: [mash.met.surf]

TASK [galaxy/headscale : Fail if headscale_config_dns_base_domain matches headscale_hostname] ***
skipping: [mash.met.surf]

TASK [galaxy/headscale : Fail if required Headscale Traefik settings not defined] ***
skipping: [mash.met.surf] => (item=headscale_container_labels_traefik_hostname) 
skipping: [mash.met.surf] => (item=headscale_container_labels_traefik_path_prefix) 
skipping: [mash.met.surf]

TASK [galaxy/headscale : Fail if headscale_container_labels_traefik_path_prefix ends with a slash] ***
skipping: [mash.met.surf]

TASK [galaxy/headscale : Install Headscale] ************************************
skipping: [mash.met.surf-infisical-deps]
skipping: [mash.met.surf-authentik-deps]
included: /home/user/work/mash-playbook/roles/galaxy/headscale/tasks/install.yml for mash.met.surf

TASK [galaxy/headscale : Ensure Headscale paths exist] *************************
ok: [mash.met.surf] => (item=/mash/headscale)
ok: [mash.met.surf] => (item=/mash/headscale/bin)
ok: [mash.met.surf] => (item=/mash/headscale/config)
ok: [mash.met.surf] => (item=/mash/headscale/data)

TASK [galaxy/headscale : Ensure Headscale configuration file installed] ********
ok: [mash.met.surf]

TASK [galaxy/headscale : Ensure Headscale support files installed] *************
ok: [mash.met.surf] => (item={'src': '/home/user/work/mash-playbook/roles/galaxy/headscale/templates/env.j2', 'dest': '/mash/headscale/env', 'mode': '0640'})
ok: [mash.met.surf] => (item={'src': '/home/user/work/mash-playbook/roles/galaxy/headscale/templates/labels.j2', 'dest': '/mash/headscale/labels', 'mode': '0640'})
ok: [mash.met.surf] => (item={'src': '/home/user/work/mash-playbook/roles/galaxy/headscale/templates/bin/headscale.j2', 'dest': '/mash/headscale/bin/headscale', 'mode': '0755'})

TASK [galaxy/headscale : Ensure Headscale container image is pulled via community.docker.docker_image] ***
ok: [mash.met.surf]

TASK [galaxy/headscale : Ensure Headscale container image is pulled via ansible.builtin.command] ***
skipping: [mash.met.surf]

TASK [galaxy/headscale : Ensure Headscale container network is created via community.docker.docker_network] ***
ok: [mash.met.surf]

TASK [galaxy/headscale : Ensure Headscale container network is created via ansible.builtin.command] ***
skipping: [mash.met.surf]

TASK [galaxy/headscale : Ensure Headscale systemd service is present] **********
ok: [mash.met.surf]

TASK [galaxy/headscale : Uninstall Headscale] **********************************
skipping: [mash.met.surf]
included: /home/user/work/mash-playbook/roles/galaxy/headscale/tasks/uninstall.yml for mash.met.surf-infisical-deps, mash.met.surf-authentik-deps

TASK [galaxy/headscale : Check existence of Headscale systemd service] *********
ok: [mash.met.surf-infisical-deps]
ok: [mash.met.surf-authentik-deps]

TASK [galaxy/headscale : Ensure Headscale systemd service is stopped] **********
skipping: [mash.met.surf-infisical-deps]
skipping: [mash.met.surf-authentik-deps]

TASK [galaxy/headscale : Ensure Headscale systemd service does not exist] ******
skipping: [mash.met.surf-infisical-deps]
skipping: [mash.met.surf-authentik-deps]

TASK [galaxy/headscale : Ensure Headscale container network does not exist via community.docker.docker_network] ***
skipping: [mash.met.surf-infisical-deps]
skipping: [mash.met.surf-authentik-deps]

TASK [galaxy/headscale : Ensure Headscale container network does not exist via ansible.builtin.command] ***
skipping: [mash.met.surf-infisical-deps]
skipping: [mash.met.surf-authentik-deps]

TASK [galaxy/headscale : Ensure Headscale path does not exist] *****************
skipping: [mash.met.surf-infisical-deps]
skipping: [mash.met.surf-authentik-deps]

TASK [galaxy/healthchecks : Validate Healthchecks configuration] ***************
skipping: [mash.met.surf]
skipping: [mash.met.surf-infisical-deps]
skipping: [mash.met.surf-authentik-deps]

TASK [galaxy/healthchecks : Install Healthchecks] ******************************
skipping: [mash.met.surf]
skipping: [mash.met.surf-infisical-deps]
skipping: [mash.met.surf-authentik-deps]

TASK [galaxy/healthchecks : Uninstall Healthchecks] ****************************
included: /home/user/work/mash-playbook/roles/galaxy/healthchecks/tasks/uninstall.yml for mash.met.surf, mash.met.surf-infisical-deps, mash.met.surf-authentik-deps

TASK [galaxy/healthchecks : Check existence of Healthchecks systemd service] ***
ok: [mash.met.surf]
ok: [mash.met.surf-infisical-deps]
ok: [mash.met.surf-authentik-deps]

TASK [galaxy/healthchecks : Ensure Healthchecks systemd service is stopped] ****
skipping: [mash.met.surf]
skipping: [mash.met.surf-infisical-deps]
skipping: [mash.met.surf-authentik-deps]

TASK [galaxy/healthchecks : Ensure Healthchecks systemd service does not exist] ***
skipping: [mash.met.surf]
skipping: [mash.met.surf-infisical-deps]
skipping: [mash.met.surf-authentik-deps]

TASK [galaxy/healthchecks : Ensure Healthchecks support files do not exist] ****
skipping: [mash.met.surf] => (item=env) 
skipping: [mash.met.surf] => (item=labels) 
skipping: [mash.met.surf] => (item=local_settings.py) 
skipping: [mash.met.surf]
skipping: [mash.met.surf-infisical-deps] => (item=env) 
skipping: [mash.met.surf-infisical-deps] => (item=labels) 
skipping: [mash.met.surf-infisical-deps] => (item=local_settings.py) 
skipping: [mash.met.surf-infisical-deps]
skipping: [mash.met.surf-authentik-deps] => (item=env) 
skipping: [mash.met.surf-authentik-deps] => (item=labels) 
skipping: [mash.met.surf-authentik-deps] => (item=local_settings.py) 
skipping: [mash.met.surf-authentik-deps]

TASK [galaxy/healthchecks : Ensure Healthchecks image source files path does not exist] ***
skipping: [mash.met.surf]
skipping: [mash.met.surf-infisical-deps]
skipping: [mash.met.surf-authentik-deps]

TASK [galaxy/healthchecks : Ensure Healthchecks local data path does not exist if empty] ***
skipping: [mash.met.surf]
skipping: [mash.met.surf-infisical-deps]
skipping: [mash.met.surf-authentik-deps]

TASK [galaxy/healthchecks : Ensure Healthchecks base path does not exist if empty] ***
skipping: [mash.met.surf]
skipping: [mash.met.surf-infisical-deps]
skipping: [mash.met.surf-authentik-deps]

TASK [galaxy/healthchecks : Ensure Healthchecks container network does not exist via community.docker.docker_network] ***
skipping: [mash.met.surf]
skipping: [mash.met.surf-infisical-deps]
skipping: [mash.met.surf-authentik-deps]

TASK [galaxy/healthchecks : Ensure Healthchecks container network does not exist via ansible.builtin.command] ***
skipping: [mash.met.surf]
skipping: [mash.met.surf-infisical-deps]
skipping: [mash.met.surf-authentik-deps]

TASK [galaxy/healthchecks : Check existence of Healthchecks local data path] ***
ok: [mash.met.surf]
ok: [mash.met.surf-infisical-deps]
ok: [mash.met.surf-authentik-deps]

TASK [galaxy/healthchecks : Notify if Healthchecks local data remains] *********
skipping: [mash.met.surf]
skipping: [mash.met.surf-infisical-deps]
skipping: [mash.met.surf-authentik-deps]

TASK [galaxy/homarr : Validate Homarr configuration] ***************************
skipping: [mash.met.surf]
skipping: [mash.met.surf-infisical-deps]
skipping: [mash.met.surf-authentik-deps]

TASK [galaxy/homarr : Install Homarr] ******************************************
skipping: [mash.met.surf]
skipping: [mash.met.surf-infisical-deps]
skipping: [mash.met.surf-authentik-deps]

TASK [galaxy/homarr : Uninstall Homarr] ****************************************
included: /home/user/work/mash-playbook/roles/galaxy/homarr/tasks/uninstall.yml for mash.met.surf, mash.met.surf-infisical-deps, mash.met.surf-authentik-deps

TASK [galaxy/homarr : Check existence of Homarr systemd service] ***************
ok: [mash.met.surf-infisical-deps]
ok: [mash.met.surf]
ok: [mash.met.surf-authentik-deps]

TASK [galaxy/homarr : Ensure Homarr systemd service is stopped] ****************
skipping: [mash.met.surf]
skipping: [mash.met.surf-infisical-deps]
skipping: [mash.met.surf-authentik-deps]

TASK [galaxy/homarr : Ensure Homarr systemd service does not exist] ************
skipping: [mash.met.surf]
skipping: [mash.met.surf-infisical-deps]
skipping: [mash.met.surf-authentik-deps]

TASK [galaxy/homarr : Ensure Homarr support files do not exist] ****************
skipping: [mash.met.surf] => (item=env) 
skipping: [mash.met.surf] => (item=labels) 
skipping: [mash.met.surf]
skipping: [mash.met.surf-infisical-deps] => (item=env) 
skipping: [mash.met.surf-infisical-deps] => (item=labels) 
skipping: [mash.met.surf-infisical-deps]
skipping: [mash.met.surf-authentik-deps] => (item=env) 
skipping: [mash.met.surf-authentik-deps] => (item=labels) 
skipping: [mash.met.surf-authentik-deps]

TASK [galaxy/homarr : Ensure Homarr image source files path does not exist] ****
skipping: [mash.met.surf]
skipping: [mash.met.surf-infisical-deps]
skipping: [mash.met.surf-authentik-deps]

TASK [galaxy/homarr : Ensure Homarr local data path does not exist if empty] ***
skipping: [mash.met.surf]
skipping: [mash.met.surf-infisical-deps]
skipping: [mash.met.surf-authentik-deps]

TASK [galaxy/homarr : Ensure Homarr base path does not exist if empty] *********
skipping: [mash.met.surf]
skipping: [mash.met.surf-infisical-deps]
skipping: [mash.met.surf-authentik-deps]

TASK [galaxy/homarr : Ensure Homarr container network does not exist via community.docker.docker_network] ***
skipping: [mash.met.surf]
skipping: [mash.met.surf-infisical-deps]
skipping: [mash.met.surf-authentik-deps]

TASK [galaxy/homarr : Ensure Homarr container network does not exist via ansible.builtin.command] ***
skipping: [mash.met.surf]
skipping: [mash.met.surf-infisical-deps]
skipping: [mash.met.surf-authentik-deps]

TASK [galaxy/homarr : Check existence of Homarr local data path] ***************
ok: [mash.met.surf-authentik-deps]
ok: [mash.met.surf-infisical-deps]
ok: [mash.met.surf]

TASK [galaxy/homarr : Notify if Homarr local data remains] *********************
skipping: [mash.met.surf]
skipping: [mash.met.surf-infisical-deps]
skipping: [mash.met.surf-authentik-deps]

TASK [galaxy/hubsite : Validate Hubsite configuration] *************************
skipping: [mash.met.surf]
skipping: [mash.met.surf-infisical-deps]
skipping: [mash.met.surf-authentik-deps]

TASK [galaxy/hubsite : Install Hubsite] ****************************************
skipping: [mash.met.surf]
skipping: [mash.met.surf-infisical-deps]
skipping: [mash.met.surf-authentik-deps]

TASK [galaxy/hubsite : Uninstall Hubsite] **************************************
included: /home/user/work/mash-playbook/roles/galaxy/hubsite/tasks/uninstall.yml for mash.met.surf, mash.met.surf-infisical-deps, mash.met.surf-authentik-deps

TASK [galaxy/hubsite : Check existence of Hubsite systemd service] *************
ok: [mash.met.surf-infisical-deps]
ok: [mash.met.surf]
ok: [mash.met.surf-authentik-deps]

TASK [galaxy/hubsite : Ensure Hubsite systemd service is stopped] **************
skipping: [mash.met.surf]
skipping: [mash.met.surf-infisical-deps]
skipping: [mash.met.surf-authentik-deps]

TASK [galaxy/hubsite : Ensure Hubsite systemd service does not exist] **********
skipping: [mash.met.surf]
skipping: [mash.met.surf-infisical-deps]
skipping: [mash.met.surf-authentik-deps]

TASK [galaxy/hubsite : Ensure Hubsite container network does not exist via community.docker.docker_network] ***
skipping: [mash.met.surf]
skipping: [mash.met.surf-infisical-deps]
skipping: [mash.met.surf-authentik-deps]

TASK [galaxy/hubsite : Ensure Hubsite container network does not exist via ansible.builtin.command] ***
skipping: [mash.met.surf]
skipping: [mash.met.surf-infisical-deps]
skipping: [mash.met.surf-authentik-deps]

TASK [galaxy/hubsite : Ensure Hubsite path does not exist] *********************
skipping: [mash.met.surf]
skipping: [mash.met.surf-infisical-deps]
skipping: [mash.met.surf-authentik-deps]

TASK [galaxy/ihatemoney : ansible.builtin.include_tasks] ***********************
skipping: [mash.met.surf]
skipping: [mash.met.surf-infisical-deps]
skipping: [mash.met.surf-authentik-deps]

TASK [galaxy/ihatemoney : ansible.builtin.include_tasks] ***********************
skipping: [mash.met.surf]
skipping: [mash.met.surf-infisical-deps]
skipping: [mash.met.surf-authentik-deps]

TASK [galaxy/ihatemoney : ansible.builtin.include_tasks] ***********************
included: /home/user/work/mash-playbook/roles/galaxy/ihatemoney/tasks/uninstall.yml for mash.met.surf, mash.met.surf-infisical-deps, mash.met.surf-authentik-deps

TASK [galaxy/ihatemoney : Check existence of ihatemoney systemd service] *******
ok: [mash.met.surf-infisical-deps]
ok: [mash.met.surf]
ok: [mash.met.surf-authentik-deps]

TASK [galaxy/ihatemoney : Ensure ihatemoney systemd service is stopped] ********
skipping: [mash.met.surf] => (item=mash-ihatemoney.service) 
skipping: [mash.met.surf]
skipping: [mash.met.surf-infisical-deps] => (item=mash-infisical-ihatemoney.service) 
skipping: [mash.met.surf-infisical-deps]
skipping: [mash.met.surf-authentik-deps] => (item=mash-authentik-ihatemoney.service) 
skipping: [mash.met.surf-authentik-deps]

TASK [galaxy/ihatemoney : Ensure ihatemoney systemd service does not exist] ****
skipping: [mash.met.surf] => (item=/etc/systemd/system/mash-ihatemoney.service) 
skipping: [mash.met.surf]
skipping: [mash.met.surf-infisical-deps] => (item=/etc/systemd/system/mash-infisical-ihatemoney.service) 
skipping: [mash.met.surf-infisical-deps]
skipping: [mash.met.surf-authentik-deps] => (item=/etc/systemd/system/mash-authentik-ihatemoney.service) 
skipping: [mash.met.surf-authentik-deps]

TASK [galaxy/ihatemoney : Ensure ihatemoney path doesn't exist] ****************
skipping: [mash.met.surf]
skipping: [mash.met.surf-infisical-deps]
skipping: [mash.met.surf-authentik-deps]

TASK [galaxy/ilmo : ansible.builtin.include_tasks] *****************************
skipping: [mash.met.surf]
skipping: [mash.met.surf-infisical-deps]
skipping: [mash.met.surf-authentik-deps]

TASK [galaxy/ilmo : ansible.builtin.include_tasks] *****************************
skipping: [mash.met.surf]
skipping: [mash.met.surf-infisical-deps]
skipping: [mash.met.surf-authentik-deps]

TASK [galaxy/ilmo : ansible.builtin.include_tasks] *****************************
included: /home/user/work/mash-playbook/roles/galaxy/ilmo/tasks/uninstall.yml for mash.met.surf, mash.met.surf-infisical-deps, mash.met.surf-authentik-deps

TASK [galaxy/ilmo : Check existence of ilmo systemd service] *******************
ok: [mash.met.surf]
ok: [mash.met.surf-infisical-deps]
ok: [mash.met.surf-authentik-deps]

TASK [galaxy/ilmo : Ensure ilmo service is stopped] ****************************
skipping: [mash.met.surf]
skipping: [mash.met.surf-infisical-deps]
skipping: [mash.met.surf-authentik-deps]

TASK [galaxy/ilmo : Ensure ilmo service doesn't exist] *************************
skipping: [mash.met.surf]
skipping: [mash.met.surf-infisical-deps]
skipping: [mash.met.surf-authentik-deps]

TASK [galaxy/ilmo : Ensure ilmo base path is files deleted (make sure to delete node data)] ***
skipping: [mash.met.surf]
skipping: [mash.met.surf-infisical-deps]
skipping: [mash.met.surf-authentik-deps]

TASK [galaxy/infisical : Validate Infisical configuration] *********************
skipping: [mash.met.surf-infisical-deps]
skipping: [mash.met.surf-authentik-deps]
included: /home/user/work/mash-playbook/roles/galaxy/infisical/tasks/validate_config.yml for mash.met.surf

TASK [galaxy/infisical : Fail if required Infisical settings not defined] ******
skipping: [mash.met.surf] => (item=infisical_identifier) 
skipping: [mash.met.surf] => (item=infisical_uid) 
skipping: [mash.met.surf] => (item=infisical_gid) 
skipping: [mash.met.surf] => (item=infisical_hostname) 
skipping: [mash.met.surf] => (item=infisical_path_prefix) 
skipping: [mash.met.surf] => (item=infisical_container_network) 
skipping: [mash.met.surf] => (item=infisical_backend_environment_variable_encryption_key) 
skipping: [mash.met.surf] => (item=infisical_backend_environment_variable_jwt_signup_secret) 
skipping: [mash.met.surf] => (item=infisical_backend_environment_variable_jwt_refresh_secret) 
skipping: [mash.met.surf] => (item=infisical_backend_environment_variable_jwt_auth_secret) 
skipping: [mash.met.surf] => (item=infisical_backend_environment_variable_jwt_service_secret) 
skipping: [mash.met.surf] => (item=infisical_mongodb_username) 
skipping: [mash.met.surf] => (item=infisical_mongodb_password) 
skipping: [mash.met.surf] => (item=infisical_mongodb_hostname) 
skipping: [mash.met.surf]

TASK [galaxy/infisical : Fail if infisical_path_prefix is not /] ***************
skipping: [mash.met.surf]

TASK [galaxy/infisical : Fail if required Infisical Traefik settings not defined] ***
skipping: [mash.met.surf] => (item=infisical_backend_container_labels_traefik_hostname) 
skipping: [mash.met.surf] => (item=infisical_backend_container_labels_traefik_path_prefix) 
skipping: [mash.met.surf]

TASK [galaxy/infisical : Fail if infisical_backend_container_labels_traefik_path_prefix ends with a slash] ***
skipping: [mash.met.surf]

TASK [galaxy/infisical : Install Infisical] ************************************
skipping: [mash.met.surf-infisical-deps]
skipping: [mash.met.surf-authentik-deps]
included: /home/user/work/mash-playbook/roles/galaxy/infisical/tasks/install.yml for mash.met.surf

TASK [galaxy/infisical : Ensure Infisical paths exist] *************************
ok: [mash.met.surf] => (item=/mash/infisical)
ok: [mash.met.surf] => (item=/mash/infisical/backend)
ok: [mash.met.surf] => (item=/mash/infisical/frontend)

TASK [galaxy/infisical : Ensure Infisical support files installed] *************
ok: [mash.met.surf] => (item={'src': 'backend/env.j2', 'dst': '/mash/infisical/backend/env'})
ok: [mash.met.surf] => (item={'src': 'backend/labels.j2', 'dst': '/mash/infisical/backend/labels'})
ok: [mash.met.surf] => (item={'src': 'frontend/env.j2', 'dst': '/mash/infisical/frontend/env'})
ok: [mash.met.surf] => (item={'src': 'frontend/labels.j2', 'dst': '/mash/infisical/frontend/labels'})

TASK [galaxy/infisical : Ensure Infisical backend container image is pulled via community.docker.docker_image] ***
ok: [mash.met.surf]

TASK [galaxy/infisical : Ensure Infisical backend container image is pulled via ansible.builtin.command] ***
skipping: [mash.met.surf]

TASK [galaxy/infisical : Ensure Infisical container networks are created via community.docker.docker_network] ***
ok: [mash.met.surf] => (item=mash-infisical)
ok: [mash.met.surf] => (item=mash-infisical)

TASK [galaxy/infisical : Ensure Infisical backend systemd service is present] ***
ok: [mash.met.surf]

TASK [galaxy/infisical : Ensure Infisical frontend systemd service is present] ***
ok: [mash.met.surf]

TASK [galaxy/infisical : Uninstall Infisical] **********************************
skipping: [mash.met.surf]
included: /home/user/work/mash-playbook/roles/galaxy/infisical/tasks/uninstall.yml for mash.met.surf-infisical-deps, mash.met.surf-authentik-deps

TASK [galaxy/infisical : Check existence of Infisical backend systemd service] ***
ok: [mash.met.surf-infisical-deps]
ok: [mash.met.surf-authentik-deps]

TASK [galaxy/infisical : Ensure Infisical backend systemd service is stopped] ***
skipping: [mash.met.surf-infisical-deps]
skipping: [mash.met.surf-authentik-deps]

TASK [galaxy/infisical : Ensure Infisical backend container network does not exist via community.docker.docker_network] ***
skipping: [mash.met.surf-infisical-deps]
skipping: [mash.met.surf-authentik-deps]

TASK [galaxy/infisical : Ensure Infisical backend container network does not exist via ansible.builtin.command] ***
skipping: [mash.met.surf-infisical-deps]
skipping: [mash.met.surf-authentik-deps]

TASK [galaxy/infisical : Ensure Infisical backend systemd service does not exist] ***
skipping: [mash.met.surf-infisical-deps]
skipping: [mash.met.surf-authentik-deps]

TASK [galaxy/infisical : Check existence of Infisical frontend systemd service] ***
ok: [mash.met.surf-infisical-deps]
ok: [mash.met.surf-authentik-deps]

TASK [galaxy/infisical : Ensure Infisical frontend systemd service is stopped] ***
skipping: [mash.met.surf-infisical-deps]
skipping: [mash.met.surf-authentik-deps]

TASK [galaxy/infisical : Ensure Infisical frontend systemd service does not exist] ***
skipping: [mash.met.surf-infisical-deps]
skipping: [mash.met.surf-authentik-deps]

TASK [galaxy/infisical : Ensure Infisical frontend container network does not exist via community.docker.docker_network] ***
skipping: [mash.met.surf-infisical-deps]
skipping: [mash.met.surf-authentik-deps]

TASK [galaxy/infisical : Ensure Infisical frontend container network does not exist via ansible.builtin.command] ***
skipping: [mash.met.surf-infisical-deps]
skipping: [mash.met.surf-authentik-deps]

TASK [galaxy/infisical : Ensure Infisical path does not exist] *****************
skipping: [mash.met.surf-infisical-deps]
skipping: [mash.met.surf-authentik-deps]

TASK [galaxy/immich : Validate Immich configuration] ***************************
skipping: [mash.met.surf]
skipping: [mash.met.surf-infisical-deps]
skipping: [mash.met.surf-authentik-deps]

TASK [galaxy/immich : Actually install Immich] *********************************
skipping: [mash.met.surf]
skipping: [mash.met.surf-infisical-deps]
skipping: [mash.met.surf-authentik-deps]

TASK [galaxy/immich : Actually uninstall Immich] *******************************
included: /home/user/work/mash-playbook/roles/galaxy/immich/tasks/uninstall.yml for mash.met.surf, mash.met.surf-infisical-deps, mash.met.surf-authentik-deps

TASK [galaxy/immich : Check existence of Immich server systemd service] ********
ok: [mash.met.surf-infisical-deps]
ok: [mash.met.surf]
ok: [mash.met.surf-authentik-deps]

TASK [galaxy/immich : Ensure Immich server systemd services are stopped] *******
skipping: [mash.met.surf]
skipping: [mash.met.surf-infisical-deps]
skipping: [mash.met.surf-authentik-deps]

TASK [galaxy/immich : Ensure Immich server systemd service does not exist] *****
skipping: [mash.met.surf]
skipping: [mash.met.surf-infisical-deps]
skipping: [mash.met.surf-authentik-deps]

TASK [galaxy/immich : Ensure Immich server base directory doesn't exist] *******
skipping: [mash.met.surf]
skipping: [mash.met.surf-infisical-deps]
skipping: [mash.met.surf-authentik-deps]

TASK [galaxy/immich : Check existence of Immich machine-learning systemd service] ***
ok: [mash.met.surf]
ok: [mash.met.surf-authentik-deps]
ok: [mash.met.surf-infisical-deps]

TASK [galaxy/immich : Ensure Immich machine-learning systemd service is stopped] ***
skipping: [mash.met.surf]
skipping: [mash.met.surf-infisical-deps]
skipping: [mash.met.surf-authentik-deps]

TASK [galaxy/immich : Ensure Immich machine-learning systemd service does not exist] ***
skipping: [mash.met.surf]
skipping: [mash.met.surf-infisical-deps]
skipping: [mash.met.surf-authentik-deps]

TASK [galaxy/immich : Ensure Immich machine-learning base directory doesn't exist] ***
skipping: [mash.met.surf]
skipping: [mash.met.surf-infisical-deps]
skipping: [mash.met.surf-authentik-deps]

TASK [galaxy/immich : Ensure Immich base directory doesn't exist] **************
ok: [mash.met.surf]
ok: [mash.met.surf-infisical-deps]
ok: [mash.met.surf-authentik-deps]

TASK [galaxy/immich_kiosk : Validate Immich Kiosk configuration] ***************
skipping: [mash.met.surf]
skipping: [mash.met.surf-infisical-deps]
skipping: [mash.met.surf-authentik-deps]

TASK [galaxy/immich_kiosk : Install Immich Kiosk] ******************************
skipping: [mash.met.surf]
skipping: [mash.met.surf-infisical-deps]
skipping: [mash.met.surf-authentik-deps]

TASK [galaxy/immich_kiosk : Uninstall Immich Kiosk] ****************************
included: /home/user/work/mash-playbook/roles/galaxy/immich_kiosk/tasks/uninstall.yml for mash.met.surf, mash.met.surf-infisical-deps, mash.met.surf-authentik-deps

TASK [galaxy/immich_kiosk : Check existence of Immich Kiosk systemd service] ***
ok: [mash.met.surf-infisical-deps]
ok: [mash.met.surf-authentik-deps]
ok: [mash.met.surf]

TASK [galaxy/immich_kiosk : Ensure Immich Kiosk systemd service is stopped] ****
skipping: [mash.met.surf]
skipping: [mash.met.surf-infisical-deps]
skipping: [mash.met.surf-authentik-deps]

TASK [galaxy/immich_kiosk : Ensure Immich Kiosk systemd service does not exist] ***
skipping: [mash.met.surf]
skipping: [mash.met.surf-infisical-deps]
skipping: [mash.met.surf-authentik-deps]

TASK [galaxy/immich_kiosk : Ensure Immich Kiosk container network does not exist via community.docker.docker_network] ***
skipping: [mash.met.surf]
skipping: [mash.met.surf-infisical-deps]
skipping: [mash.met.surf-authentik-deps]

TASK [galaxy/immich_kiosk : Ensure Immich Kiosk container network does not exist via ansible.builtin.command] ***
skipping: [mash.met.surf]
skipping: [mash.met.surf-infisical-deps]
skipping: [mash.met.surf-authentik-deps]

TASK [galaxy/immich_kiosk : Ensure Immich Kiosk path does not exist] ***********
skipping: [mash.met.surf]
skipping: [mash.met.surf-infisical-deps]
skipping: [mash.met.surf-authentik-deps]

TASK [galaxy/influxdb : Validate InfluxDB configuration] ***********************
skipping: [mash.met.surf]
skipping: [mash.met.surf-infisical-deps]
skipping: [mash.met.surf-authentik-deps]

TASK [galaxy/influxdb : Install InfluxDB] **************************************
skipping: [mash.met.surf]
skipping: [mash.met.surf-infisical-deps]
skipping: [mash.met.surf-authentik-deps]

TASK [galaxy/influxdb : Uninstall InfluxDB] ************************************
included: /home/user/work/mash-playbook/roles/galaxy/influxdb/tasks/uninstall.yml for mash.met.surf, mash.met.surf-infisical-deps, mash.met.surf-authentik-deps

TASK [galaxy/influxdb : Check existence of InfluxDB systemd service] ***********
ok: [mash.met.surf]
ok: [mash.met.surf-infisical-deps]
ok: [mash.met.surf-authentik-deps]

TASK [galaxy/influxdb : Ensure InfluxDB systemd service is stopped] ************
skipping: [mash.met.surf]
skipping: [mash.met.surf-infisical-deps]
skipping: [mash.met.surf-authentik-deps]

TASK [galaxy/influxdb : Ensure InfluxDB systemd service does not exist] ********
skipping: [mash.met.surf]
skipping: [mash.met.surf-infisical-deps]
skipping: [mash.met.surf-authentik-deps]

TASK [galaxy/influxdb : Ensure InfluxDB container network does not exist via community.docker.docker_network] ***
skipping: [mash.met.surf]
skipping: [mash.met.surf-infisical-deps]
skipping: [mash.met.surf-authentik-deps]

TASK [galaxy/influxdb : Ensure InfluxDB container network does not exist via ansible.builtin.command] ***
skipping: [mash.met.surf]
skipping: [mash.met.surf-infisical-deps]
skipping: [mash.met.surf-authentik-deps]

TASK [galaxy/influxdb : Ensure InfluxDB path does not exist] *******************
skipping: [mash.met.surf]
skipping: [mash.met.surf-infisical-deps]
skipping: [mash.met.surf-authentik-deps]

TASK [galaxy/jackett : Run Jackett validation tasks] ***************************
skipping: [mash.met.surf]
skipping: [mash.met.surf-infisical-deps]
skipping: [mash.met.surf-authentik-deps]

TASK [galaxy/jackett : Run Jackett installation tasks] *************************
skipping: [mash.met.surf]
skipping: [mash.met.surf-infisical-deps]
skipping: [mash.met.surf-authentik-deps]

TASK [galaxy/jackett : Run Jackett uninstallation tasks] ***********************
included: /home/user/work/mash-playbook/roles/galaxy/jackett/tasks/uninstall.yml for mash.met.surf, mash.met.surf-infisical-deps, mash.met.surf-authentik-deps

TASK [galaxy/jackett : Check existence of Jackett systemd service] *************
ok: [mash.met.surf]
ok: [mash.met.surf-infisical-deps]
ok: [mash.met.surf-authentik-deps]

TASK [galaxy/jackett : Ensure Jackett systemd service is stopped] **************
skipping: [mash.met.surf]
skipping: [mash.met.surf-infisical-deps]
skipping: [mash.met.surf-authentik-deps]

TASK [galaxy/jackett : Ensure Jackett systemd service does not exist] **********
skipping: [mash.met.surf]
skipping: [mash.met.surf-infisical-deps]
skipping: [mash.met.surf-authentik-deps]

TASK [galaxy/jackett : Ensure Jackett path doesn't exist] **********************
skipping: [mash.met.surf]
skipping: [mash.met.surf-infisical-deps]
skipping: [mash.met.surf-authentik-deps]

TASK [galaxy/jellyfin : Run Jellyfin validation tasks] *************************
skipping: [mash.met.surf]
skipping: [mash.met.surf-infisical-deps]
skipping: [mash.met.surf-authentik-deps]

TASK [galaxy/jellyfin : Run Jellyfin installation tasks] ***********************
skipping: [mash.met.surf]
skipping: [mash.met.surf-infisical-deps]
skipping: [mash.met.surf-authentik-deps]

TASK [galaxy/jellyfin : Run Jellyfin uninstallation tasks] *********************
included: /home/user/work/mash-playbook/roles/galaxy/jellyfin/tasks/uninstall.yml for mash.met.surf, mash.met.surf-infisical-deps, mash.met.surf-authentik-deps

TASK [galaxy/jellyfin : Check existence of Jellyfin systemd service] ***********
ok: [mash.met.surf-authentik-deps]
ok: [mash.met.surf-infisical-deps]
ok: [mash.met.surf]

TASK [galaxy/jellyfin : Ensure Jellyfin systemd service is stopped] ************
skipping: [mash.met.surf]
skipping: [mash.met.surf-infisical-deps]
skipping: [mash.met.surf-authentik-deps]

TASK [galaxy/jellyfin : Ensure Jellyfin systemd service does not exist] ********
skipping: [mash.met.surf]
skipping: [mash.met.surf-infisical-deps]
skipping: [mash.met.surf-authentik-deps]

TASK [galaxy/jellyfin : Ensure Jellyfin path doesn't exist] ********************
skipping: [mash.met.surf]
skipping: [mash.met.surf-infisical-deps]
skipping: [mash.met.surf-authentik-deps]

TASK [galaxy/jellyseerr : Run Jellyseerr validation tasks] *********************
skipping: [mash.met.surf]
skipping: [mash.met.surf-infisical-deps]
skipping: [mash.met.surf-authentik-deps]

TASK [galaxy/jellyseerr : Run Jellyseerr installation tasks] *******************
skipping: [mash.met.surf]
skipping: [mash.met.surf-infisical-deps]
skipping: [mash.met.surf-authentik-deps]

TASK [galaxy/jellyseerr : Run Jellyseerr uninstallation tasks] *****************
included: /home/user/work/mash-playbook/roles/galaxy/jellyseerr/tasks/uninstall.yml for mash.met.surf, mash.met.surf-infisical-deps, mash.met.surf-authentik-deps

TASK [galaxy/jellyseerr : Check existence of Jellyseerr systemd service] *******
ok: [mash.met.surf]
ok: [mash.met.surf-infisical-deps]
ok: [mash.met.surf-authentik-deps]

TASK [galaxy/jellyseerr : Ensure Jellyseerr systemd service is stopped] ********
skipping: [mash.met.surf]
skipping: [mash.met.surf-infisical-deps]
skipping: [mash.met.surf-authentik-deps]

TASK [galaxy/jellyseerr : Ensure Jellyseerr systemd service does not exist] ****
skipping: [mash.met.surf]
skipping: [mash.met.surf-infisical-deps]
skipping: [mash.met.surf-authentik-deps]

TASK [galaxy/jellyseerr : Ensure Jellyseerr path doesn't exist] ****************
skipping: [mash.met.surf]
skipping: [mash.met.surf-infisical-deps]
skipping: [mash.met.surf-authentik-deps]

TASK [galaxy/jitsi : Validate Jitsi configuration] *****************************
skipping: [mash.met.surf]
skipping: [mash.met.surf-infisical-deps]
skipping: [mash.met.surf-authentik-deps]

TASK [galaxy/jitsi : Install base for Jitsi] ***********************************
skipping: [mash.met.surf]
skipping: [mash.met.surf-infisical-deps]
skipping: [mash.met.surf-authentik-deps]

TASK [galaxy/jitsi : Install jitsi-web] ****************************************
skipping: [mash.met.surf]
skipping: [mash.met.surf-infisical-deps]
skipping: [mash.met.surf-authentik-deps]

TASK [galaxy/jitsi : Install jitsi-prosody] ************************************
skipping: [mash.met.surf]
skipping: [mash.met.surf-infisical-deps]
skipping: [mash.met.surf-authentik-deps]

TASK [galaxy/jitsi : Install jitsi-jicofo] *************************************
skipping: [mash.met.surf]
skipping: [mash.met.surf-infisical-deps]
skipping: [mash.met.surf-authentik-deps]

TASK [galaxy/jitsi : Install jitsi-jvb] ****************************************
skipping: [mash.met.surf]
skipping: [mash.met.surf-infisical-deps]
skipping: [mash.met.surf-authentik-deps]

TASK [galaxy/jitsi : Uninstall jitsi-web] **************************************
included: /home/user/work/mash-playbook/roles/galaxy/jitsi/tasks/web_uninstall.yml for mash.met.surf, mash.met.surf-infisical-deps, mash.met.surf-authentik-deps

TASK [galaxy/jitsi : Check existence of jitsi-web systemd service] *************
ok: [mash.met.surf]
ok: [mash.met.surf-authentik-deps]
ok: [mash.met.surf-infisical-deps]

TASK [galaxy/jitsi : Ensure jitsi-web systemd service systemd service is stopped] ***
skipping: [mash.met.surf]
skipping: [mash.met.surf-infisical-deps]
skipping: [mash.met.surf-authentik-deps]

TASK [galaxy/jitsi : Ensure jitsi-web systemd service does not exist] **********
skipping: [mash.met.surf]
skipping: [mash.met.surf-infisical-deps]
skipping: [mash.met.surf-authentik-deps]

TASK [galaxy/jitsi : Ensure jitsi-web path does not exist] *********************
skipping: [mash.met.surf]
skipping: [mash.met.surf-infisical-deps]
skipping: [mash.met.surf-authentik-deps]

TASK [galaxy/jitsi : Uninstall jitsi-prosody] **********************************
included: /home/user/work/mash-playbook/roles/galaxy/jitsi/tasks/prosody_uninstall.yml for mash.met.surf, mash.met.surf-infisical-deps, mash.met.surf-authentik-deps

TASK [galaxy/jitsi : Check existence of jitsi-prosody systemd service] *********
ok: [mash.met.surf-infisical-deps]
ok: [mash.met.surf]
ok: [mash.met.surf-authentik-deps]

TASK [galaxy/jitsi : Ensure jitsi-prosody systemd service is stopped] **********
skipping: [mash.met.surf]
skipping: [mash.met.surf-infisical-deps]
skipping: [mash.met.surf-authentik-deps]

TASK [galaxy/jitsi : Ensure jitsi-prosody systemd service does not exist] ******
skipping: [mash.met.surf]
skipping: [mash.met.surf-infisical-deps]
skipping: [mash.met.surf-authentik-deps]

TASK [galaxy/jitsi : Ensure jitsi-prosody path does not exist] *****************
skipping: [mash.met.surf]
skipping: [mash.met.surf-infisical-deps]
skipping: [mash.met.surf-authentik-deps]

TASK [galaxy/jitsi : Uninstall jitsi-jicofo] ***********************************
included: /home/user/work/mash-playbook/roles/galaxy/jitsi/tasks/jicofo_uninstall.yml for mash.met.surf, mash.met.surf-infisical-deps, mash.met.surf-authentik-deps

TASK [galaxy/jitsi : Check existence of jitsi-jicofo systemd service] **********
ok: [mash.met.surf]
ok: [mash.met.surf-infisical-deps]
ok: [mash.met.surf-authentik-deps]

TASK [galaxy/jitsi : Ensure jitsi-jicofo systemd service is stopped] ***********
skipping: [mash.met.surf]
skipping: [mash.met.surf-infisical-deps]
skipping: [mash.met.surf-authentik-deps]

TASK [galaxy/jitsi : Ensure jitsi-jicofo systemd service does not exist] *******
skipping: [mash.met.surf]
skipping: [mash.met.surf-infisical-deps]
skipping: [mash.met.surf-authentik-deps]

TASK [galaxy/jitsi : Ensure jitsi-jicofo path does not exist] ******************
skipping: [mash.met.surf]
skipping: [mash.met.surf-infisical-deps]
skipping: [mash.met.surf-authentik-deps]

TASK [galaxy/jitsi : Uninstall jitsi-jvb] **************************************
included: /home/user/work/mash-playbook/roles/galaxy/jitsi/tasks/jvb_uninstall.yml for mash.met.surf, mash.met.surf-infisical-deps, mash.met.surf-authentik-deps

TASK [galaxy/jitsi : Check existence of jitsi-jvb service] *********************
ok: [mash.met.surf-infisical-deps]
ok: [mash.met.surf-authentik-deps]
ok: [mash.met.surf]

TASK [galaxy/jitsi : Ensure jitsi-jvb systemd service is stopped] **************
skipping: [mash.met.surf]
skipping: [mash.met.surf-infisical-deps]
skipping: [mash.met.surf-authentik-deps]

TASK [galaxy/jitsi : Ensure jitsi-jvb systemd service does not exist] **********
skipping: [mash.met.surf]
skipping: [mash.met.surf-infisical-deps]
skipping: [mash.met.surf-authentik-deps]

TASK [galaxy/jitsi : Ensure jitsi-jvb path does not exist] *********************
skipping: [mash.met.surf]
skipping: [mash.met.surf-infisical-deps]
skipping: [mash.met.surf-authentik-deps]

TASK [galaxy/jitsi : Uninstall base for Jitsi] *********************************
included: /home/user/work/mash-playbook/roles/galaxy/jitsi/tasks/base_uninstall.yml for mash.met.surf, mash.met.surf-infisical-deps, mash.met.surf-authentik-deps

TASK [galaxy/jitsi : Check existence of Jitsi systemd services] ****************
ok: [mash.met.surf-authentik-deps] => (item=/etc/systemd/system/mash-authentik-jitsi-jicofo.service)
ok: [mash.met.surf] => (item=/etc/systemd/system/mash-jitsi-jicofo.service)
ok: [mash.met.surf-infisical-deps] => (item=/etc/systemd/system/mash-infisical-jitsi-jicofo.service)
ok: [mash.met.surf] => (item=/etc/systemd/system/mash-jitsi-jvb.service)
ok: [mash.met.surf-authentik-deps] => (item=/etc/systemd/system/mash-authentik-jitsi-jvb.service)
ok: [mash.met.surf-infisical-deps] => (item=/etc/systemd/system/mash-infisical-jitsi-jvb.service)
ok: [mash.met.surf] => (item=/etc/systemd/system/mash-jitsi-prosody.service)
ok: [mash.met.surf-authentik-deps] => (item=/etc/systemd/system/mash-authentik-jitsi-prosody.service)
ok: [mash.met.surf-infisical-deps] => (item=/etc/systemd/system/mash-infisical-jitsi-prosody.service)
ok: [mash.met.surf] => (item=/etc/systemd/system/mash-jitsi-web.service)
ok: [mash.met.surf-authentik-deps] => (item=/etc/systemd/system/mash-authentik-jitsi-web.service)
ok: [mash.met.surf-infisical-deps] => (item=/etc/systemd/system/mash-infisical-jitsi-web.service)

TASK [galaxy/jitsi : Ensure Jitsi base path does not exist] ********************
ok: [mash.met.surf-infisical-deps]
ok: [mash.met.surf]
ok: [mash.met.surf-authentik-deps]

TASK [galaxy/joplin_server : Validate Joplin Server configuration] *************
skipping: [mash.met.surf]
skipping: [mash.met.surf-infisical-deps]
skipping: [mash.met.surf-authentik-deps]

TASK [galaxy/joplin_server : Install Joplin Server] ****************************
skipping: [mash.met.surf]
skipping: [mash.met.surf-infisical-deps]
skipping: [mash.met.surf-authentik-deps]

TASK [galaxy/joplin_server : Uninstall Joplin Server] **************************
included: /home/user/work/mash-playbook/roles/galaxy/joplin_server/tasks/uninstall.yml for mash.met.surf, mash.met.surf-infisical-deps, mash.met.surf-authentik-deps

TASK [galaxy/joplin_server : Check existence of Joplin Server systemd service] ***
ok: [mash.met.surf-infisical-deps]
ok: [mash.met.surf]
ok: [mash.met.surf-authentik-deps]

TASK [galaxy/joplin_server : Ensure Joplin Server systemd service is stopped] ***
skipping: [mash.met.surf]
skipping: [mash.met.surf-infisical-deps]
skipping: [mash.met.surf-authentik-deps]

TASK [galaxy/joplin_server : Ensure Joplin Server systemd service does not exist] ***
skipping: [mash.met.surf]
skipping: [mash.met.surf-infisical-deps]
skipping: [mash.met.surf-authentik-deps]

TASK [galaxy/joplin_server : Ensure Joplin Server container network does not exist via community.docker.docker_network] ***
skipping: [mash.met.surf]
skipping: [mash.met.surf-infisical-deps]
skipping: [mash.met.surf-authentik-deps]

TASK [galaxy/joplin_server : Ensure Joplin Server container network does not exist via ansible.builtin.command] ***
skipping: [mash.met.surf]
skipping: [mash.met.surf-infisical-deps]
skipping: [mash.met.surf-authentik-deps]

TASK [galaxy/joplin_server : Ensure Joplin Server path does not exist] *********
skipping: [mash.met.surf]
skipping: [mash.met.surf-infisical-deps]
skipping: [mash.met.surf-authentik-deps]

TASK [galaxy/karakeep : Validate Karakeep configuration] ***********************
skipping: [mash.met.surf-infisical-deps]
skipping: [mash.met.surf-authentik-deps]
included: /home/user/work/mash-playbook/roles/galaxy/karakeep/tasks/validate_config.yml for mash.met.surf

TASK [galaxy/karakeep : Fail if required Karakeep settings not defined] ********
skipping: [mash.met.surf] => (item=karakeep_uid) 
skipping: [mash.met.surf] => (item=karakeep_gid) 
skipping: [mash.met.surf] => (item=karakeep_hostname) 
skipping: [mash.met.surf] => (item=karakeep_path_prefix) 
skipping: [mash.met.surf] => (item=karakeep_container_network) 
skipping: [mash.met.surf] => (item=karakeep_environment_variables_nextauth_secret) 
skipping: [mash.met.surf]

TASK [galaxy/karakeep : Fail if SMTP settings are missing (and SMTP is enabled by setting host)] ***
skipping: [mash.met.surf] => (item=karakeep_environment_variables_smtp_host) 
skipping: [mash.met.surf] => (item=karakeep_environment_variables_smtp_from) 
skipping: [mash.met.surf]

TASK [galaxy/karakeep : Fail if Traefik settings required for Karakeep are not defined] ***
skipping: [mash.met.surf] => (item=karakeep_container_labels_traefik_hostname) 
skipping: [mash.met.surf] => (item=karakeep_container_labels_traefik_path_prefix) 
skipping: [mash.met.surf]

TASK [galaxy/karakeep : Fail if karakeep_container_labels_traefik_path_prefix is different than /] ***
skipping: [mash.met.surf]

TASK [galaxy/karakeep : Fail if karakeep_container_labels_traefik_path_prefix ends with a slash] ***
skipping: [mash.met.surf]

TASK [galaxy/karakeep : Install Karakeep] **************************************
skipping: [mash.met.surf-infisical-deps]
skipping: [mash.met.surf-authentik-deps]
included: /home/user/work/mash-playbook/roles/galaxy/karakeep/tasks/install.yml for mash.met.surf

TASK [galaxy/karakeep : Ensure Karakeep paths exist] ***************************
ok: [mash.met.surf] => (item=/mash/karakeep)
ok: [mash.met.surf] => (item=/mash/karakeep/data)

TASK [galaxy/karakeep : Ensure Karakeep support files installed] ***************
ok: [mash.met.surf] => (item=env)
ok: [mash.met.surf] => (item=labels)

TASK [galaxy/karakeep : Ensure Karakeep container image is pulled via community.docker.docker_image] ***
ok: [mash.met.surf]

TASK [galaxy/karakeep : Ensure Karakeep container image is pulled via ansible.builtin.command] ***
skipping: [mash.met.surf]

TASK [galaxy/karakeep : Ensure Karakeep repository is present on self-build] ***
skipping: [mash.met.surf]

TASK [galaxy/karakeep : Ensure Karakeep container image is built] **************
skipping: [mash.met.surf]

TASK [galaxy/karakeep : Ensure Karakeep container network is created via community.docker.docker_network] ***
ok: [mash.met.surf]

TASK [galaxy/karakeep : Ensure Karakeep container network is created via ansible.builtin.command] ***
skipping: [mash.met.surf]

TASK [galaxy/karakeep : Ensure Karakeep systemd service is present] ************
ok: [mash.met.surf]

TASK [galaxy/karakeep : Uninstall Karakeep] ************************************
skipping: [mash.met.surf]
included: /home/user/work/mash-playbook/roles/galaxy/karakeep/tasks/uninstall.yml for mash.met.surf-infisical-deps, mash.met.surf-authentik-deps

TASK [galaxy/karakeep : Check existence of Karakeep systemd service] ***********
ok: [mash.met.surf-infisical-deps]
ok: [mash.met.surf-authentik-deps]

TASK [galaxy/karakeep : Ensure Karakeep systemd service is stopped] ************
skipping: [mash.met.surf-infisical-deps]
skipping: [mash.met.surf-authentik-deps]

TASK [galaxy/karakeep : Ensure Karakeep systemd service does not exist] ********
skipping: [mash.met.surf-infisical-deps]
skipping: [mash.met.surf-authentik-deps]

TASK [galaxy/karakeep : Ensure Karakeep support files do not exist] ************
skipping: [mash.met.surf-infisical-deps] => (item=env) 
skipping: [mash.met.surf-infisical-deps] => (item=labels) 
skipping: [mash.met.surf-infisical-deps]
skipping: [mash.met.surf-authentik-deps] => (item=env) 
skipping: [mash.met.surf-authentik-deps] => (item=labels) 
skipping: [mash.met.surf-authentik-deps]

TASK [galaxy/karakeep : Ensure Karakeep image source files path does not exist] ***
skipping: [mash.met.surf-infisical-deps]
skipping: [mash.met.surf-authentik-deps]

TASK [galaxy/karakeep : Ensure Karakeep local data path does not exist if empty] ***
skipping: [mash.met.surf-infisical-deps]
skipping: [mash.met.surf-authentik-deps]

TASK [galaxy/karakeep : Ensure Karakeep base path does not exist if empty] *****
skipping: [mash.met.surf-infisical-deps]
skipping: [mash.met.surf-authentik-deps]

TASK [galaxy/karakeep : Ensure Karakeep container network does not exist via community.docker.docker_network] ***
skipping: [mash.met.surf-infisical-deps]
skipping: [mash.met.surf-authentik-deps]

TASK [galaxy/karakeep : Ensure Karakeep container network does not exist via ansible.builtin.command] ***
skipping: [mash.met.surf-infisical-deps]
skipping: [mash.met.surf-authentik-deps]

TASK [galaxy/karakeep : Check existence of Karakeep local data path] ***********
ok: [mash.met.surf-infisical-deps]
ok: [mash.met.surf-authentik-deps]

TASK [galaxy/karakeep : Notify if Karakeep local data remains] *****************
skipping: [mash.met.surf-infisical-deps]
skipping: [mash.met.surf-authentik-deps]

TASK [galaxy/keycloak : Validate Keycloak configuration] ***********************
skipping: [mash.met.surf]
skipping: [mash.met.surf-infisical-deps]
skipping: [mash.met.surf-authentik-deps]

TASK [galaxy/keycloak : Install Keycloak] **************************************
skipping: [mash.met.surf]
skipping: [mash.met.surf-infisical-deps]
skipping: [mash.met.surf-authentik-deps]

TASK [galaxy/keycloak : Uninstall Keycloak] ************************************
included: /home/user/work/mash-playbook/roles/galaxy/keycloak/tasks/uninstall.yml for mash.met.surf, mash.met.surf-infisical-deps, mash.met.surf-authentik-deps

TASK [galaxy/keycloak : Check existence of Keycloak systemd service] ***********
ok: [mash.met.surf-authentik-deps]
ok: [mash.met.surf-infisical-deps]
ok: [mash.met.surf]

TASK [galaxy/keycloak : Ensure Keycloak systemd service is stopped] ************
skipping: [mash.met.surf]
skipping: [mash.met.surf-infisical-deps]
skipping: [mash.met.surf-authentik-deps]

TASK [galaxy/keycloak : Ensure Keycloak systemd service does not exist] ********
skipping: [mash.met.surf]
skipping: [mash.met.surf-infisical-deps]
skipping: [mash.met.surf-authentik-deps]

TASK [galaxy/keycloak : Ensure Keycloak container network does not exist via community.docker.docker_network] ***
skipping: [mash.met.surf]
skipping: [mash.met.surf-infisical-deps]
skipping: [mash.met.surf-authentik-deps]

TASK [galaxy/keycloak : Ensure Keycloak container network does not exist via ansible.builtin.command] ***
skipping: [mash.met.surf]
skipping: [mash.met.surf-infisical-deps]
skipping: [mash.met.surf-authentik-deps]

TASK [galaxy/keycloak : Ensure Keycloak path does not exist] *******************
skipping: [mash.met.surf]
skipping: [mash.met.surf-infisical-deps]
skipping: [mash.met.surf-authentik-deps]

TASK [galaxy/keydb : Validate KeyDB configuration] *****************************
skipping: [mash.met.surf]
skipping: [mash.met.surf-infisical-deps]
skipping: [mash.met.surf-authentik-deps]

TASK [galaxy/keydb : Install KeyDB] ********************************************
skipping: [mash.met.surf]
skipping: [mash.met.surf-infisical-deps]
skipping: [mash.met.surf-authentik-deps]

TASK [galaxy/keydb : Uninstall KeyDB] ******************************************
included: /home/user/work/mash-playbook/roles/galaxy/keydb/tasks/uninstall.yml for mash.met.surf, mash.met.surf-infisical-deps, mash.met.surf-authentik-deps

TASK [galaxy/keydb : Check existence of KeyDB service] *************************
ok: [mash.met.surf-authentik-deps]
ok: [mash.met.surf-infisical-deps]
ok: [mash.met.surf]

TASK [galaxy/keydb : Ensure KeyDB systemd service is stopped] ******************
skipping: [mash.met.surf]
skipping: [mash.met.surf-infisical-deps]
skipping: [mash.met.surf-authentik-deps]

TASK [galaxy/keydb : Ensure KeyDB systemd service does not exist] **************
skipping: [mash.met.surf]
skipping: [mash.met.surf-infisical-deps]
skipping: [mash.met.surf-authentik-deps]

TASK [galaxy/keydb : Ensure KeyDB container network does not exist via community.docker.docker_network] ***
skipping: [mash.met.surf]
skipping: [mash.met.surf-infisical-deps]
skipping: [mash.met.surf-authentik-deps]

TASK [galaxy/keydb : Ensure KeyDB container network does not exist via ansible.builtin.command] ***
skipping: [mash.met.surf]
skipping: [mash.met.surf-infisical-deps]
skipping: [mash.met.surf-authentik-deps]

TASK [galaxy/keydb : Check existence of KeyDB local data path] *****************
ok: [mash.met.surf-infisical-deps]
ok: [mash.met.surf]
ok: [mash.met.surf-authentik-deps]

TASK [galaxy/keydb : Notify if KeyDB local data remains] ***********************
skipping: [mash.met.surf]
skipping: [mash.met.surf-infisical-deps]
skipping: [mash.met.surf-authentik-deps]

TASK [galaxy/kutt : Validate Kutt configuration] *******************************
skipping: [mash.met.surf]
skipping: [mash.met.surf-infisical-deps]
skipping: [mash.met.surf-authentik-deps]

TASK [galaxy/kutt : Install Kutt] **********************************************
skipping: [mash.met.surf]
skipping: [mash.met.surf-infisical-deps]
skipping: [mash.met.surf-authentik-deps]

TASK [galaxy/kutt : Uninstall Kutt] ********************************************
included: /home/user/work/mash-playbook/roles/galaxy/kutt/tasks/uninstall.yml for mash.met.surf, mash.met.surf-infisical-deps, mash.met.surf-authentik-deps

TASK [galaxy/kutt : Check existence of Kutt systemd service] *******************
ok: [mash.met.surf-infisical-deps]
ok: [mash.met.surf-authentik-deps]
ok: [mash.met.surf]

TASK [galaxy/kutt : Ensure Kutt systemd service is stopped] ********************
skipping: [mash.met.surf]
skipping: [mash.met.surf-infisical-deps]
skipping: [mash.met.surf-authentik-deps]

TASK [galaxy/kutt : Ensure Kutt systemd service does not exist] ****************
skipping: [mash.met.surf]
skipping: [mash.met.surf-infisical-deps]
skipping: [mash.met.surf-authentik-deps]

TASK [galaxy/kutt : Ensure Kutt support files do not exist] ********************
skipping: [mash.met.surf] => (item=env) 
skipping: [mash.met.surf] => (item=labels) 
skipping: [mash.met.surf]
skipping: [mash.met.surf-infisical-deps] => (item=env) 
skipping: [mash.met.surf-infisical-deps] => (item=labels) 
skipping: [mash.met.surf-infisical-deps]
skipping: [mash.met.surf-authentik-deps] => (item=env) 
skipping: [mash.met.surf-authentik-deps] => (item=labels) 
skipping: [mash.met.surf-authentik-deps]

TASK [galaxy/kutt : Ensure Kutt image source files path does not exist] ********
skipping: [mash.met.surf]
skipping: [mash.met.surf-infisical-deps]
skipping: [mash.met.surf-authentik-deps]

TASK [galaxy/kutt : Ensure Kutt local path for customization files does not exist if empty] ***
skipping: [mash.met.surf]
skipping: [mash.met.surf-infisical-deps]
skipping: [mash.met.surf-authentik-deps]

TASK [galaxy/kutt : Ensure Kutt local data path does not exist if empty] *******
skipping: [mash.met.surf]
skipping: [mash.met.surf-infisical-deps]
skipping: [mash.met.surf-authentik-deps]

TASK [galaxy/kutt : Ensure Kutt base path does not exist if empty] *************
skipping: [mash.met.surf]
skipping: [mash.met.surf-infisical-deps]
skipping: [mash.met.surf-authentik-deps]

TASK [galaxy/kutt : Ensure Kutt container network does not exist via community.docker.docker_network] ***
skipping: [mash.met.surf]
skipping: [mash.met.surf-infisical-deps]
skipping: [mash.met.surf-authentik-deps]

TASK [galaxy/kutt : Ensure Kutt container network does not exist via ansible.builtin.command] ***
skipping: [mash.met.surf]
skipping: [mash.met.surf-infisical-deps]
skipping: [mash.met.surf-authentik-deps]

TASK [galaxy/kutt : Check existence of Kutt local path for customization files] ***
ok: [mash.met.surf]
ok: [mash.met.surf-infisical-deps]
ok: [mash.met.surf-authentik-deps]

TASK [galaxy/kutt : Notify if Kutt local customization files remain] ***********
skipping: [mash.met.surf]
skipping: [mash.met.surf-infisical-deps]
skipping: [mash.met.surf-authentik-deps]

TASK [galaxy/kutt : Check existence of Kutt local data path] *******************
ok: [mash.met.surf]
ok: [mash.met.surf-authentik-deps]
ok: [mash.met.surf-infisical-deps]

TASK [galaxy/kutt : Notify if Kutt local data remains] *************************
skipping: [mash.met.surf]
skipping: [mash.met.surf-infisical-deps]
skipping: [mash.met.surf-authentik-deps]

TASK [galaxy/labelstudio : ansible.builtin.include_tasks] **********************
skipping: [mash.met.surf]
skipping: [mash.met.surf-infisical-deps]
skipping: [mash.met.surf-authentik-deps]

TASK [galaxy/labelstudio : ansible.builtin.include_tasks] **********************
skipping: [mash.met.surf]
skipping: [mash.met.surf-infisical-deps]
skipping: [mash.met.surf-authentik-deps]

TASK [galaxy/labelstudio : ansible.builtin.include_tasks] **********************
included: /home/user/work/mash-playbook/roles/galaxy/labelstudio/tasks/uninstall.yml for mash.met.surf, mash.met.surf-infisical-deps, mash.met.surf-authentik-deps

TASK [galaxy/labelstudio : Check existence of labelstudio systemd service] *****
ok: [mash.met.surf]
ok: [mash.met.surf-infisical-deps]
ok: [mash.met.surf-authentik-deps]

TASK [galaxy/labelstudio : Ensure labelstudio systemd service is stopped] ******
skipping: [mash.met.surf]
skipping: [mash.met.surf-infisical-deps]
skipping: [mash.met.surf-authentik-deps]

TASK [galaxy/labelstudio : Ensure labelstudio systemd service does not exist] ***
skipping: [mash.met.surf] => (item=/etc/systemd/system/mash-labelstudio.service) 
skipping: [mash.met.surf]
skipping: [mash.met.surf-infisical-deps] => (item=/etc/systemd/system/mash-infisical-labelstudio.service) 
skipping: [mash.met.surf-infisical-deps]
skipping: [mash.met.surf-authentik-deps] => (item=/etc/systemd/system/mash-authentik-labelstudio.service) 
skipping: [mash.met.surf-authentik-deps]

TASK [galaxy/labelstudio : Ensure labelstudio path doesn't exist] **************
skipping: [mash.met.surf]
skipping: [mash.met.surf-infisical-deps]
skipping: [mash.met.surf-authentik-deps]

TASK [galaxy/lago : Validate Lago configuration] *******************************
skipping: [mash.met.surf]
skipping: [mash.met.surf-infisical-deps]
skipping: [mash.met.surf-authentik-deps]

TASK [galaxy/lago : Install Lago base] *****************************************
skipping: [mash.met.surf]
skipping: [mash.met.surf-infisical-deps]
skipping: [mash.met.surf-authentik-deps]

TASK [galaxy/lago : Install Lago API] ******************************************
skipping: [mash.met.surf]
skipping: [mash.met.surf-infisical-deps]
skipping: [mash.met.surf-authentik-deps]

TASK [galaxy/lago : Install Lago API Worker] ***********************************
skipping: [mash.met.surf]
skipping: [mash.met.surf-infisical-deps]
skipping: [mash.met.surf-authentik-deps]

TASK [galaxy/lago : Install Lago API Clock] ************************************
skipping: [mash.met.surf]
skipping: [mash.met.surf-infisical-deps]
skipping: [mash.met.surf-authentik-deps]

TASK [galaxy/lago : Install Lago Front] ****************************************
skipping: [mash.met.surf]
skipping: [mash.met.surf-infisical-deps]
skipping: [mash.met.surf-authentik-deps]

TASK [galaxy/lago : Install Lago PDF] ******************************************
skipping: [mash.met.surf]
skipping: [mash.met.surf-infisical-deps]
skipping: [mash.met.surf-authentik-deps]

TASK [galaxy/lago : Uninstall Lago API Worker] *********************************
included: /home/user/work/mash-playbook/roles/galaxy/lago/tasks/api_worker_uninstall.yml for mash.met.surf, mash.met.surf-infisical-deps, mash.met.surf-authentik-deps

TASK [galaxy/lago : Check existence of Lago API Worker systemd service] ********
ok: [mash.met.surf-infisical-deps]
ok: [mash.met.surf-authentik-deps]
ok: [mash.met.surf]

TASK [galaxy/lago : Ensure Lago API Worker systemd service is stopped] *********
skipping: [mash.met.surf]
skipping: [mash.met.surf-infisical-deps]
skipping: [mash.met.surf-authentik-deps]

TASK [galaxy/lago : Ensure Lago API Worker systemd service does not exist] *****
skipping: [mash.met.surf]
skipping: [mash.met.surf-infisical-deps]
skipping: [mash.met.surf-authentik-deps]

TASK [galaxy/lago : Uninstall Lago API Clock] **********************************
included: /home/user/work/mash-playbook/roles/galaxy/lago/tasks/api_clock_uninstall.yml for mash.met.surf, mash.met.surf-infisical-deps, mash.met.surf-authentik-deps

TASK [galaxy/lago : Check existence of Lago API Clock systemd service] *********
ok: [mash.met.surf-authentik-deps]
ok: [mash.met.surf-infisical-deps]
ok: [mash.met.surf]

TASK [galaxy/lago : Ensure Lago API Clock systemd service is stopped] **********
skipping: [mash.met.surf]
skipping: [mash.met.surf-infisical-deps]
skipping: [mash.met.surf-authentik-deps]

TASK [galaxy/lago : Ensure Lago API Clock systemd service does not exist] ******
skipping: [mash.met.surf]
skipping: [mash.met.surf-infisical-deps]
skipping: [mash.met.surf-authentik-deps]

TASK [galaxy/lago : Uninstall Lago API] ****************************************
included: /home/user/work/mash-playbook/roles/galaxy/lago/tasks/api_uninstall.yml for mash.met.surf, mash.met.surf-infisical-deps, mash.met.surf-authentik-deps

TASK [galaxy/lago : Check existence of Lago API systemd service] ***************
ok: [mash.met.surf-infisical-deps]
ok: [mash.met.surf-authentik-deps]
ok: [mash.met.surf]

TASK [galaxy/lago : Ensure Lago API systemd service is stopped] ****************
skipping: [mash.met.surf]
skipping: [mash.met.surf-infisical-deps]
skipping: [mash.met.surf-authentik-deps]

TASK [galaxy/lago : Ensure Lago API systemd service does not exist] ************
skipping: [mash.met.surf]
skipping: [mash.met.surf-infisical-deps]
skipping: [mash.met.surf-authentik-deps]

TASK [galaxy/lago : Ensure Lago path does not exist] ***************************
skipping: [mash.met.surf]
skipping: [mash.met.surf-infisical-deps]
skipping: [mash.met.surf-authentik-deps]

TASK [galaxy/lago : Uninstall Lago Front] **************************************
included: /home/user/work/mash-playbook/roles/galaxy/lago/tasks/front_uninstall.yml for mash.met.surf, mash.met.surf-infisical-deps, mash.met.surf-authentik-deps

TASK [galaxy/lago : Check existence of Lago Front systemd service] *************
ok: [mash.met.surf-infisical-deps]
ok: [mash.met.surf]
ok: [mash.met.surf-authentik-deps]

TASK [galaxy/lago : Ensure Lago Front systemd service is stopped] **************
skipping: [mash.met.surf]
skipping: [mash.met.surf-infisical-deps]
skipping: [mash.met.surf-authentik-deps]

TASK [galaxy/lago : Ensure Lago Front systemd service does not exist] **********
skipping: [mash.met.surf]
skipping: [mash.met.surf-infisical-deps]
skipping: [mash.met.surf-authentik-deps]

TASK [galaxy/lago : Ensure Lago path does not exist] ***************************
skipping: [mash.met.surf]
skipping: [mash.met.surf-infisical-deps]
skipping: [mash.met.surf-authentik-deps]

TASK [galaxy/lago : Uninstall Lago PDF] ****************************************
included: /home/user/work/mash-playbook/roles/galaxy/lago/tasks/pdf_uninstall.yml for mash.met.surf, mash.met.surf-infisical-deps, mash.met.surf-authentik-deps

TASK [galaxy/lago : Check existence of Lago PDF systemd service] ***************
ok: [mash.met.surf]
ok: [mash.met.surf-infisical-deps]
ok: [mash.met.surf-authentik-deps]

TASK [galaxy/lago : Ensure Lago PDF systemd service is stopped] ****************
skipping: [mash.met.surf]
skipping: [mash.met.surf-infisical-deps]
skipping: [mash.met.surf-authentik-deps]

TASK [galaxy/lago : Ensure Lago PDF systemd service does not exist] ************
skipping: [mash.met.surf]
skipping: [mash.met.surf-infisical-deps]
skipping: [mash.met.surf-authentik-deps]

TASK [galaxy/lago : Ensure Lago path does not exist] ***************************
skipping: [mash.met.surf]
skipping: [mash.met.surf-infisical-deps]
skipping: [mash.met.surf-authentik-deps]

TASK [galaxy/lago : Uninstall Lago base] ***************************************
included: /home/user/work/mash-playbook/roles/galaxy/lago/tasks/base_uninstall.yml for mash.met.surf, mash.met.surf-infisical-deps, mash.met.surf-authentik-deps

TASK [galaxy/lago : Ensure Lago path does not exist] ***************************
ok: [mash.met.surf-authentik-deps]
ok: [mash.met.surf-infisical-deps]
ok: [mash.met.surf]

TASK [galaxy/languagetool : Validate LanguageTool configuration] ***************
skipping: [mash.met.surf]
skipping: [mash.met.surf-infisical-deps]
skipping: [mash.met.surf-authentik-deps]

TASK [galaxy/languagetool : Install LanguageTool] ******************************
skipping: [mash.met.surf]
skipping: [mash.met.surf-infisical-deps]
skipping: [mash.met.surf-authentik-deps]

TASK [galaxy/languagetool : Uninstall LanguageTool] ****************************
included: /home/user/work/mash-playbook/roles/galaxy/languagetool/tasks/uninstall.yml for mash.met.surf, mash.met.surf-infisical-deps, mash.met.surf-authentik-deps

TASK [galaxy/languagetool : Check existence of LanguageTool systemd service] ***
ok: [mash.met.surf-infisical-deps]
ok: [mash.met.surf]
ok: [mash.met.surf-authentik-deps]

TASK [galaxy/languagetool : Ensure LanguageTool systemd service is stopped] ****
skipping: [mash.met.surf]
skipping: [mash.met.surf-infisical-deps]
skipping: [mash.met.surf-authentik-deps]

TASK [galaxy/languagetool : Ensure LanguageTool systemd service does not exist] ***
skipping: [mash.met.surf]
skipping: [mash.met.surf-infisical-deps]
skipping: [mash.met.surf-authentik-deps]

TASK [galaxy/languagetool : Ensure LanguageTool container network does not exist via community.docker.docker_network] ***
skipping: [mash.met.surf]
skipping: [mash.met.surf-infisical-deps]
skipping: [mash.met.surf-authentik-deps]

TASK [galaxy/languagetool : Ensure LanguageTool container network does not exist via ansible.builtin.command] ***
skipping: [mash.met.surf]
skipping: [mash.met.surf-infisical-deps]
skipping: [mash.met.surf-authentik-deps]

TASK [galaxy/languagetool : Ensure LanguageTool path does not exist] ***********
skipping: [mash.met.surf]
skipping: [mash.met.surf-infisical-deps]
skipping: [mash.met.surf-authentik-deps]

TASK [galaxy/limesurvey : Validate LimeSurvey configuration] *******************
skipping: [mash.met.surf]
skipping: [mash.met.surf-infisical-deps]
skipping: [mash.met.surf-authentik-deps]

TASK [galaxy/limesurvey : Install LimeSurvey] **********************************
skipping: [mash.met.surf]
skipping: [mash.met.surf-infisical-deps]
skipping: [mash.met.surf-authentik-deps]

TASK [galaxy/limesurvey : Uninstall LimeSurvey] ********************************
included: /home/user/work/mash-playbook/roles/galaxy/limesurvey/tasks/uninstall.yml for mash.met.surf, mash.met.surf-infisical-deps, mash.met.surf-authentik-deps

TASK [galaxy/limesurvey : Check existence of LimeSurvey systemd service] *******
ok: [mash.met.surf]
ok: [mash.met.surf-infisical-deps]
ok: [mash.met.surf-authentik-deps]

TASK [galaxy/limesurvey : Ensure LimeSurvey systemd service is stopped] ********
skipping: [mash.met.surf]
skipping: [mash.met.surf-infisical-deps]
skipping: [mash.met.surf-authentik-deps]

TASK [galaxy/limesurvey : Ensure LimeSurvey systemd service does not exist] ****
skipping: [mash.met.surf]
skipping: [mash.met.surf-infisical-deps]
skipping: [mash.met.surf-authentik-deps]

TASK [galaxy/limesurvey : Ensure LimeSurvey support files do not exist] ********
skipping: [mash.met.surf] => (item=env) 
skipping: [mash.met.surf] => (item=labels) 
skipping: [mash.met.surf]
skipping: [mash.met.surf-infisical-deps] => (item=env) 
skipping: [mash.met.surf-infisical-deps] => (item=labels) 
skipping: [mash.met.surf-infisical-deps]
skipping: [mash.met.surf-authentik-deps] => (item=env) 
skipping: [mash.met.surf-authentik-deps] => (item=labels) 
skipping: [mash.met.surf-authentik-deps]

TASK [galaxy/limesurvey : Ensure LimeSurvey local path for config files does not exist if empty] ***
skipping: [mash.met.surf]
skipping: [mash.met.surf-infisical-deps]
skipping: [mash.met.surf-authentik-deps]

TASK [galaxy/limesurvey : Ensure LimeSurvey local path for plugin files does not exist if empty] ***
skipping: [mash.met.surf]
skipping: [mash.met.surf-infisical-deps]
skipping: [mash.met.surf-authentik-deps]

TASK [galaxy/limesurvey : Ensure LimeSurvey local path for uploaded files does not exist if empty] ***
skipping: [mash.met.surf]
skipping: [mash.met.surf-infisical-deps]
skipping: [mash.met.surf-authentik-deps]

TASK [galaxy/limesurvey : Ensure LimeSurvey base path does not exist if empty] ***
skipping: [mash.met.surf]
skipping: [mash.met.surf-infisical-deps]
skipping: [mash.met.surf-authentik-deps]

TASK [galaxy/limesurvey : Ensure LimeSurvey container network does not exist via community.docker.docker_network] ***
skipping: [mash.met.surf]
skipping: [mash.met.surf-infisical-deps]
skipping: [mash.met.surf-authentik-deps]

TASK [galaxy/limesurvey : Ensure LimeSurvey container network does not exist via ansible.builtin.command] ***
skipping: [mash.met.surf]
skipping: [mash.met.surf-infisical-deps]
skipping: [mash.met.surf-authentik-deps]

TASK [galaxy/limesurvey : Check existence of LimeSurvey local path for config files] ***
ok: [mash.met.surf]
ok: [mash.met.surf-authentik-deps]
ok: [mash.met.surf-infisical-deps]

TASK [galaxy/limesurvey : Notify if LimeSurvey local config files remain] ******
skipping: [mash.met.surf]
skipping: [mash.met.surf-infisical-deps]
skipping: [mash.met.surf-authentik-deps]

TASK [galaxy/limesurvey : Check existence of LimeSurvey local path for plugin files] ***
ok: [mash.met.surf]
ok: [mash.met.surf-authentik-deps]
ok: [mash.met.surf-infisical-deps]

TASK [galaxy/limesurvey : Notify if LimeSurvey local plugin files remain] ******
skipping: [mash.met.surf]
skipping: [mash.met.surf-infisical-deps]
skipping: [mash.met.surf-authentik-deps]

TASK [galaxy/limesurvey : Check existence of LimeSurvey local path for uploaded files] ***
ok: [mash.met.surf]
ok: [mash.met.surf-infisical-deps]
ok: [mash.met.surf-authentik-deps]

TASK [galaxy/limesurvey : Notify if LimeSurvey local upload files remain] ******
skipping: [mash.met.surf]
skipping: [mash.met.surf-infisical-deps]
skipping: [mash.met.surf-authentik-deps]

TASK [galaxy/linkding : Validate linkding configuration] ***********************
skipping: [mash.met.surf]
skipping: [mash.met.surf-infisical-deps]
skipping: [mash.met.surf-authentik-deps]

TASK [galaxy/linkding : Install linkding] **************************************
skipping: [mash.met.surf]
skipping: [mash.met.surf-infisical-deps]
skipping: [mash.met.surf-authentik-deps]

TASK [galaxy/linkding : Uninstall linkding] ************************************
included: /home/user/work/mash-playbook/roles/galaxy/linkding/tasks/uninstall.yml for mash.met.surf, mash.met.surf-infisical-deps, mash.met.surf-authentik-deps

TASK [galaxy/linkding : Check existence of linkding systemd service] ***********
ok: [mash.met.surf-authentik-deps]
ok: [mash.met.surf-infisical-deps]
ok: [mash.met.surf]

TASK [galaxy/linkding : Ensure linkding systemd service is stopped] ************
skipping: [mash.met.surf]
skipping: [mash.met.surf-infisical-deps]
skipping: [mash.met.surf-authentik-deps]

TASK [galaxy/linkding : Ensure linkding systemd service does not exist] ********
skipping: [mash.met.surf]
skipping: [mash.met.surf-infisical-deps]
skipping: [mash.met.surf-authentik-deps]

TASK [galaxy/linkding : Ensure linkding container network does not exist via community.docker.docker_network] ***
skipping: [mash.met.surf]
skipping: [mash.met.surf-infisical-deps]
skipping: [mash.met.surf-authentik-deps]

TASK [galaxy/linkding : Ensure linkding container network does not exist via ansible.builtin.command] ***
skipping: [mash.met.surf]
skipping: [mash.met.surf-infisical-deps]
skipping: [mash.met.surf-authentik-deps]

TASK [galaxy/linkding : Ensure linkding path does not exist] *******************
skipping: [mash.met.surf]
skipping: [mash.met.surf-infisical-deps]
skipping: [mash.met.surf-authentik-deps]

TASK [galaxy/linkwarden : Validate Linkwarden configuration] *******************
skipping: [mash.met.surf]
skipping: [mash.met.surf-infisical-deps]
skipping: [mash.met.surf-authentik-deps]

TASK [galaxy/linkwarden : Install Linkwarden] **********************************
skipping: [mash.met.surf]
skipping: [mash.met.surf-infisical-deps]
skipping: [mash.met.surf-authentik-deps]

TASK [galaxy/linkwarden : Uninstall Linkwarden] ********************************
included: /home/user/work/mash-playbook/roles/galaxy/linkwarden/tasks/uninstall.yml for mash.met.surf, mash.met.surf-infisical-deps, mash.met.surf-authentik-deps

TASK [galaxy/linkwarden : Check existence of Linkwarden systemd service] *******
ok: [mash.met.surf-infisical-deps]
ok: [mash.met.surf]
ok: [mash.met.surf-authentik-deps]

TASK [galaxy/linkwarden : Ensure Linkwarden systemd service is stopped] ********
skipping: [mash.met.surf]
skipping: [mash.met.surf-infisical-deps]
skipping: [mash.met.surf-authentik-deps]

TASK [galaxy/linkwarden : Ensure Linkwarden systemd service does not exist] ****
skipping: [mash.met.surf]
skipping: [mash.met.surf-infisical-deps]
skipping: [mash.met.surf-authentik-deps]

TASK [galaxy/linkwarden : Ensure Linkwarden support files do not exist] ********
skipping: [mash.met.surf] => (item=env) 
skipping: [mash.met.surf] => (item=labels) 
skipping: [mash.met.surf]
skipping: [mash.met.surf-infisical-deps] => (item=env) 
skipping: [mash.met.surf-infisical-deps] => (item=labels) 
skipping: [mash.met.surf-infisical-deps]
skipping: [mash.met.surf-authentik-deps] => (item=env) 
skipping: [mash.met.surf-authentik-deps] => (item=labels) 
skipping: [mash.met.surf-authentik-deps]

TASK [galaxy/linkwarden : Ensure Linkwarden image source files path does not exist] ***
skipping: [mash.met.surf]
skipping: [mash.met.surf-infisical-deps]
skipping: [mash.met.surf-authentik-deps]

TASK [galaxy/linkwarden : Ensure Linkwarden local data path does not exist if empty] ***
skipping: [mash.met.surf]
skipping: [mash.met.surf-infisical-deps]
skipping: [mash.met.surf-authentik-deps]

TASK [galaxy/linkwarden : Ensure Linkwarden base path does not exist if empty] ***
skipping: [mash.met.surf]
skipping: [mash.met.surf-infisical-deps]
skipping: [mash.met.surf-authentik-deps]

TASK [galaxy/linkwarden : Ensure Linkwarden container network does not exist via community.docker.docker_network] ***
skipping: [mash.met.surf]
skipping: [mash.met.surf-infisical-deps]
skipping: [mash.met.surf-authentik-deps]

TASK [galaxy/linkwarden : Ensure Linkwarden container network does not exist via ansible.builtin.command] ***
skipping: [mash.met.surf]
skipping: [mash.met.surf-infisical-deps]
skipping: [mash.met.surf-authentik-deps]

TASK [galaxy/linkwarden : Check existence of Linkwarden local data path] *******
ok: [mash.met.surf]
ok: [mash.met.surf-infisical-deps]
ok: [mash.met.surf-authentik-deps]

TASK [galaxy/linkwarden : Notify if Linkwarden local data remains] *************
skipping: [mash.met.surf]
skipping: [mash.met.surf-infisical-deps]
skipping: [mash.met.surf-authentik-deps]

TASK [galaxy/listmonk : Validate listmonk configuration] ***********************
skipping: [mash.met.surf]
skipping: [mash.met.surf-infisical-deps]
skipping: [mash.met.surf-authentik-deps]

TASK [galaxy/listmonk : Install listmonk] **************************************
skipping: [mash.met.surf]
skipping: [mash.met.surf-infisical-deps]
skipping: [mash.met.surf-authentik-deps]

TASK [galaxy/listmonk : Uninstall listmonk] ************************************
included: /home/user/work/mash-playbook/roles/galaxy/listmonk/tasks/uninstall.yml for mash.met.surf, mash.met.surf-infisical-deps, mash.met.surf-authentik-deps

TASK [galaxy/listmonk : Check existence of listmonk systemd service] ***********
ok: [mash.met.surf-infisical-deps]
ok: [mash.met.surf]
ok: [mash.met.surf-authentik-deps]

TASK [galaxy/listmonk : Ensure listmonk systemd service is stopped] ************
skipping: [mash.met.surf]
skipping: [mash.met.surf-infisical-deps]
skipping: [mash.met.surf-authentik-deps]

TASK [galaxy/listmonk : Ensure listmonk systemd service does not exist] ********
skipping: [mash.met.surf]
skipping: [mash.met.surf-infisical-deps]
skipping: [mash.met.surf-authentik-deps]

TASK [galaxy/listmonk : Ensure listmonk container network does not exist via community.docker.docker_network] ***
skipping: [mash.met.surf]
skipping: [mash.met.surf-infisical-deps]
skipping: [mash.met.surf-authentik-deps]

TASK [galaxy/listmonk : Ensure listmonk container network does not exist via ansible.builtin.command] ***
skipping: [mash.met.surf]
skipping: [mash.met.surf-infisical-deps]
skipping: [mash.met.surf-authentik-deps]

TASK [galaxy/listmonk : Ensure listmonk path does not exist] *******************
skipping: [mash.met.surf]
skipping: [mash.met.surf-infisical-deps]
skipping: [mash.met.surf-authentik-deps]

TASK [galaxy/lldap : Validate LLDAP configuration] *****************************
skipping: [mash.met.surf]
skipping: [mash.met.surf-infisical-deps]
skipping: [mash.met.surf-authentik-deps]

TASK [galaxy/lldap : Install LLDAP] ********************************************
skipping: [mash.met.surf]
skipping: [mash.met.surf-infisical-deps]
skipping: [mash.met.surf-authentik-deps]

TASK [galaxy/lldap : Uninstall LLDAP] ******************************************
included: /home/user/work/mash-playbook/roles/galaxy/lldap/tasks/uninstall.yml for mash.met.surf, mash.met.surf-infisical-deps, mash.met.surf-authentik-deps

TASK [galaxy/lldap : Check existence of LLDAP systemd service] *****************
ok: [mash.met.surf]
ok: [mash.met.surf-infisical-deps]
ok: [mash.met.surf-authentik-deps]

TASK [galaxy/lldap : Ensure LLDAP systemd service is stopped] ******************
skipping: [mash.met.surf]
skipping: [mash.met.surf-infisical-deps]
skipping: [mash.met.surf-authentik-deps]

TASK [galaxy/lldap : Ensure LLDAP systemd service does not exist] **************
skipping: [mash.met.surf]
skipping: [mash.met.surf-infisical-deps]
skipping: [mash.met.surf-authentik-deps]

TASK [galaxy/lldap : Ensure LLDAP support files do not exist] ******************
skipping: [mash.met.surf] => (item=env) 
skipping: [mash.met.surf] => (item=labels) 
skipping: [mash.met.surf]
skipping: [mash.met.surf-infisical-deps] => (item=env) 
skipping: [mash.met.surf-infisical-deps] => (item=labels) 
skipping: [mash.met.surf-infisical-deps]
skipping: [mash.met.surf-authentik-deps] => (item=env) 
skipping: [mash.met.surf-authentik-deps] => (item=labels) 
skipping: [mash.met.surf-authentik-deps]

TASK [galaxy/lldap : Ensure LLDAP image source files path does not exist] ******
skipping: [mash.met.surf]
skipping: [mash.met.surf-infisical-deps]
skipping: [mash.met.surf-authentik-deps]

TASK [galaxy/lldap : Ensure LLDAP local data path does not exist if empty] *****
skipping: [mash.met.surf]
skipping: [mash.met.surf-infisical-deps]
skipping: [mash.met.surf-authentik-deps]

TASK [galaxy/lldap : Ensure LLDAP base path does not exist if empty] ***********
skipping: [mash.met.surf]
skipping: [mash.met.surf-infisical-deps]
skipping: [mash.met.surf-authentik-deps]

TASK [galaxy/lldap : Ensure LLDAP container network does not exist via community.docker.docker_network] ***
skipping: [mash.met.surf]
skipping: [mash.met.surf-infisical-deps]
skipping: [mash.met.surf-authentik-deps]

TASK [galaxy/lldap : Ensure LLDAP container network does not exist via ansible.builtin.command] ***
skipping: [mash.met.surf]
skipping: [mash.met.surf-infisical-deps]
skipping: [mash.met.surf-authentik-deps]

TASK [galaxy/lldap : Check existence of LLDAP local data path] *****************
ok: [mash.met.surf]
ok: [mash.met.surf-infisical-deps]
ok: [mash.met.surf-authentik-deps]

TASK [galaxy/lldap : Notify if LLDAP local data remains] ***********************
skipping: [mash.met.surf]
skipping: [mash.met.surf-infisical-deps]
skipping: [mash.met.surf-authentik-deps]

TASK [galaxy/loki : Validate Loki configuration] *******************************
skipping: [mash.met.surf-infisical-deps]
skipping: [mash.met.surf-authentik-deps]
included: /home/user/work/mash-playbook/roles/galaxy/loki/tasks/validate_config.yml for mash.met.surf

TASK [galaxy/loki : (Deprecation) Catch and report renamed settings] ***********
skipping: [mash.met.surf] => (item={'old': 'loki_basic_auth_enabled', 'new': 'loki_container_labels_middleware_basic_auth_enabled'}) 
skipping: [mash.met.surf] => (item={'old': 'loki_basic_auth_username', 'new': '<superseded by loki_container_labels_middleware_basic_auth_users>'}) 
skipping: [mash.met.surf] => (item={'old': 'loki_basic_auth_password', 'new': '<superseded by loki_container_labels_middleware_basic_auth_users>'}) 
skipping: [mash.met.surf] => (item={'old': 'loki_reporting_enabled', 'new': 'loki_analytics_reporting_enabled'}) 
skipping: [mash.met.surf] => (item={'old': 'loki_container_common_path_prefix', 'new': 'loki_common_path_prefix'}) 
skipping: [mash.met.surf] => (item={'old': 'loki_env_path', 'new': '<removed>'}) 
skipping: [mash.met.surf] => (item={'old': 'loki_container_storage_chunks_directory', 'new': 'loki_storage_chunks_directory'}) 
skipping: [mash.met.surf] => (item={'old': 'loki_container_storage_rules_directory', 'new': 'loki_storage_rules_directory'}) 
skipping: [mash.met.surf] => (item={'old': 'loki_container_http_port', 'new': 'loki_server_http_listen_port'}) 
skipping: [mash.met.surf] => (item={'old': 'loki_container_grpc_port', 'new': 'loki_server_grpc_listen_port'}) 
skipping: [mash.met.surf] => (item={'old': 'loki_environment_variables_extension', 'new': 'loki_environment_variables_additional_variables'}) 
skipping: [mash.met.surf] => (item={'old': 'loki_http_header_content_permission_policy', 'new': 'loki_http_header_permissions_policy'}) 
skipping: [mash.met.surf]

TASK [galaxy/loki : Fail if required Loki settings not defined] ****************
skipping: [mash.met.surf] => (item={'name': 'loki_container_labels_traefik_hostname', 'when': True}) 
skipping: [mash.met.surf] => (item={'name': 'loki_container_labels_middleware_basic_auth_users', 'when': True}) 
skipping: [mash.met.surf]

TASK [galaxy/loki : Install Loki] **********************************************
skipping: [mash.met.surf-infisical-deps]
skipping: [mash.met.surf-authentik-deps]
included: /home/user/work/mash-playbook/roles/galaxy/loki/tasks/install.yml for mash.met.surf

TASK [galaxy/loki : Ensure Loki paths exist] ***********************************
ok: [mash.met.surf] => (item=/mash/loki)
ok: [mash.met.surf] => (item=/mash/loki/config)
ok: [mash.met.surf] => (item=/mash/loki/data)

TASK [galaxy/loki : Ensure Loki configuration file installed] ******************
ok: [mash.met.surf]

TASK [galaxy/loki : Ensure Loki support files installed] ***********************
ok: [mash.met.surf] => (item=labels)
ok: [mash.met.surf] => (item=env)

TASK [galaxy/loki : Ensure Loki container image is pulled via community.docker.docker_image] ***
ok: [mash.met.surf]

TASK [galaxy/loki : Ensure Loki container image is pulled via ansible.builtin.command] ***
skipping: [mash.met.surf]

TASK [galaxy/loki : Ensure Loki container network is created via community.docker.docker_network] ***
ok: [mash.met.surf]

TASK [galaxy/loki : Ensure Loki container network is created via ansible.builtin.command] ***
skipping: [mash.met.surf]

TASK [galaxy/loki : Ensure Loki systemd service is present] ********************
ok: [mash.met.surf]

TASK [galaxy/loki : Uninstall Loki] ********************************************
skipping: [mash.met.surf]
included: /home/user/work/mash-playbook/roles/galaxy/loki/tasks/uninstall.yml for mash.met.surf-infisical-deps, mash.met.surf-authentik-deps

TASK [galaxy/loki : Check existence of Loki systemd service] *******************
ok: [mash.met.surf-infisical-deps]
ok: [mash.met.surf-authentik-deps]

TASK [galaxy/loki : Ensure Loki systemd service is stopped] ********************
skipping: [mash.met.surf-infisical-deps]
skipping: [mash.met.surf-authentik-deps]

TASK [galaxy/loki : Ensure Loki systemd service does not exist] ****************
skipping: [mash.met.surf-infisical-deps]
skipping: [mash.met.surf-authentik-deps]

TASK [galaxy/loki : Ensure Loki container network does not exist via community.docker.docker_network] ***
skipping: [mash.met.surf-infisical-deps]
skipping: [mash.met.surf-authentik-deps]

TASK [galaxy/loki : Ensure Loki container network does not exist via ansible.builtin.command] ***
skipping: [mash.met.surf-infisical-deps]
skipping: [mash.met.surf-authentik-deps]

TASK [galaxy/loki : Ensure Loki path does not exist] ***************************
skipping: [mash.met.surf-infisical-deps]
skipping: [mash.met.surf-authentik-deps]

TASK [galaxy/mariadb : Validate MariaDB configuration] *************************
skipping: [mash.met.surf]
skipping: [mash.met.surf-infisical-deps]
skipping: [mash.met.surf-authentik-deps]

TASK [galaxy/mariadb : Install MariaDB] ****************************************
skipping: [mash.met.surf]
skipping: [mash.met.surf-infisical-deps]
skipping: [mash.met.surf-authentik-deps]

TASK [galaxy/mariadb : Uninstall MariaDB] **************************************
included: /home/user/work/mash-playbook/roles/galaxy/mariadb/tasks/uninstall.yml for mash.met.surf, mash.met.surf-infisical-deps, mash.met.surf-authentik-deps

TASK [galaxy/mariadb : Check existence of MariaDB systemd service] *************
ok: [mash.met.surf-infisical-deps]
ok: [mash.met.surf]
ok: [mash.met.surf-authentik-deps]

TASK [galaxy/mariadb : Ensure MariaDB systemd service is stopped] **************
skipping: [mash.met.surf]
skipping: [mash.met.surf-infisical-deps]
skipping: [mash.met.surf-authentik-deps]

TASK [galaxy/mariadb : Ensure MariaDB systemd service does not exist] **********
skipping: [mash.met.surf]
skipping: [mash.met.surf-infisical-deps]
skipping: [mash.met.surf-authentik-deps]

TASK [galaxy/mariadb : Ensure MariaDB support files do not exist] **************
skipping: [mash.met.surf] => (item=env) 
skipping: [mash.met.surf] => (item=my.cnf) 
skipping: [mash.met.surf]
skipping: [mash.met.surf-infisical-deps] => (item=env) 
skipping: [mash.met.surf-infisical-deps] => (item=my.cnf) 
skipping: [mash.met.surf-infisical-deps]
skipping: [mash.met.surf-authentik-deps] => (item=env) 
skipping: [mash.met.surf-authentik-deps] => (item=my.cnf) 
skipping: [mash.met.surf-authentik-deps]

TASK [galaxy/mariadb : Ensure MariaDB scripts do not exist] ********************
skipping: [mash.met.surf]
skipping: [mash.met.surf-infisical-deps]
skipping: [mash.met.surf-authentik-deps]

TASK [galaxy/mariadb : Ensure MariaDB container network does not exist via community.docker.docker_network] ***
skipping: [mash.met.surf]
skipping: [mash.met.surf-infisical-deps]
skipping: [mash.met.surf-authentik-deps]

TASK [galaxy/mariadb : Ensure MariaDB container network does not exist via ansible.builtin.command] ***
skipping: [mash.met.surf]
skipping: [mash.met.surf-infisical-deps]
skipping: [mash.met.surf-authentik-deps]

TASK [galaxy/mariadb : Check existence of MariaDB local data path] *************
ok: [mash.met.surf]
ok: [mash.met.surf-infisical-deps]
ok: [mash.met.surf-authentik-deps]

TASK [galaxy/mariadb : Notify if MariaDB local data remains] *******************
skipping: [mash.met.surf]
skipping: [mash.met.surf-infisical-deps]
skipping: [mash.met.surf-authentik-deps]

TASK [galaxy/matomo : ansible.builtin.include_tasks] ***************************
skipping: [mash.met.surf]
skipping: [mash.met.surf-infisical-deps]
skipping: [mash.met.surf-authentik-deps]

TASK [galaxy/matomo : ansible.builtin.include_tasks] ***************************
skipping: [mash.met.surf]
skipping: [mash.met.surf-infisical-deps]
skipping: [mash.met.surf-authentik-deps]

TASK [galaxy/matomo : ansible.builtin.include_tasks] ***************************
included: /home/user/work/mash-playbook/roles/galaxy/matomo/tasks/uninstall.yml for mash.met.surf, mash.met.surf-infisical-deps, mash.met.surf-authentik-deps

TASK [galaxy/matomo : Check existence of Matomo systemd service] ***************
ok: [mash.met.surf]
ok: [mash.met.surf-authentik-deps]
ok: [mash.met.surf-infisical-deps]

TASK [galaxy/matomo : Ensure Matomo systemd service is stopped] ****************
skipping: [mash.met.surf]
skipping: [mash.met.surf-infisical-deps]
skipping: [mash.met.surf-authentik-deps]

TASK [galaxy/matomo : Ensure Matomo systemd service does not exists] ***********
skipping: [mash.met.surf]
skipping: [mash.met.surf-infisical-deps]
skipping: [mash.met.surf-authentik-deps]

TASK [galaxy/matomo : Ensure Matomo path doesn't exist] ************************
skipping: [mash.met.surf]
skipping: [mash.met.surf-infisical-deps]
skipping: [mash.met.surf-authentik-deps]

TASK [galaxy/matterbridge : Validate Matterbridge configuration] ***************
skipping: [mash.met.surf]
skipping: [mash.met.surf-infisical-deps]
skipping: [mash.met.surf-authentik-deps]

TASK [galaxy/matterbridge : Install Matterbridge] ******************************
skipping: [mash.met.surf]
skipping: [mash.met.surf-infisical-deps]
skipping: [mash.met.surf-authentik-deps]

TASK [galaxy/matterbridge : Uninstall Matterbridge] ****************************
included: /home/user/work/mash-playbook/roles/galaxy/matterbridge/tasks/uninstall.yml for mash.met.surf, mash.met.surf-infisical-deps, mash.met.surf-authentik-deps

TASK [galaxy/matterbridge : Check existence of Matterbridge systemd service] ***
ok: [mash.met.surf-infisical-deps]
ok: [mash.met.surf]
ok: [mash.met.surf-authentik-deps]

TASK [galaxy/matterbridge : Ensure Matterbridge systemd service is stopped] ****
skipping: [mash.met.surf]
skipping: [mash.met.surf-infisical-deps]
skipping: [mash.met.surf-authentik-deps]

TASK [galaxy/matterbridge : Ensure Matterbridge systemd service does not exist] ***
skipping: [mash.met.surf]
skipping: [mash.met.surf-infisical-deps]
skipping: [mash.met.surf-authentik-deps]

TASK [galaxy/matterbridge : Ensure Matterbridge container network does not exist via community.docker.docker_network] ***
skipping: [mash.met.surf]
skipping: [mash.met.surf-infisical-deps]
skipping: [mash.met.surf-authentik-deps]

TASK [galaxy/matterbridge : Ensure Matterbridge container network does not exist via ansible.builtin.command] ***
skipping: [mash.met.surf]
skipping: [mash.met.surf-infisical-deps]
skipping: [mash.met.surf-authentik-deps]

TASK [galaxy/matterbridge : Ensure Matterbridge path does not exist] ***********
skipping: [mash.met.surf]
skipping: [mash.met.surf-infisical-deps]
skipping: [mash.met.surf-authentik-deps]

TASK [galaxy/mediawiki : Validate MediaWiki configuration] *********************
skipping: [mash.met.surf]
skipping: [mash.met.surf-infisical-deps]
skipping: [mash.met.surf-authentik-deps]

TASK [galaxy/mediawiki : Install MediaWiki] ************************************
skipping: [mash.met.surf]
skipping: [mash.met.surf-infisical-deps]
skipping: [mash.met.surf-authentik-deps]

TASK [galaxy/mediawiki : Uninstall MediaWiki] **********************************
included: /home/user/work/mash-playbook/roles/galaxy/mediawiki/tasks/uninstall.yml for mash.met.surf, mash.met.surf-infisical-deps, mash.met.surf-authentik-deps

TASK [galaxy/mediawiki : Check existence of MediaWiki systemd service] *********
ok: [mash.met.surf]
ok: [mash.met.surf-infisical-deps]
ok: [mash.met.surf-authentik-deps]

TASK [galaxy/mediawiki : Ensure MediaWiki systemd service is stopped] **********
skipping: [mash.met.surf]
skipping: [mash.met.surf-infisical-deps]
skipping: [mash.met.surf-authentik-deps]

TASK [galaxy/mediawiki : Ensure MediaWiki systemd service does not exist] ******
skipping: [mash.met.surf]
skipping: [mash.met.surf-infisical-deps]
skipping: [mash.met.surf-authentik-deps]

TASK [galaxy/mediawiki : Ensure MediaWiki support files do not exist] **********
skipping: [mash.met.surf] => (item=env) 
skipping: [mash.met.surf] => (item=labels) 
skipping: [mash.met.surf]
skipping: [mash.met.surf-infisical-deps] => (item=env) 
skipping: [mash.met.surf-infisical-deps] => (item=labels) 
skipping: [mash.met.surf-infisical-deps]
skipping: [mash.met.surf-authentik-deps] => (item=env) 
skipping: [mash.met.surf-authentik-deps] => (item=labels) 
skipping: [mash.met.surf-authentik-deps]

TASK [galaxy/mediawiki : Ensure MediaWiki image source files path does not exist] ***
skipping: [mash.met.surf]
skipping: [mash.met.surf-infisical-deps]
skipping: [mash.met.surf-authentik-deps]

TASK [galaxy/mediawiki : Ensure MediaWiki local data path does not exist if empty] ***
skipping: [mash.met.surf]
skipping: [mash.met.surf-infisical-deps]
skipping: [mash.met.surf-authentik-deps]

TASK [galaxy/mediawiki : Ensure MediaWiki base path does not exist if empty] ***
skipping: [mash.met.surf]
skipping: [mash.met.surf-infisical-deps]
skipping: [mash.met.surf-authentik-deps]

TASK [galaxy/mediawiki : Ensure MediaWiki container network does not exist via community.docker.docker_network] ***
skipping: [mash.met.surf]
skipping: [mash.met.surf-infisical-deps]
skipping: [mash.met.surf-authentik-deps]

TASK [galaxy/mediawiki : Ensure MediaWiki container network does not exist via ansible.builtin.command] ***
skipping: [mash.met.surf]
skipping: [mash.met.surf-infisical-deps]
skipping: [mash.met.surf-authentik-deps]

TASK [galaxy/mediawiki : Check existence of MediaWiki local data path] *********
ok: [mash.met.surf]
ok: [mash.met.surf-infisical-deps]
ok: [mash.met.surf-authentik-deps]

TASK [galaxy/mediawiki : Notify if MediaWiki local data remains] ***************
skipping: [mash.met.surf]
skipping: [mash.met.surf-infisical-deps]
skipping: [mash.met.surf-authentik-deps]

TASK [galaxy/meilisearch : Validate Meilisearch configuration] *****************
skipping: [mash.met.surf]
skipping: [mash.met.surf-infisical-deps]
skipping: [mash.met.surf-authentik-deps]

TASK [galaxy/meilisearch : Install Meilisearch] ********************************
skipping: [mash.met.surf]
skipping: [mash.met.surf-infisical-deps]
skipping: [mash.met.surf-authentik-deps]

TASK [galaxy/meilisearch : Uninstall Meilisearch] ******************************
included: /home/user/work/mash-playbook/roles/galaxy/meilisearch/tasks/uninstall.yml for mash.met.surf, mash.met.surf-infisical-deps, mash.met.surf-authentik-deps

TASK [galaxy/meilisearch : Check existence of Meilisearch systemd service] *****
ok: [mash.met.surf-infisical-deps]
ok: [mash.met.surf-authentik-deps]
ok: [mash.met.surf]

TASK [galaxy/meilisearch : Ensure Meilisearch systemd service is stopped] ******
skipping: [mash.met.surf]
skipping: [mash.met.surf-infisical-deps]
skipping: [mash.met.surf-authentik-deps]

TASK [galaxy/meilisearch : Ensure Meilisearch systemd service does not exist] ***
skipping: [mash.met.surf]
skipping: [mash.met.surf-infisical-deps]
skipping: [mash.met.surf-authentik-deps]

TASK [galaxy/meilisearch : Ensure Meilisearch support files do not exist] ******
skipping: [mash.met.surf] => (item=env) 
skipping: [mash.met.surf] => (item=labels) 
skipping: [mash.met.surf]
skipping: [mash.met.surf-infisical-deps] => (item=env) 
skipping: [mash.met.surf-infisical-deps] => (item=labels) 
skipping: [mash.met.surf-infisical-deps]
skipping: [mash.met.surf-authentik-deps] => (item=env) 
skipping: [mash.met.surf-authentik-deps] => (item=labels) 
skipping: [mash.met.surf-authentik-deps]

TASK [galaxy/meilisearch : Ensure Meilisearch local data path does not exist if empty] ***
skipping: [mash.met.surf]
skipping: [mash.met.surf-infisical-deps]
skipping: [mash.met.surf-authentik-deps]

TASK [galaxy/meilisearch : Ensure Meilisearch base path does not exist if empty] ***
skipping: [mash.met.surf]
skipping: [mash.met.surf-infisical-deps]
skipping: [mash.met.surf-authentik-deps]

TASK [galaxy/meilisearch : Ensure Meilisearch container network does not exist via community.docker.docker_network] ***
skipping: [mash.met.surf]
skipping: [mash.met.surf-infisical-deps]
skipping: [mash.met.surf-authentik-deps]

TASK [galaxy/meilisearch : Ensure Meilisearch container network does not exist via ansible.builtin.command] ***
skipping: [mash.met.surf]
skipping: [mash.met.surf-infisical-deps]
skipping: [mash.met.surf-authentik-deps]

TASK [galaxy/meilisearch : Check existence of Meilisearch local data path] *****
ok: [mash.met.surf]
ok: [mash.met.surf-infisical-deps]
ok: [mash.met.surf-authentik-deps]

TASK [galaxy/meilisearch : Notify if Meilisearch local data remains] ***********
skipping: [mash.met.surf]
skipping: [mash.met.surf-infisical-deps]
skipping: [mash.met.surf-authentik-deps]

TASK [galaxy/minecraft : Validate Minecraft configuration] *********************
skipping: [mash.met.surf]
skipping: [mash.met.surf-infisical-deps]
skipping: [mash.met.surf-authentik-deps]

TASK [galaxy/minecraft : Install Minecraft] ************************************
skipping: [mash.met.surf]
skipping: [mash.met.surf-infisical-deps]
skipping: [mash.met.surf-authentik-deps]

TASK [galaxy/minecraft : Uninstall Minecraft] **********************************
included: /home/user/work/mash-playbook/roles/galaxy/minecraft/tasks/uninstall.yml for mash.met.surf, mash.met.surf-infisical-deps, mash.met.surf-authentik-deps

TASK [galaxy/minecraft : Check existence of Minecraft systemd service] *********
ok: [mash.met.surf-infisical-deps]
ok: [mash.met.surf]
ok: [mash.met.surf-authentik-deps]

TASK [galaxy/minecraft : Ensure Minecraft systemd service is stopped] **********
skipping: [mash.met.surf]
skipping: [mash.met.surf-infisical-deps]
skipping: [mash.met.surf-authentik-deps]

TASK [galaxy/minecraft : Ensure Minecraft systemd service does not exist] ******
skipping: [mash.met.surf]
skipping: [mash.met.surf-infisical-deps]
skipping: [mash.met.surf-authentik-deps]

TASK [galaxy/miniflux : Validate Miniflux configuration] ***********************
skipping: [mash.met.surf]
skipping: [mash.met.surf-infisical-deps]
skipping: [mash.met.surf-authentik-deps]

TASK [galaxy/miniflux : Install Miniflux] **************************************
skipping: [mash.met.surf]
skipping: [mash.met.surf-infisical-deps]
skipping: [mash.met.surf-authentik-deps]

TASK [galaxy/miniflux : Uninstall Miniflux] ************************************
included: /home/user/work/mash-playbook/roles/galaxy/miniflux/tasks/uninstall.yml for mash.met.surf, mash.met.surf-infisical-deps, mash.met.surf-authentik-deps

TASK [galaxy/miniflux : Check existence of Miniflux systemd service] ***********
ok: [mash.met.surf-infisical-deps]
ok: [mash.met.surf]
ok: [mash.met.surf-authentik-deps]

TASK [galaxy/miniflux : Ensure Miniflux systemd service is stopped] ************
skipping: [mash.met.surf]
skipping: [mash.met.surf-infisical-deps]
skipping: [mash.met.surf-authentik-deps]

TASK [galaxy/miniflux : Ensure Miniflux systemd service does not exist] ********
skipping: [mash.met.surf]
skipping: [mash.met.surf-infisical-deps]
skipping: [mash.met.surf-authentik-deps]

TASK [galaxy/miniflux : Ensure Miniflux container network does not exist via community.docker.docker_network] ***
skipping: [mash.met.surf]
skipping: [mash.met.surf-infisical-deps]
skipping: [mash.met.surf-authentik-deps]

TASK [galaxy/miniflux : Ensure Miniflux container network does not exist via ansible.builtin.command] ***
skipping: [mash.met.surf]
skipping: [mash.met.surf-infisical-deps]
skipping: [mash.met.surf-authentik-deps]

TASK [galaxy/miniflux : Ensure Miniflux path does not exist] *******************
skipping: [mash.met.surf]
skipping: [mash.met.surf-infisical-deps]
skipping: [mash.met.surf-authentik-deps]

TASK [galaxy/misskey : Validate Misskey configuration] *************************
skipping: [mash.met.surf]
skipping: [mash.met.surf-infisical-deps]
skipping: [mash.met.surf-authentik-deps]

TASK [galaxy/misskey : Install Misskey] ****************************************
skipping: [mash.met.surf]
skipping: [mash.met.surf-infisical-deps]
skipping: [mash.met.surf-authentik-deps]

TASK [galaxy/misskey : Uninstall Misskey] **************************************
included: /home/user/work/mash-playbook/roles/galaxy/misskey/tasks/uninstall.yml for mash.met.surf, mash.met.surf-infisical-deps, mash.met.surf-authentik-deps

TASK [galaxy/misskey : Check existence of Misskey systemd service] *************
ok: [mash.met.surf]
ok: [mash.met.surf-authentik-deps]
ok: [mash.met.surf-infisical-deps]

TASK [galaxy/misskey : Ensure Misskey systemd service is stopped] **************
skipping: [mash.met.surf]
skipping: [mash.met.surf-infisical-deps]
skipping: [mash.met.surf-authentik-deps]

TASK [galaxy/misskey : Ensure Misskey systemd service does not exist] **********
skipping: [mash.met.surf]
skipping: [mash.met.surf-infisical-deps]
skipping: [mash.met.surf-authentik-deps]

TASK [galaxy/misskey : Ensure Misskey support files do not exist] **************
skipping: [mash.met.surf] => (item=env) 
skipping: [mash.met.surf] => (item=labels) 
skipping: [mash.met.surf]
skipping: [mash.met.surf-infisical-deps] => (item=env) 
skipping: [mash.met.surf-infisical-deps] => (item=labels) 
skipping: [mash.met.surf-infisical-deps]
skipping: [mash.met.surf-authentik-deps] => (item=env) 
skipping: [mash.met.surf-authentik-deps] => (item=labels) 
skipping: [mash.met.surf-authentik-deps]

TASK [galaxy/misskey : Ensure Misskey config file does not exist] **************
skipping: [mash.met.surf] => (item=default.yml) 
skipping: [mash.met.surf]
skipping: [mash.met.surf-infisical-deps] => (item=default.yml) 
skipping: [mash.met.surf-infisical-deps]
skipping: [mash.met.surf-authentik-deps] => (item=default.yml) 
skipping: [mash.met.surf-authentik-deps]

TASK [galaxy/misskey : Ensure Misskey local config path does not exist if empty] ***
skipping: [mash.met.surf]
skipping: [mash.met.surf-infisical-deps]
skipping: [mash.met.surf-authentik-deps]

TASK [galaxy/misskey : Ensure Misskey local data path does not exist if empty] ***
skipping: [mash.met.surf]
skipping: [mash.met.surf-infisical-deps]
skipping: [mash.met.surf-authentik-deps]

TASK [galaxy/misskey : Ensure Misskey base path does not exist if empty] *******
skipping: [mash.met.surf]
skipping: [mash.met.surf-infisical-deps]
skipping: [mash.met.surf-authentik-deps]

TASK [galaxy/misskey : Ensure Misskey container network does not exist via community.docker.docker_network] ***
skipping: [mash.met.surf]
skipping: [mash.met.surf-infisical-deps]
skipping: [mash.met.surf-authentik-deps]

TASK [galaxy/misskey : Ensure Misskey container network does not exist via ansible.builtin.command] ***
skipping: [mash.met.surf]
skipping: [mash.met.surf-infisical-deps]
skipping: [mash.met.surf-authentik-deps]

TASK [galaxy/misskey : Check existence of Misskey local config path] ***********
ok: [mash.met.surf]
ok: [mash.met.surf-infisical-deps]
ok: [mash.met.surf-authentik-deps]

TASK [galaxy/misskey : Notify if Misskey local config remains] *****************
skipping: [mash.met.surf]
skipping: [mash.met.surf-infisical-deps]
skipping: [mash.met.surf-authentik-deps]

TASK [galaxy/misskey : Check existence of Misskey local data path] *************
ok: [mash.met.surf]
ok: [mash.met.surf-authentik-deps]
ok: [mash.met.surf-infisical-deps]

TASK [galaxy/misskey : Notify if Misskey local data remains] *******************
skipping: [mash.met.surf]
skipping: [mash.met.surf-infisical-deps]
skipping: [mash.met.surf-authentik-deps]

TASK [galaxy/mobilizon : Validate Mobilizon configuration] *********************
skipping: [mash.met.surf]
skipping: [mash.met.surf-infisical-deps]
skipping: [mash.met.surf-authentik-deps]

TASK [galaxy/mobilizon : Install Mobilizon] ************************************
skipping: [mash.met.surf]
skipping: [mash.met.surf-infisical-deps]
skipping: [mash.met.surf-authentik-deps]

TASK [galaxy/mobilizon : Uninstall Mobilizon] **********************************
included: /home/user/work/mash-playbook/roles/galaxy/mobilizon/tasks/uninstall.yml for mash.met.surf, mash.met.surf-infisical-deps, mash.met.surf-authentik-deps

TASK [galaxy/mobilizon : Check existence of Mobilizon systemd service] *********
ok: [mash.met.surf]
ok: [mash.met.surf-authentik-deps]
ok: [mash.met.surf-infisical-deps]

TASK [galaxy/mobilizon : Ensure Mobilizon systemd service is stopped] **********
skipping: [mash.met.surf]
skipping: [mash.met.surf-infisical-deps]
skipping: [mash.met.surf-authentik-deps]

TASK [galaxy/mobilizon : Ensure Mobilizon container network does not exist via community.docker.docker_network] ***
skipping: [mash.met.surf]
skipping: [mash.met.surf-infisical-deps]
skipping: [mash.met.surf-authentik-deps]

TASK [galaxy/mobilizon : Ensure Mobilizon container network does not exist via ansible.builtin.command] ***
skipping: [mash.met.surf]
skipping: [mash.met.surf-infisical-deps]
skipping: [mash.met.surf-authentik-deps]

TASK [galaxy/mobilizon : Ensure Mobilizon systemd service does not exist] ******
skipping: [mash.met.surf]
skipping: [mash.met.surf-infisical-deps]
skipping: [mash.met.surf-authentik-deps]

TASK [galaxy/mobilizon : Ensure Mobilizon path does not exist] *****************
skipping: [mash.met.surf]
skipping: [mash.met.surf-infisical-deps]
skipping: [mash.met.surf-authentik-deps]

TASK [galaxy/mongodb : Validate MongoDB configuration] *************************
skipping: [mash.met.surf-infisical-deps]
skipping: [mash.met.surf-authentik-deps]
included: /home/user/work/mash-playbook/roles/galaxy/mongodb/tasks/validate_config.yml for mash.met.surf

TASK [galaxy/mongodb : (Deprecation) Catch and report renamed settings] ********
skipping: [mash.met.surf] => (item={'old': 'mongodb_systemd_required_systemd_services_list_default', 'new': 'mongodb_systemd_required_services_list_default'}) 
skipping: [mash.met.surf] => (item={'old': 'mongodb_systemd_required_systemd_services_list_auto', 'new': 'mongodb_systemd_required_services_list_auto'}) 
skipping: [mash.met.surf] => (item={'old': 'mongodb_systemd_required_systemd_services_list_custom', 'new': 'mongodb_systemd_required_services_list_custom'}) 
skipping: [mash.met.surf] => (item={'old': 'mongodb_config_mongosh_enableTelemetry', 'new': 'mongodb_config_mongosh_telemetry_enabled'}) 
skipping: [mash.met.surf] => (item={'old': 'mongodb_config_path', 'new': '<Removed>'}) 
skipping: [mash.met.surf]

TASK [galaxy/mongodb : Fail if required MongoDB settings not defined] **********
skipping: [mash.met.surf] => (item=mongodb_identifier) 
skipping: [mash.met.surf] => (item=mongodb_uid) 
skipping: [mash.met.surf] => (item=mongodb_gid) 
skipping: [mash.met.surf] => (item=mongodb_container_network) 
skipping: [mash.met.surf]

TASK [galaxy/mongodb : Install MongoDB] ****************************************
skipping: [mash.met.surf-infisical-deps]
skipping: [mash.met.surf-authentik-deps]
included: /home/user/work/mash-playbook/roles/galaxy/mongodb/tasks/install.yml for mash.met.surf

TASK [galaxy/mongodb : Ensure MongoDB paths exist] *****************************
ok: [mash.met.surf] => (item=/mash/mongodb)
ok: [mash.met.surf] => (item=/mash/mongodb/bin)
ok: [mash.met.surf] => (item=/mash/mongodb/data)

TASK [galaxy/mongodb : Ensure MongoDB support files installed] *****************
ok: [mash.met.surf] => (item=env)
ok: [mash.met.surf] => (item=mongosh.conf)

TASK [galaxy/mongodb : Ensure MongoDB scripts installed] ***********************
ok: [mash.met.surf] => (item=cli)
ok: [mash.met.surf] => (item=cli-non-interactive)
ok: [mash.met.surf] => (item=dump-all)

TASK [galaxy/mongodb : Ensure MongoDB container image is pulled via community.docker.docker_image] ***
ok: [mash.met.surf]

TASK [galaxy/mongodb : Ensure MongoDB container image is pulled via ansible.builtin.command] ***
skipping: [mash.met.surf]

TASK [galaxy/mongodb : Ensure MongoDB container network is created via community.docker.docker_network] ***
ok: [mash.met.surf]

TASK [galaxy/mongodb : Ensure MongoDB container network is created via ansible.builtin.command] ***
skipping: [mash.met.surf]

TASK [galaxy/mongodb : Ensure MongoDB systemd service is present] **************
ok: [mash.met.surf]

TASK [galaxy/mongodb : Ensure managed MongoDB databases prepared] **************
included: /home/user/work/mash-playbook/roles/galaxy/mongodb/tasks/util/prepare_managed_databases.yml for mash.met.surf

TASK [galaxy/mongodb : Ensure MongoDB is started] ******************************
ok: [mash.met.surf]

TASK [galaxy/mongodb : Wait a bit, so that MongoDB can start] ******************
skipping: [mash.met.surf]

TASK [galaxy/mongodb : Prepare managed MongoDB database] ***********************
included: /home/user/work/mash-playbook/roles/galaxy/mongodb/tasks/util/prepare_managed_database.yml for mash.met.surf => (item=(censored due to no_log))

TASK [galaxy/mongodb : Fail if managed database data appears invalid] **********
skipping: [mash.met.surf] => (item=name) 
skipping: [mash.met.surf] => (item=username) 
skipping: [mash.met.surf] => (item=password) 
skipping: [mash.met.surf]

TASK [galaxy/mongodb : Create managed database initialization script file for infisical] ***
changed: [mash.met.surf]

TASK [galaxy/mongodb : Execute MongoDB managed database initialization script file for infisical] ***
changed: [mash.met.surf]

TASK [galaxy/mongodb : Delete managed database initialization script file for infisical] ***
changed: [mash.met.surf]

TASK [galaxy/mongodb : Ensure MongoDB systemd service is stopped (if it previously was)] ***
skipping: [mash.met.surf]

TASK [galaxy/mongodb : Uninstall MongoDB] **************************************
skipping: [mash.met.surf]
included: /home/user/work/mash-playbook/roles/galaxy/mongodb/tasks/uninstall.yml for mash.met.surf-infisical-deps, mash.met.surf-authentik-deps

TASK [galaxy/mongodb : Check existence of MongoDB systemd service] *************
ok: [mash.met.surf-infisical-deps]
ok: [mash.met.surf-authentik-deps]

TASK [galaxy/mongodb : Ensure MongoDB systemd service is stopped] **************
skipping: [mash.met.surf-infisical-deps]
skipping: [mash.met.surf-authentik-deps]

TASK [galaxy/mongodb : Ensure MongoDB systemd service does not exist] **********
skipping: [mash.met.surf-infisical-deps]
skipping: [mash.met.surf-authentik-deps]

TASK [galaxy/mongodb : Ensure MongoDB support files do not exist] **************
skipping: [mash.met.surf-infisical-deps] => (item=env) 
skipping: [mash.met.surf-infisical-deps] => (item=mongosh.conf) 
skipping: [mash.met.surf-infisical-deps]
skipping: [mash.met.surf-authentik-deps] => (item=env) 
skipping: [mash.met.surf-authentik-deps] => (item=mongosh.conf) 
skipping: [mash.met.surf-authentik-deps]

TASK [galaxy/mongodb : Ensure MongoDB scripts do not exist] ********************
skipping: [mash.met.surf-infisical-deps]
skipping: [mash.met.surf-authentik-deps]

TASK [galaxy/mongodb : Ensure MongoDB container network does not exist via community.docker.docker_network] ***
skipping: [mash.met.surf-infisical-deps]
skipping: [mash.met.surf-authentik-deps]

TASK [galaxy/mongodb : Ensure MongoDB container network does not exist via ansible.builtin.command] ***
skipping: [mash.met.surf-infisical-deps]
skipping: [mash.met.surf-authentik-deps]

TASK [galaxy/mongodb : Check existence of MongoDB local data path] *************
ok: [mash.met.surf-infisical-deps]
ok: [mash.met.surf-authentik-deps]

TASK [galaxy/mongodb : Notify if MongoDB local data remains] *******************
skipping: [mash.met.surf-infisical-deps]
skipping: [mash.met.surf-authentik-deps]

TASK [galaxy/mosquitto : Validate Mosquitto configuration] *********************
skipping: [mash.met.surf]
skipping: [mash.met.surf-infisical-deps]
skipping: [mash.met.surf-authentik-deps]

TASK [galaxy/mosquitto : Install Mosquitto] ************************************
skipping: [mash.met.surf]
skipping: [mash.met.surf-infisical-deps]
skipping: [mash.met.surf-authentik-deps]

TASK [galaxy/mosquitto : Uninstall Mosquitto] **********************************
included: /home/user/work/mash-playbook/roles/galaxy/mosquitto/tasks/uninstall.yml for mash.met.surf, mash.met.surf-infisical-deps, mash.met.surf-authentik-deps

TASK [galaxy/mosquitto : Check existence of Mosquitto systemd service] *********
ok: [mash.met.surf-infisical-deps]
ok: [mash.met.surf-authentik-deps]
ok: [mash.met.surf]

TASK [galaxy/mosquitto : Ensure Mosquitto systemd service is stopped] **********
skipping: [mash.met.surf]
skipping: [mash.met.surf-infisical-deps]
skipping: [mash.met.surf-authentik-deps]

TASK [galaxy/mosquitto : Ensure Mosquitto systemd service does not exist] ******
skipping: [mash.met.surf]
skipping: [mash.met.surf-infisical-deps]
skipping: [mash.met.surf-authentik-deps]

TASK [galaxy/mosquitto : Ensure Mosquitto container network does not exist via community.docker.docker_network] ***
skipping: [mash.met.surf]
skipping: [mash.met.surf-infisical-deps]
skipping: [mash.met.surf-authentik-deps]

TASK [galaxy/mosquitto : Ensure Mosquitto container network does not exist via ansible.builtin.command] ***
skipping: [mash.met.surf]
skipping: [mash.met.surf-infisical-deps]
skipping: [mash.met.surf-authentik-deps]

TASK [galaxy/mosquitto : Ensure Mosquitto path does not exist] *****************
skipping: [mash.met.surf]
skipping: [mash.met.surf-infisical-deps]
skipping: [mash.met.surf-authentik-deps]

TASK [galaxy/mozhi : Validate Mozhi configuration] *****************************
skipping: [mash.met.surf]
skipping: [mash.met.surf-infisical-deps]
skipping: [mash.met.surf-authentik-deps]

TASK [galaxy/mozhi : Install Mozhi] ********************************************
skipping: [mash.met.surf]
skipping: [mash.met.surf-infisical-deps]
skipping: [mash.met.surf-authentik-deps]

TASK [galaxy/mozhi : Uninstall Mozhi] ******************************************
included: /home/user/work/mash-playbook/roles/galaxy/mozhi/tasks/uninstall.yml for mash.met.surf, mash.met.surf-infisical-deps, mash.met.surf-authentik-deps

TASK [galaxy/mozhi : Check existence of Mozhi systemd service] *****************
ok: [mash.met.surf]
ok: [mash.met.surf-infisical-deps]
ok: [mash.met.surf-authentik-deps]

TASK [galaxy/mozhi : Ensure Mozhi systemd service is stopped] ******************
skipping: [mash.met.surf]
skipping: [mash.met.surf-infisical-deps]
skipping: [mash.met.surf-authentik-deps]

TASK [galaxy/mozhi : Ensure Mozhi systemd service does not exist] **************
skipping: [mash.met.surf]
skipping: [mash.met.surf-infisical-deps]
skipping: [mash.met.surf-authentik-deps]

TASK [galaxy/mozhi : Ensure Mozhi container network does not exist via community.docker.docker_network] ***
skipping: [mash.met.surf]
skipping: [mash.met.surf-infisical-deps]
skipping: [mash.met.surf-authentik-deps]

TASK [galaxy/mozhi : Ensure Mozhi container network does not exist via ansible.builtin.command] ***
skipping: [mash.met.surf]
skipping: [mash.met.surf-infisical-deps]
skipping: [mash.met.surf-authentik-deps]

TASK [galaxy/mozhi : Ensure Mozhi path does not exist] *************************
skipping: [mash.met.surf]
skipping: [mash.met.surf-infisical-deps]
skipping: [mash.met.surf-authentik-deps]

TASK [galaxy/mrs : Validate MRS configuration] *********************************
skipping: [mash.met.surf]
skipping: [mash.met.surf-infisical-deps]
skipping: [mash.met.surf-authentik-deps]

TASK [galaxy/mrs : Install MRS] ************************************************
skipping: [mash.met.surf]
skipping: [mash.met.surf-infisical-deps]
skipping: [mash.met.surf-authentik-deps]

TASK [galaxy/mrs : Uninstall MRS] **********************************************
included: /home/user/work/mash-playbook/roles/galaxy/mrs/tasks/uninstall.yml for mash.met.surf, mash.met.surf-infisical-deps, mash.met.surf-authentik-deps

TASK [galaxy/mrs : Check existence of MRS systemd service] *********************
ok: [mash.met.surf]
ok: [mash.met.surf-infisical-deps]
ok: [mash.met.surf-authentik-deps]

TASK [galaxy/mrs : Ensure MRS systemd service is stopped] **********************
skipping: [mash.met.surf]
skipping: [mash.met.surf-infisical-deps]
skipping: [mash.met.surf-authentik-deps]

TASK [galaxy/mrs : Ensure MRS systemd service does not exist] ******************
skipping: [mash.met.surf]
skipping: [mash.met.surf-infisical-deps]
skipping: [mash.met.surf-authentik-deps]

TASK [galaxy/mrs : Ensure MRS container network does not exist via community.docker.docker_network] ***
skipping: [mash.met.surf]
skipping: [mash.met.surf-infisical-deps]
skipping: [mash.met.surf-authentik-deps]

TASK [galaxy/mrs : Ensure MRS container network does not exist via ansible.builtin.command] ***
skipping: [mash.met.surf]
skipping: [mash.met.surf-infisical-deps]
skipping: [mash.met.surf-authentik-deps]

TASK [galaxy/mrs : Ensure MRS path does not exist] *****************************
skipping: [mash.met.surf]
skipping: [mash.met.surf-infisical-deps]
skipping: [mash.met.surf-authentik-deps]

TASK [galaxy/n8n : ansible.builtin.include_tasks] ******************************
skipping: [mash.met.surf]
skipping: [mash.met.surf-infisical-deps]
skipping: [mash.met.surf-authentik-deps]

TASK [galaxy/n8n : ansible.builtin.include_tasks] ******************************
skipping: [mash.met.surf]
skipping: [mash.met.surf-infisical-deps]
skipping: [mash.met.surf-authentik-deps]

TASK [galaxy/n8n : ansible.builtin.include_tasks] ******************************
included: /home/user/work/mash-playbook/roles/galaxy/n8n/tasks/uninstall.yml for mash.met.surf, mash.met.surf-infisical-deps, mash.met.surf-authentik-deps

TASK [galaxy/n8n : Check existence of n8n systemd service] *********************
ok: [mash.met.surf]
ok: [mash.met.surf-infisical-deps]
ok: [mash.met.surf-authentik-deps]

TASK [galaxy/n8n : Ensure n8n systemd service is stopped] **********************
skipping: [mash.met.surf]
skipping: [mash.met.surf-infisical-deps]
skipping: [mash.met.surf-authentik-deps]

TASK [galaxy/n8n : Ensure n8n systemd service does not exists] *****************
skipping: [mash.met.surf]
skipping: [mash.met.surf-infisical-deps]
skipping: [mash.met.surf-authentik-deps]

TASK [galaxy/n8n : Ensure n8n path doesn't exist] ******************************
skipping: [mash.met.surf]
skipping: [mash.met.surf-infisical-deps]
skipping: [mash.met.surf-authentik-deps]

TASK [galaxy/navidrome : Validate Navidrome configuration] *********************
skipping: [mash.met.surf]
skipping: [mash.met.surf-infisical-deps]
skipping: [mash.met.surf-authentik-deps]

TASK [galaxy/navidrome : Install Navidrome] ************************************
skipping: [mash.met.surf]
skipping: [mash.met.surf-infisical-deps]
skipping: [mash.met.surf-authentik-deps]

TASK [galaxy/navidrome : Uninstall Navidrome] **********************************
included: /home/user/work/mash-playbook/roles/galaxy/navidrome/tasks/uninstall.yml for mash.met.surf, mash.met.surf-infisical-deps, mash.met.surf-authentik-deps

TASK [galaxy/navidrome : Check existence of Navidrome systemd service] *********
ok: [mash.met.surf]
ok: [mash.met.surf-infisical-deps]
ok: [mash.met.surf-authentik-deps]

TASK [galaxy/navidrome : Ensure Navidrome systemd service is stopped] **********
skipping: [mash.met.surf]
skipping: [mash.met.surf-infisical-deps]
skipping: [mash.met.surf-authentik-deps]

TASK [galaxy/navidrome : Ensure Navidrome systemd service does not exist] ******
skipping: [mash.met.surf]
skipping: [mash.met.surf-infisical-deps]
skipping: [mash.met.surf-authentik-deps]

TASK [galaxy/navidrome : Ensure Navidrome container network does not exist via community.docker.docker_network] ***
skipping: [mash.met.surf]
skipping: [mash.met.surf-infisical-deps]
skipping: [mash.met.surf-authentik-deps]

TASK [galaxy/navidrome : Ensure Navidrome container network does not exist via ansible.builtin.command] ***
skipping: [mash.met.surf]
skipping: [mash.met.surf-infisical-deps]
skipping: [mash.met.surf-authentik-deps]

TASK [galaxy/navidrome : Ensure Navidrome path does not exist] *****************
skipping: [mash.met.surf]
skipping: [mash.met.surf-infisical-deps]
skipping: [mash.met.surf-authentik-deps]

TASK [galaxy/neko : Validate Neko configuration] *******************************
skipping: [mash.met.surf]
skipping: [mash.met.surf-infisical-deps]
skipping: [mash.met.surf-authentik-deps]

TASK [galaxy/neko : Install Neko] **********************************************
skipping: [mash.met.surf]
skipping: [mash.met.surf-infisical-deps]
skipping: [mash.met.surf-authentik-deps]

TASK [galaxy/neko : Uninstall Neko] ********************************************
included: /home/user/work/mash-playbook/roles/galaxy/neko/tasks/uninstall.yml for mash.met.surf, mash.met.surf-infisical-deps, mash.met.surf-authentik-deps

TASK [galaxy/neko : Check existence of Neko systemd service] *******************
ok: [mash.met.surf]
ok: [mash.met.surf-infisical-deps]
ok: [mash.met.surf-authentik-deps]

TASK [galaxy/neko : Ensure Neko systemd service is stopped] ********************
skipping: [mash.met.surf]
skipping: [mash.met.surf-infisical-deps]
skipping: [mash.met.surf-authentik-deps]

TASK [galaxy/neko : Ensure Neko systemd service does not exist] ****************
skipping: [mash.met.surf]
skipping: [mash.met.surf-infisical-deps]
skipping: [mash.met.surf-authentik-deps]

TASK [galaxy/neko : Ensure Neko container network does not exist via community.docker.docker_network] ***
skipping: [mash.met.surf]
skipping: [mash.met.surf-infisical-deps]
skipping: [mash.met.surf-authentik-deps]

TASK [galaxy/neko : Ensure Neko container network does not exist via ansible.builtin.command] ***
skipping: [mash.met.surf]
skipping: [mash.met.surf-infisical-deps]
skipping: [mash.met.surf-authentik-deps]

TASK [galaxy/neko : Ensure Neko path does not exist] ***************************
skipping: [mash.met.surf]
skipping: [mash.met.surf-infisical-deps]
skipping: [mash.met.surf-authentik-deps]

TASK [galaxy/netbox : Validate NetBox configuration] ***************************
skipping: [mash.met.surf]
skipping: [mash.met.surf-infisical-deps]
skipping: [mash.met.surf-authentik-deps]

TASK [galaxy/netbox : Install NetBox] ******************************************
skipping: [mash.met.surf]
skipping: [mash.met.surf-infisical-deps]
skipping: [mash.met.surf-authentik-deps]

TASK [galaxy/netbox : Uninstall NetBox] ****************************************
included: /home/user/work/mash-playbook/roles/galaxy/netbox/tasks/uninstall.yml for mash.met.surf, mash.met.surf-infisical-deps, mash.met.surf-authentik-deps

TASK [galaxy/netbox : Check existence of NetBox systemd service] ***************
ok: [mash.met.surf]
ok: [mash.met.surf-infisical-deps]
ok: [mash.met.surf-authentik-deps]

TASK [galaxy/netbox : Ensure NetBox systemd services are stopped] **************
skipping: [mash.met.surf] => (item=mash-netbox) 
skipping: [mash.met.surf] => (item=mash-netbox-worker) 
skipping: [mash.met.surf] => (item=mash-netbox-housekeeping) 
skipping: [mash.met.surf]
skipping: [mash.met.surf-infisical-deps] => (item=mash-infisical-netbox) 
skipping: [mash.met.surf-infisical-deps] => (item=mash-infisical-netbox-worker) 
skipping: [mash.met.surf-infisical-deps] => (item=mash-infisical-netbox-housekeeping) 
skipping: [mash.met.surf-infisical-deps]
skipping: [mash.met.surf-authentik-deps] => (item=mash-authentik-netbox) 
skipping: [mash.met.surf-authentik-deps] => (item=mash-authentik-netbox-worker) 
skipping: [mash.met.surf-authentik-deps] => (item=mash-authentik-netbox-housekeeping) 
skipping: [mash.met.surf-authentik-deps]

TASK [galaxy/netbox : Ensure NetBox systemd services do not exist] *************
skipping: [mash.met.surf] => (item=mash-netbox) 
skipping: [mash.met.surf] => (item=mash-netbox-worker) 
skipping: [mash.met.surf] => (item=mash-netbox-housekeeping) 
skipping: [mash.met.surf]
skipping: [mash.met.surf-infisical-deps] => (item=mash-infisical-netbox) 
skipping: [mash.met.surf-infisical-deps] => (item=mash-infisical-netbox-worker) 
skipping: [mash.met.surf-infisical-deps] => (item=mash-infisical-netbox-housekeeping) 
skipping: [mash.met.surf-infisical-deps]
skipping: [mash.met.surf-authentik-deps] => (item=mash-authentik-netbox) 
skipping: [mash.met.surf-authentik-deps] => (item=mash-authentik-netbox-worker) 
skipping: [mash.met.surf-authentik-deps] => (item=mash-authentik-netbox-housekeeping) 
skipping: [mash.met.surf-authentik-deps]

TASK [galaxy/netbox : Ensure NetBox container network does not exist via community.docker.docker_network] ***
skipping: [mash.met.surf]
skipping: [mash.met.surf-infisical-deps]
skipping: [mash.met.surf-authentik-deps]

TASK [galaxy/netbox : Ensure NetBox container network does not exist via ansible.builtin.command] ***
skipping: [mash.met.surf]
skipping: [mash.met.surf-infisical-deps]
skipping: [mash.met.surf-authentik-deps]

TASK [galaxy/netbox : Ensure NetBox path does not exist] ***********************
skipping: [mash.met.surf]
skipping: [mash.met.surf-infisical-deps]
skipping: [mash.met.surf-authentik-deps]

TASK [galaxy/nextcloud : Validate Nextcloud configuration] *********************
skipping: [mash.met.surf]
skipping: [mash.met.surf-infisical-deps]
skipping: [mash.met.surf-authentik-deps]

TASK [galaxy/nextcloud : Install Nextcloud] ************************************
skipping: [mash.met.surf]
skipping: [mash.met.surf-infisical-deps]
skipping: [mash.met.surf-authentik-deps]

TASK [galaxy/nextcloud : Uninstall Nextcloud] **********************************
included: /home/user/work/mash-playbook/roles/galaxy/nextcloud/tasks/uninstall.yml for mash.met.surf, mash.met.surf-infisical-deps, mash.met.surf-authentik-deps

TASK [galaxy/nextcloud : Check existence of Nextcloud systemd service] *********
ok: [mash.met.surf-authentik-deps]
ok: [mash.met.surf]
ok: [mash.met.surf-infisical-deps]

TASK [galaxy/nextcloud : Ensure Nextcloud systemd services are stopped] ********
skipping: [mash.met.surf-infisical-deps] => (item={'service': 'server.service', 'when': True}) 
skipping: [mash.met.surf-infisical-deps] => (item={'service': 'cron.service', 'when': True}) 
skipping: [mash.met.surf-infisical-deps] => (item={'service': 'cron.timer', 'when': True}) 
skipping: [mash.met.surf-infisical-deps] => (item={'service': 'app-update.service', 'when': False}) 
skipping: [mash.met.surf-infisical-deps] => (item={'service': 'app-update.timer', 'when': False}) 
skipping: [mash.met.surf-infisical-deps]
skipping: [mash.met.surf-authentik-deps] => (item={'service': 'server.service', 'when': True}) 
skipping: [mash.met.surf-authentik-deps] => (item={'service': 'cron.service', 'when': True}) 
skipping: [mash.met.surf-authentik-deps] => (item={'service': 'cron.timer', 'when': True}) 
skipping: [mash.met.surf-authentik-deps] => (item={'service': 'app-update.service', 'when': False}) 
skipping: [mash.met.surf-authentik-deps] => (item={'service': 'app-update.timer', 'when': False}) 
skipping: [mash.met.surf-authentik-deps]
changed: [mash.met.surf] => (item={'service': 'server.service', 'when': True})
changed: [mash.met.surf] => (item={'service': 'cron.service', 'when': True})
changed: [mash.met.surf] => (item={'service': 'cron.timer', 'when': True})
skipping: [mash.met.surf] => (item={'service': 'app-update.service', 'when': False}) 
skipping: [mash.met.surf] => (item={'service': 'app-update.timer', 'when': False}) 

TASK [galaxy/nextcloud : Ensure Nextcloud systemd services do not exist] *******
skipping: [mash.met.surf-infisical-deps] => (item=server.service) 
skipping: [mash.met.surf-infisical-deps] => (item=cron.service) 
skipping: [mash.met.surf-infisical-deps] => (item=cron.timer) 
skipping: [mash.met.surf-infisical-deps] => (item=app-update.service) 
skipping: [mash.met.surf-infisical-deps] => (item=app-update.timer) 
skipping: [mash.met.surf-infisical-deps]
skipping: [mash.met.surf-authentik-deps] => (item=server.service) 
skipping: [mash.met.surf-authentik-deps] => (item=cron.service) 
skipping: [mash.met.surf-authentik-deps] => (item=cron.timer) 
skipping: [mash.met.surf-authentik-deps] => (item=app-update.service) 
skipping: [mash.met.surf-authentik-deps] => (item=app-update.timer) 
skipping: [mash.met.surf-authentik-deps]
changed: [mash.met.surf] => (item=server.service)
changed: [mash.met.surf] => (item=cron.service)
changed: [mash.met.surf] => (item=cron.timer)
ok: [mash.met.surf] => (item=app-update.service)
ok: [mash.met.surf] => (item=app-update.timer)

TASK [galaxy/nextcloud : Ensure Nextcloud support files do not exist] **********
skipping: [mash.met.surf-infisical-deps] => (item=env) 
skipping: [mash.met.surf-infisical-deps] => (item=labels) 
skipping: [mash.met.surf-infisical-deps]
skipping: [mash.met.surf-authentik-deps] => (item=env) 
skipping: [mash.met.surf-authentik-deps] => (item=labels) 
skipping: [mash.met.surf-authentik-deps]
changed: [mash.met.surf] => (item=env)
changed: [mash.met.surf] => (item=labels)

TASK [galaxy/nextcloud : Ensure Nextcloud image source files path does not exist] ***
skipping: [mash.met.surf-infisical-deps]
skipping: [mash.met.surf-authentik-deps]
changed: [mash.met.surf]

TASK [galaxy/nextcloud : Ensure Nextcloud Redis session ini file does not exist] ***
skipping: [mash.met.surf-infisical-deps]
skipping: [mash.met.surf-authentik-deps]
changed: [mash.met.surf]

TASK [galaxy/nextcloud : Ensure Nextcloud local data path does not exist if empty] ***
skipping: [mash.met.surf-infisical-deps]
skipping: [mash.met.surf-authentik-deps]
ok: [mash.met.surf]

TASK [galaxy/nextcloud : Ensure Nextcloud base path does not exist if empty] ***
skipping: [mash.met.surf-infisical-deps]
skipping: [mash.met.surf-authentik-deps]
ok: [mash.met.surf]

TASK [galaxy/nextcloud : Ensure Nextcloud container network does not exist via community.docker.docker_network] ***
skipping: [mash.met.surf-infisical-deps]
skipping: [mash.met.surf-authentik-deps]
changed: [mash.met.surf]

TASK [galaxy/nextcloud : Ensure Nextcloud container network does not exist via ansible.builtin.command] ***
skipping: [mash.met.surf]
skipping: [mash.met.surf-infisical-deps]
skipping: [mash.met.surf-authentik-deps]

TASK [galaxy/nextcloud : Check existence of Nextcloud local data path] *********
ok: [mash.met.surf]
ok: [mash.met.surf-infisical-deps]
ok: [mash.met.surf-authentik-deps]

TASK [galaxy/nextcloud : Notify if Nextcloud local data remains] ***************
ok: [mash.met.surf]
skipping: [mash.met.surf-infisical-deps]
skipping: [mash.met.surf-authentik-deps]

TASK [galaxy/nodebb : Validate NodeBB configuration] ***************************
skipping: [mash.met.surf]
skipping: [mash.met.surf-infisical-deps]
skipping: [mash.met.surf-authentik-deps]

TASK [galaxy/nodebb : Install NodeBB] ******************************************
skipping: [mash.met.surf]
skipping: [mash.met.surf-infisical-deps]
skipping: [mash.met.surf-authentik-deps]

TASK [galaxy/nodebb : Uninstall NodeBB] ****************************************
included: /home/user/work/mash-playbook/roles/galaxy/nodebb/tasks/uninstall.yml for mash.met.surf, mash.met.surf-infisical-deps, mash.met.surf-authentik-deps

TASK [galaxy/nodebb : Check existence of NodeBB systemd service] ***************
ok: [mash.met.surf]
ok: [mash.met.surf-authentik-deps]
ok: [mash.met.surf-infisical-deps]

TASK [galaxy/nodebb : Ensure NodeBB systemd service is stopped] ****************
skipping: [mash.met.surf]
skipping: [mash.met.surf-infisical-deps]
skipping: [mash.met.surf-authentik-deps]

TASK [galaxy/nodebb : Ensure NodeBB systemd service does not exist] ************
skipping: [mash.met.surf]
skipping: [mash.met.surf-infisical-deps]
skipping: [mash.met.surf-authentik-deps]

TASK [galaxy/nodebb : Ensure NodeBB support files do not exist] ****************
skipping: [mash.met.surf] => (item=env) 
skipping: [mash.met.surf] => (item=labels) 
skipping: [mash.met.surf]
skipping: [mash.met.surf-infisical-deps] => (item=env) 
skipping: [mash.met.surf-infisical-deps] => (item=labels) 
skipping: [mash.met.surf-infisical-deps]
skipping: [mash.met.surf-authentik-deps] => (item=env) 
skipping: [mash.met.surf-authentik-deps] => (item=labels) 
skipping: [mash.met.surf-authentik-deps]

TASK [galaxy/nodebb : Ensure NodeBB image source files path does not exist] ****
skipping: [mash.met.surf]
skipping: [mash.met.surf-infisical-deps]
skipping: [mash.met.surf-authentik-deps]

TASK [galaxy/nodebb : Ensure NodeBB local build data path does not exist if empty] ***
skipping: [mash.met.surf]
skipping: [mash.met.surf-infisical-deps]
skipping: [mash.met.surf-authentik-deps]

TASK [galaxy/nodebb : Ensure NodeBB base path does not exist if empty] *********
skipping: [mash.met.surf]
skipping: [mash.met.surf-infisical-deps]
skipping: [mash.met.surf-authentik-deps]

TASK [galaxy/nodebb : Ensure NodeBB container network does not exist via community.docker.docker_network] ***
skipping: [mash.met.surf]
skipping: [mash.met.surf-infisical-deps]
skipping: [mash.met.surf-authentik-deps]

TASK [galaxy/nodebb : Ensure NodeBB container network does not exist via ansible.builtin.command] ***
skipping: [mash.met.surf]
skipping: [mash.met.surf-infisical-deps]
skipping: [mash.met.surf-authentik-deps]

TASK [galaxy/nodebb : Check existence of NodeBB local data path] ***************
ok: [mash.met.surf-infisical-deps]
ok: [mash.met.surf]
ok: [mash.met.surf-authentik-deps]

TASK [galaxy/nodebb : Notify if NodeBB local upload files remains] *************
skipping: [mash.met.surf]
skipping: [mash.met.surf-infisical-deps]
skipping: [mash.met.surf-authentik-deps]

TASK [galaxy/notfellchen : ansible.builtin.include_tasks] **********************
skipping: [mash.met.surf]
skipping: [mash.met.surf-infisical-deps]
skipping: [mash.met.surf-authentik-deps]

TASK [galaxy/notfellchen : ansible.builtin.include_tasks] **********************
skipping: [mash.met.surf]
skipping: [mash.met.surf-infisical-deps]
skipping: [mash.met.surf-authentik-deps]

TASK [galaxy/notfellchen : ansible.builtin.include_tasks] **********************
included: /home/user/work/mash-playbook/roles/galaxy/notfellchen/tasks/uninstall.yml for mash.met.surf, mash.met.surf-infisical-deps, mash.met.surf-authentik-deps

TASK [galaxy/notfellchen : Check existence of notfellchen systemd service] *****
ok: [mash.met.surf]
ok: [mash.met.surf-authentik-deps]
ok: [mash.met.surf-infisical-deps]

TASK [galaxy/notfellchen : Ensure notfellchen service is stopped] **************
skipping: [mash.met.surf]
skipping: [mash.met.surf-infisical-deps]
skipping: [mash.met.surf-authentik-deps]

TASK [galaxy/notfellchen : Ensure notfellchen service doesn't exist] ***********
skipping: [mash.met.surf]
skipping: [mash.met.surf-infisical-deps]
skipping: [mash.met.surf-authentik-deps]

TASK [galaxy/notfellchen : Ensure notfellchen base path is files deleted (make sure to delete node data)] ***
skipping: [mash.met.surf]
skipping: [mash.met.surf-infisical-deps]
skipping: [mash.met.surf-authentik-deps]

TASK [galaxy/ntfy : Validate ntfy configuration] *******************************
skipping: [mash.met.surf]
skipping: [mash.met.surf-infisical-deps]
skipping: [mash.met.surf-authentik-deps]

TASK [galaxy/ntfy : Install ntfy] **********************************************
skipping: [mash.met.surf]
skipping: [mash.met.surf-infisical-deps]
skipping: [mash.met.surf-authentik-deps]

TASK [galaxy/ntfy : Set up ntfy users] *****************************************
skipping: [mash.met.surf]
skipping: [mash.met.surf-infisical-deps]
skipping: [mash.met.surf-authentik-deps]

TASK [galaxy/ntfy : Uninstall ntfy] ********************************************
included: /home/user/work/mash-playbook/roles/galaxy/ntfy/tasks/uninstall.yml for mash.met.surf, mash.met.surf-infisical-deps, mash.met.surf-authentik-deps

TASK [galaxy/ntfy : Check existence of ntfy systemd service] *******************
ok: [mash.met.surf-infisical-deps]
ok: [mash.met.surf]
ok: [mash.met.surf-authentik-deps]

TASK [galaxy/ntfy : Ensure ntfy systemd service is stopped] ********************
skipping: [mash.met.surf]
skipping: [mash.met.surf-infisical-deps]
skipping: [mash.met.surf-authentik-deps]

TASK [galaxy/ntfy : Ensure ntfy systemd service does not exist] ****************
skipping: [mash.met.surf]
skipping: [mash.met.surf-infisical-deps]
skipping: [mash.met.surf-authentik-deps]

TASK [galaxy/ntfy : Ensure ntfy support file does not exist] *******************
skipping: [mash.met.surf] => (item=labels) 
skipping: [mash.met.surf]
skipping: [mash.met.surf-infisical-deps] => (item=labels) 
skipping: [mash.met.surf-infisical-deps]
skipping: [mash.met.surf-authentik-deps] => (item=labels) 
skipping: [mash.met.surf-authentik-deps]

TASK [galaxy/ntfy : Ensure ntfy paths except data path do not exist] ***********
skipping: [mash.met.surf] => (item=/mash/ntfy/config) 
skipping: [mash.met.surf] => (item=/mash/ntfy/cache) 
skipping: [mash.met.surf] => (item=/mash/ntfy/cache/attachments) 
skipping: [mash.met.surf]
skipping: [mash.met.surf-infisical-deps] => (item=/mash/infisical-ntfy/config) 
skipping: [mash.met.surf-infisical-deps] => (item=/mash/infisical-ntfy/cache) 
skipping: [mash.met.surf-infisical-deps] => (item=/mash/infisical-ntfy/cache/attachments) 
skipping: [mash.met.surf-infisical-deps]
skipping: [mash.met.surf-authentik-deps] => (item=/mash/authentik-ntfy/config) 
skipping: [mash.met.surf-authentik-deps] => (item=/mash/authentik-ntfy/cache) 
skipping: [mash.met.surf-authentik-deps] => (item=/mash/authentik-ntfy/cache/attachments) 
skipping: [mash.met.surf-authentik-deps]

TASK [galaxy/ntfy : Ensure ntfy local data path does not exist if empty] *******
skipping: [mash.met.surf]
skipping: [mash.met.surf-infisical-deps]
skipping: [mash.met.surf-authentik-deps]

TASK [galaxy/ntfy : Ensure ntfy base path does not exist if empty] *************
skipping: [mash.met.surf]
skipping: [mash.met.surf-infisical-deps]
skipping: [mash.met.surf-authentik-deps]

TASK [galaxy/ntfy : Ensure ntfy container network does not exist via community.docker.docker_network] ***
skipping: [mash.met.surf]
skipping: [mash.met.surf-infisical-deps]
skipping: [mash.met.surf-authentik-deps]

TASK [galaxy/ntfy : Ensure ntfy container network does not exist via ansible.builtin.command] ***
skipping: [mash.met.surf]
skipping: [mash.met.surf-infisical-deps]
skipping: [mash.met.surf-authentik-deps]

TASK [galaxy/ntfy : Check existence of ntfy local data path] *******************
ok: [mash.met.surf]
ok: [mash.met.surf-infisical-deps]
ok: [mash.met.surf-authentik-deps]

TASK [galaxy/ntfy : Notify if ntfy local data remains] *************************
skipping: [mash.met.surf]
skipping: [mash.met.surf-infisical-deps]
skipping: [mash.met.surf-authentik-deps]

TASK [galaxy/oauth2_proxy : Validate OAuth2-Proxy configuration] ***************
skipping: [mash.met.surf]
skipping: [mash.met.surf-infisical-deps]
skipping: [mash.met.surf-authentik-deps]

TASK [galaxy/oauth2_proxy : Install OAuth2-Proxy] ******************************
skipping: [mash.met.surf]
skipping: [mash.met.surf-infisical-deps]
skipping: [mash.met.surf-authentik-deps]

TASK [galaxy/oauth2_proxy : Uninstall OAuth2-Proxy] ****************************
included: /home/user/work/mash-playbook/roles/galaxy/oauth2_proxy/tasks/uninstall.yml for mash.met.surf, mash.met.surf-infisical-deps, mash.met.surf-authentik-deps

TASK [galaxy/oauth2_proxy : Check existence of OAuth2-Proxy systemd service] ***
ok: [mash.met.surf-authentik-deps]
ok: [mash.met.surf]
ok: [mash.met.surf-infisical-deps]

TASK [galaxy/oauth2_proxy : Ensure OAuth2-Proxy systemd service is stopped] ****
skipping: [mash.met.surf]
skipping: [mash.met.surf-infisical-deps]
skipping: [mash.met.surf-authentik-deps]

TASK [galaxy/oauth2_proxy : Ensure OAuth2-Proxy systemd service does not exist] ***
skipping: [mash.met.surf]
skipping: [mash.met.surf-infisical-deps]
skipping: [mash.met.surf-authentik-deps]

TASK [galaxy/oauth2_proxy : Ensure OAuth2-Proxy container network does not exist via community.docker.docker_network] ***
skipping: [mash.met.surf]
skipping: [mash.met.surf-infisical-deps]
skipping: [mash.met.surf-authentik-deps]

TASK [galaxy/oauth2_proxy : Ensure OAuth2-Proxy container network does not exist via ansible.builtin.command] ***
skipping: [mash.met.surf]
skipping: [mash.met.surf-infisical-deps]
skipping: [mash.met.surf-authentik-deps]

TASK [galaxy/oauth2_proxy : Ensure OAuth2-Proxy path does not exist] ***********
skipping: [mash.met.surf]
skipping: [mash.met.surf-infisical-deps]
skipping: [mash.met.surf-authentik-deps]

TASK [galaxy/opengist : Validate Opengist configuration] ***********************
skipping: [mash.met.surf]
skipping: [mash.met.surf-infisical-deps]
skipping: [mash.met.surf-authentik-deps]

TASK [galaxy/opengist : Install Opengist] **************************************
skipping: [mash.met.surf]
skipping: [mash.met.surf-infisical-deps]
skipping: [mash.met.surf-authentik-deps]

TASK [galaxy/opengist : Uninstall Opengist] ************************************
included: /home/user/work/mash-playbook/roles/galaxy/opengist/tasks/uninstall.yml for mash.met.surf, mash.met.surf-infisical-deps, mash.met.surf-authentik-deps

TASK [galaxy/opengist : Check existence of Opengist systemd service] ***********
ok: [mash.met.surf-infisical-deps]
ok: [mash.met.surf-authentik-deps]
ok: [mash.met.surf]

TASK [galaxy/opengist : Ensure Opengist systemd service is stopped] ************
skipping: [mash.met.surf]
skipping: [mash.met.surf-infisical-deps]
skipping: [mash.met.surf-authentik-deps]

TASK [galaxy/opengist : Ensure Opengist systemd service does not exist] ********
skipping: [mash.met.surf]
skipping: [mash.met.surf-infisical-deps]
skipping: [mash.met.surf-authentik-deps]

TASK [galaxy/opengist : Ensure Opengist support files do not exist] ************
skipping: [mash.met.surf] => (item=env) 
skipping: [mash.met.surf] => (item=labels) 
skipping: [mash.met.surf]
skipping: [mash.met.surf-infisical-deps] => (item=env) 
skipping: [mash.met.surf-infisical-deps] => (item=labels) 
skipping: [mash.met.surf-infisical-deps]
skipping: [mash.met.surf-authentik-deps] => (item=env) 
skipping: [mash.met.surf-authentik-deps] => (item=labels) 
skipping: [mash.met.surf-authentik-deps]

TASK [galaxy/opengist : Ensure Opengist image source files path does not exist] ***
skipping: [mash.met.surf]
skipping: [mash.met.surf-infisical-deps]
skipping: [mash.met.surf-authentik-deps]

TASK [galaxy/opengist : Ensure Opengist local data path does not exist if empty] ***
skipping: [mash.met.surf]
skipping: [mash.met.surf-infisical-deps]
skipping: [mash.met.surf-authentik-deps]

TASK [galaxy/opengist : Ensure Opengist base path does not exist if empty] *****
skipping: [mash.met.surf]
skipping: [mash.met.surf-infisical-deps]
skipping: [mash.met.surf-authentik-deps]

TASK [galaxy/opengist : Ensure Opengist container network does not exist via community.docker.docker_network] ***
skipping: [mash.met.surf]
skipping: [mash.met.surf-infisical-deps]
skipping: [mash.met.surf-authentik-deps]

TASK [galaxy/opengist : Ensure Opengist container network does not exist via ansible.builtin.command] ***
skipping: [mash.met.surf]
skipping: [mash.met.surf-infisical-deps]
skipping: [mash.met.surf-authentik-deps]

TASK [galaxy/opengist : Check existence of Opengist local data path] ***********
ok: [mash.met.surf-authentik-deps]
ok: [mash.met.surf]
ok: [mash.met.surf-infisical-deps]

TASK [galaxy/opengist : Notify if Opengist local data remains] *****************
skipping: [mash.met.surf]
skipping: [mash.met.surf-infisical-deps]
skipping: [mash.met.surf-authentik-deps]

TASK [galaxy/outline : Validate Outline configuration] *************************
skipping: [mash.met.surf]
skipping: [mash.met.surf-infisical-deps]
skipping: [mash.met.surf-authentik-deps]

TASK [galaxy/outline : Install Outline] ****************************************
skipping: [mash.met.surf]
skipping: [mash.met.surf-infisical-deps]
skipping: [mash.met.surf-authentik-deps]

TASK [galaxy/outline : Uninstall Outline] **************************************
included: /home/user/work/mash-playbook/roles/galaxy/outline/tasks/uninstall.yml for mash.met.surf, mash.met.surf-infisical-deps, mash.met.surf-authentik-deps

TASK [galaxy/outline : Check existence of Outline systemd service] *************
ok: [mash.met.surf]
ok: [mash.met.surf-authentik-deps]
ok: [mash.met.surf-infisical-deps]

TASK [galaxy/outline : Ensure Outline systemd service is stopped] **************
skipping: [mash.met.surf]
skipping: [mash.met.surf-infisical-deps]
skipping: [mash.met.surf-authentik-deps]

TASK [galaxy/outline : Ensure Outline systemd service does not exist] **********
skipping: [mash.met.surf]
skipping: [mash.met.surf-infisical-deps]
skipping: [mash.met.surf-authentik-deps]

TASK [galaxy/outline : Ensure Outline container network does not exist via community.docker.docker_network] ***
skipping: [mash.met.surf]
skipping: [mash.met.surf-infisical-deps]
skipping: [mash.met.surf-authentik-deps]

TASK [galaxy/outline : Ensure Outline container network does not exist via ansible.builtin.command] ***
skipping: [mash.met.surf]
skipping: [mash.met.surf-infisical-deps]
skipping: [mash.met.surf-authentik-deps]

TASK [galaxy/outline : Ensure Outline path does not exist] *********************
skipping: [mash.met.surf]
skipping: [mash.met.surf-infisical-deps]
skipping: [mash.met.surf-authentik-deps]

TASK [galaxy/overseerr : Run Overseerr validation tasks] ***********************
skipping: [mash.met.surf]
skipping: [mash.met.surf-infisical-deps]
skipping: [mash.met.surf-authentik-deps]

TASK [galaxy/overseerr : Run Overseerr installation tasks] *********************
skipping: [mash.met.surf]
skipping: [mash.met.surf-infisical-deps]
skipping: [mash.met.surf-authentik-deps]

TASK [galaxy/overseerr : Run Overseerr uninstallation tasks] *******************
included: /home/user/work/mash-playbook/roles/galaxy/overseerr/tasks/uninstall.yml for mash.met.surf, mash.met.surf-infisical-deps, mash.met.surf-authentik-deps

TASK [galaxy/overseerr : Check existence of Overseerr systemd service] *********
ok: [mash.met.surf-authentik-deps]
ok: [mash.met.surf-infisical-deps]
ok: [mash.met.surf]

TASK [galaxy/overseerr : Ensure Overseerr systemd service is stopped] **********
skipping: [mash.met.surf]
skipping: [mash.met.surf-infisical-deps]
skipping: [mash.met.surf-authentik-deps]

TASK [galaxy/overseerr : Ensure Overseerr systemd service does not exist] ******
skipping: [mash.met.surf]
skipping: [mash.met.surf-infisical-deps]
skipping: [mash.met.surf-authentik-deps]

TASK [galaxy/overseerr : Ensure Overseerr path doesn't exist] ******************
skipping: [mash.met.surf]
skipping: [mash.met.surf-infisical-deps]
skipping: [mash.met.surf-authentik-deps]

TASK [galaxy/owncast : Validate Owncast configuration] *************************
skipping: [mash.met.surf]
skipping: [mash.met.surf-infisical-deps]
skipping: [mash.met.surf-authentik-deps]

TASK [galaxy/owncast : Install Owncast] ****************************************
skipping: [mash.met.surf]
skipping: [mash.met.surf-infisical-deps]
skipping: [mash.met.surf-authentik-deps]

TASK [galaxy/owncast : Uninstall Owncast] **************************************
included: /home/user/work/mash-playbook/roles/galaxy/owncast/tasks/uninstall.yml for mash.met.surf, mash.met.surf-infisical-deps, mash.met.surf-authentik-deps

TASK [galaxy/owncast : Check existence of Owncast systemd service] *************
ok: [mash.met.surf]
ok: [mash.met.surf-infisical-deps]
ok: [mash.met.surf-authentik-deps]

TASK [galaxy/owncast : Ensure Owncast systemd service is stopped] **************
skipping: [mash.met.surf]
skipping: [mash.met.surf-infisical-deps]
skipping: [mash.met.surf-authentik-deps]

TASK [galaxy/owncast : Ensure Owncast systemd service does not exist] **********
skipping: [mash.met.surf]
skipping: [mash.met.surf-infisical-deps]
skipping: [mash.met.surf-authentik-deps]

TASK [galaxy/owncast : Ensure Owncast container network does not exist via community.docker.docker_network] ***
skipping: [mash.met.surf]
skipping: [mash.met.surf-infisical-deps]
skipping: [mash.met.surf-authentik-deps]

TASK [galaxy/owncast : Ensure Owncast container network does not exist via ansible.builtin.command] ***
skipping: [mash.met.surf]
skipping: [mash.met.surf-infisical-deps]
skipping: [mash.met.surf-authentik-deps]

TASK [galaxy/owncast : Ensure Owncast path does not exist] *********************
skipping: [mash.met.surf]
skipping: [mash.met.surf-infisical-deps]
skipping: [mash.met.surf-authentik-deps]

TASK [galaxy/oxitraffic : Validate OxiTraffic configuration] *******************
skipping: [mash.met.surf]
skipping: [mash.met.surf-infisical-deps]
skipping: [mash.met.surf-authentik-deps]

TASK [galaxy/oxitraffic : Install OxiTraffic] **********************************
skipping: [mash.met.surf]
skipping: [mash.met.surf-infisical-deps]
skipping: [mash.met.surf-authentik-deps]

TASK [galaxy/oxitraffic : Migrate OxiTraffic 0.7 to 0.8] ***********************
skipping: [mash.met.surf]
skipping: [mash.met.surf-infisical-deps]
skipping: [mash.met.surf-authentik-deps]

TASK [galaxy/oxitraffic : Uninstall OxiTraffic] ********************************
included: /home/user/work/mash-playbook/roles/galaxy/oxitraffic/tasks/uninstall.yml for mash.met.surf, mash.met.surf-infisical-deps, mash.met.surf-authentik-deps

TASK [galaxy/oxitraffic : Check existence of OxiTraffic systemd service] *******
ok: [mash.met.surf]
ok: [mash.met.surf-infisical-deps]
ok: [mash.met.surf-authentik-deps]

TASK [galaxy/oxitraffic : Ensure OxiTraffic systemd service is stopped] ********
skipping: [mash.met.surf]
skipping: [mash.met.surf-infisical-deps]
skipping: [mash.met.surf-authentik-deps]

TASK [galaxy/oxitraffic : Ensure OxiTraffic systemd service does not exist] ****
skipping: [mash.met.surf]
skipping: [mash.met.surf-infisical-deps]
skipping: [mash.met.surf-authentik-deps]

TASK [galaxy/oxitraffic : Ensure OxiTraffic container network does not exist via community.docker.docker_network] ***
skipping: [mash.met.surf]
skipping: [mash.met.surf-infisical-deps]
skipping: [mash.met.surf-authentik-deps]

TASK [galaxy/oxitraffic : Ensure OxiTraffic container network does not exist via ansible.builtin.command] ***
skipping: [mash.met.surf]
skipping: [mash.met.surf-infisical-deps]
skipping: [mash.met.surf-authentik-deps]

TASK [galaxy/oxitraffic : Ensure OxiTraffic path does not exist] ***************
skipping: [mash.met.surf]
skipping: [mash.met.surf-infisical-deps]
skipping: [mash.met.surf-authentik-deps]

TASK [galaxy/paperless : Validate Paperless-ngx configuration] *****************
skipping: [mash.met.surf]
skipping: [mash.met.surf-infisical-deps]
skipping: [mash.met.surf-authentik-deps]

TASK [galaxy/paperless : Install Paperless-ngx] ********************************
skipping: [mash.met.surf]
skipping: [mash.met.surf-infisical-deps]
skipping: [mash.met.surf-authentik-deps]

TASK [galaxy/paperless : Uninstall Paperless-ngx] ******************************
included: /home/user/work/mash-playbook/roles/galaxy/paperless/tasks/uninstall.yml for mash.met.surf, mash.met.surf-infisical-deps, mash.met.surf-authentik-deps

TASK [galaxy/paperless : Ensure Paperless-ngx systemd services are stopped and removed] ***
included: /home/user/work/mash-playbook/roles/galaxy/paperless/tasks/remove_service.yml for mash.met.surf => (item={'service': 'mash-paperless.service', 'path': '/etc/systemd/system/mash-paperless.service'})
included: /home/user/work/mash-playbook/roles/galaxy/paperless/tasks/remove_service.yml for mash.met.surf => (item={'service': 'mash-paperless-tika.service', 'path': '/etc/systemd/system/mash-paperless-tika.service'})
included: /home/user/work/mash-playbook/roles/galaxy/paperless/tasks/remove_service.yml for mash.met.surf => (item={'service': 'mash-paperless-gotenberg.service', 'path': '/etc/systemd/system/mash-paperless-gotenberg.service'})
included: /home/user/work/mash-playbook/roles/galaxy/paperless/tasks/remove_service.yml for mash.met.surf-infisical-deps => (item={'service': 'mash-infisical-paperless.service', 'path': '/etc/systemd/system/mash-infisical-paperless.service'})
included: /home/user/work/mash-playbook/roles/galaxy/paperless/tasks/remove_service.yml for mash.met.surf-infisical-deps => (item={'service': 'mash-infisical-paperless-tika.service', 'path': '/etc/systemd/system/mash-infisical-paperless-tika.service'})
included: /home/user/work/mash-playbook/roles/galaxy/paperless/tasks/remove_service.yml for mash.met.surf-infisical-deps => (item={'service': 'mash-infisical-paperless-gotenberg.service', 'path': '/etc/systemd/system/mash-infisical-paperless-gotenberg.service'})
included: /home/user/work/mash-playbook/roles/galaxy/paperless/tasks/remove_service.yml for mash.met.surf-authentik-deps => (item={'service': 'mash-authentik-paperless.service', 'path': '/etc/systemd/system/mash-authentik-paperless.service'})
included: /home/user/work/mash-playbook/roles/galaxy/paperless/tasks/remove_service.yml for mash.met.surf-authentik-deps => (item={'service': 'mash-authentik-paperless-tika.service', 'path': '/etc/systemd/system/mash-authentik-paperless-tika.service'})
included: /home/user/work/mash-playbook/roles/galaxy/paperless/tasks/remove_service.yml for mash.met.surf-authentik-deps => (item={'service': 'mash-authentik-paperless-gotenberg.service', 'path': '/etc/systemd/system/mash-authentik-paperless-gotenberg.service'})

TASK [galaxy/paperless : Check existence of Paperless-ngx systemd services] ****
ok: [mash.met.surf]

TASK [galaxy/paperless : Ensure Paperless-ngx systemd services are stopped] ****
skipping: [mash.met.surf]

TASK [galaxy/paperless : Ensure Paperless-ngx systemd services do not exist] ***
skipping: [mash.met.surf]

TASK [galaxy/paperless : Check existence of Paperless-ngx systemd services] ****
ok: [mash.met.surf]

TASK [galaxy/paperless : Ensure Paperless-ngx systemd services are stopped] ****
skipping: [mash.met.surf]

TASK [galaxy/paperless : Ensure Paperless-ngx systemd services do not exist] ***
skipping: [mash.met.surf]

TASK [galaxy/paperless : Check existence of Paperless-ngx systemd services] ****
ok: [mash.met.surf]

TASK [galaxy/paperless : Ensure Paperless-ngx systemd services are stopped] ****
skipping: [mash.met.surf]

TASK [galaxy/paperless : Ensure Paperless-ngx systemd services do not exist] ***
skipping: [mash.met.surf]

TASK [galaxy/paperless : Check existence of Paperless-ngx systemd services] ****
ok: [mash.met.surf-infisical-deps]

TASK [galaxy/paperless : Ensure Paperless-ngx systemd services are stopped] ****
skipping: [mash.met.surf-infisical-deps]

TASK [galaxy/paperless : Ensure Paperless-ngx systemd services do not exist] ***
skipping: [mash.met.surf-infisical-deps]

TASK [galaxy/paperless : Check existence of Paperless-ngx systemd services] ****
ok: [mash.met.surf-infisical-deps]

TASK [galaxy/paperless : Ensure Paperless-ngx systemd services are stopped] ****
skipping: [mash.met.surf-infisical-deps]

TASK [galaxy/paperless : Ensure Paperless-ngx systemd services do not exist] ***
skipping: [mash.met.surf-infisical-deps]

TASK [galaxy/paperless : Check existence of Paperless-ngx systemd services] ****
ok: [mash.met.surf-infisical-deps]

TASK [galaxy/paperless : Ensure Paperless-ngx systemd services are stopped] ****
skipping: [mash.met.surf-infisical-deps]

TASK [galaxy/paperless : Ensure Paperless-ngx systemd services do not exist] ***
skipping: [mash.met.surf-infisical-deps]

TASK [galaxy/paperless : Check existence of Paperless-ngx systemd services] ****
ok: [mash.met.surf-authentik-deps]

TASK [galaxy/paperless : Ensure Paperless-ngx systemd services are stopped] ****
skipping: [mash.met.surf-authentik-deps]

TASK [galaxy/paperless : Ensure Paperless-ngx systemd services do not exist] ***
skipping: [mash.met.surf-authentik-deps]

TASK [galaxy/paperless : Check existence of Paperless-ngx systemd services] ****
ok: [mash.met.surf-authentik-deps]

TASK [galaxy/paperless : Ensure Paperless-ngx systemd services are stopped] ****
skipping: [mash.met.surf-authentik-deps]

TASK [galaxy/paperless : Ensure Paperless-ngx systemd services do not exist] ***
skipping: [mash.met.surf-authentik-deps]

TASK [galaxy/paperless : Check existence of Paperless-ngx systemd services] ****
ok: [mash.met.surf-authentik-deps]

TASK [galaxy/paperless : Ensure Paperless-ngx systemd services are stopped] ****
skipping: [mash.met.surf-authentik-deps]

TASK [galaxy/paperless : Ensure Paperless-ngx systemd services do not exist] ***
skipping: [mash.met.surf-authentik-deps]

TASK [galaxy/paperless : Ensure Paperless-ngx support files do not exist] ******
ok: [mash.met.surf] => (item=env)
ok: [mash.met.surf-infisical-deps] => (item=env)
ok: [mash.met.surf-authentik-deps] => (item=env)
ok: [mash.met.surf-infisical-deps] => (item=tika-env)
ok: [mash.met.surf] => (item=tika-env)
ok: [mash.met.surf-authentik-deps] => (item=tika-env)
ok: [mash.met.surf-infisical-deps] => (item=gotenberg-env)
ok: [mash.met.surf] => (item=gotenberg-env)
ok: [mash.met.surf-authentik-deps] => (item=gotenberg-env)
ok: [mash.met.surf-infisical-deps] => (item=labels)
ok: [mash.met.surf-authentik-deps] => (item=labels)
ok: [mash.met.surf] => (item=labels)
ok: [mash.met.surf] => (item=tika-labels)
ok: [mash.met.surf-infisical-deps] => (item=tika-labels)
ok: [mash.met.surf-authentik-deps] => (item=tika-labels)
ok: [mash.met.surf-infisical-deps] => (item=gotenberg-labels)
ok: [mash.met.surf] => (item=gotenberg-labels)
ok: [mash.met.surf-authentik-deps] => (item=gotenberg-labels)

TASK [galaxy/paperless : Ensure Paperless-ngx local consume path does not exist if empty] ***
ok: [mash.met.surf]
ok: [mash.met.surf-infisical-deps]
ok: [mash.met.surf-authentik-deps]

TASK [galaxy/paperless : Ensure Paperless-ngx local data path does not exist if empty] ***
ok: [mash.met.surf]
ok: [mash.met.surf-infisical-deps]
ok: [mash.met.surf-authentik-deps]

TASK [galaxy/paperless : Ensure Paperless-ngx local export path does not exist if empty] ***
ok: [mash.met.surf]
ok: [mash.met.surf-authentik-deps]
ok: [mash.met.surf-infisical-deps]

TASK [galaxy/paperless : Ensure Paperless-ngx media path does not exist if empty] ***
ok: [mash.met.surf-authentik-deps]
ok: [mash.met.surf]
ok: [mash.met.surf-infisical-deps]

TASK [galaxy/paperless : Ensure Paperless-ngx base path does not exist if empty] ***
ok: [mash.met.surf-authentik-deps]
ok: [mash.met.surf-infisical-deps]
ok: [mash.met.surf]

TASK [galaxy/paperless : Check existence of Paperless-ngx base path] ***********
ok: [mash.met.surf]
ok: [mash.met.surf-authentik-deps]
ok: [mash.met.surf-infisical-deps]

TASK [galaxy/paperless : Notify if Paperless-ngx base path remains] ************
skipping: [mash.met.surf]
skipping: [mash.met.surf-infisical-deps]
skipping: [mash.met.surf-authentik-deps]

TASK [galaxy/paperless : Ensure Paperless-ngx container network does not exist via community.docker.docker_network] ***
ok: [mash.met.surf-infisical-deps]
ok: [mash.met.surf]
ok: [mash.met.surf-authentik-deps]

TASK [galaxy/paperless : Ensure Paperless-ngx container network does not exist via ansible.builtin.command] ***
skipping: [mash.met.surf]
skipping: [mash.met.surf-infisical-deps]
skipping: [mash.met.surf-authentik-deps]

TASK [galaxy/peertube : Validate PeerTube configuration] ***********************
skipping: [mash.met.surf]
skipping: [mash.met.surf-infisical-deps]
skipping: [mash.met.surf-authentik-deps]

TASK [galaxy/peertube : Install PeerTube] **************************************
skipping: [mash.met.surf]
skipping: [mash.met.surf-infisical-deps]
skipping: [mash.met.surf-authentik-deps]

TASK [galaxy/peertube : Uninstall PeerTube] ************************************
included: /home/user/work/mash-playbook/roles/galaxy/peertube/tasks/uninstall.yml for mash.met.surf, mash.met.surf-infisical-deps, mash.met.surf-authentik-deps

TASK [galaxy/peertube : Check existence of PeerTube systemd service] ***********
ok: [mash.met.surf]
ok: [mash.met.surf-infisical-deps]
ok: [mash.met.surf-authentik-deps]

TASK [galaxy/peertube : Ensure PeerTube systemd service is stopped] ************
skipping: [mash.met.surf]
skipping: [mash.met.surf-infisical-deps]
skipping: [mash.met.surf-authentik-deps]

TASK [galaxy/peertube : Ensure PeerTube systemd service does not exist] ********
skipping: [mash.met.surf]
skipping: [mash.met.surf-infisical-deps]
skipping: [mash.met.surf-authentik-deps]

TASK [galaxy/peertube : Ensure PeerTube container network does not exist via community.docker.docker_network] ***
skipping: [mash.met.surf]
skipping: [mash.met.surf-infisical-deps]
skipping: [mash.met.surf-authentik-deps]

TASK [galaxy/peertube : Ensure PeerTube container network does not exist via ansible.builtin.command] ***
skipping: [mash.met.surf]
skipping: [mash.met.surf-infisical-deps]
skipping: [mash.met.surf-authentik-deps]

TASK [galaxy/peertube : Check existence of PeerTube config path] ***************
ok: [mash.met.surf]
ok: [mash.met.surf-infisical-deps]
ok: [mash.met.surf-authentik-deps]

TASK [galaxy/peertube : Notify if PeerTube config remains] *********************
skipping: [mash.met.surf]
skipping: [mash.met.surf-infisical-deps]
skipping: [mash.met.surf-authentik-deps]

TASK [galaxy/peertube : Check existence of PeerTube local data path] ***********
ok: [mash.met.surf-infisical-deps]
ok: [mash.met.surf]
ok: [mash.met.surf-authentik-deps]

TASK [galaxy/peertube : Notify if PeerTube local data remains] *****************
skipping: [mash.met.surf]
skipping: [mash.met.surf-infisical-deps]
skipping: [mash.met.surf-authentik-deps]

TASK [galaxy/plausible : Validate Plausible Analytics configuration] ***********
skipping: [mash.met.surf]
skipping: [mash.met.surf-infisical-deps]
skipping: [mash.met.surf-authentik-deps]

TASK [galaxy/plausible : Install Plausible Analytics] **************************
skipping: [mash.met.surf]
skipping: [mash.met.surf-infisical-deps]
skipping: [mash.met.surf-authentik-deps]

TASK [galaxy/plausible : Uninstall Plausible Analytics] ************************
included: /home/user/work/mash-playbook/roles/galaxy/plausible/tasks/uninstall.yml for mash.met.surf, mash.met.surf-infisical-deps, mash.met.surf-authentik-deps

TASK [galaxy/plausible : Check existence of Plausible Analytics systemd service] ***
ok: [mash.met.surf]
ok: [mash.met.surf-authentik-deps]
ok: [mash.met.surf-infisical-deps]

TASK [galaxy/plausible : Ensure Plausible Analytics systemd service is stopped] ***
skipping: [mash.met.surf]
skipping: [mash.met.surf-infisical-deps]
skipping: [mash.met.surf-authentik-deps]

TASK [galaxy/plausible : Ensure Plausible Analytics systemd service does not exist] ***
skipping: [mash.met.surf]
skipping: [mash.met.surf-infisical-deps]
skipping: [mash.met.surf-authentik-deps]

TASK [galaxy/plausible : Ensure Plausible Analytics container network does not exist via community.docker.docker_network] ***
skipping: [mash.met.surf]
skipping: [mash.met.surf-infisical-deps]
skipping: [mash.met.surf-authentik-deps]

TASK [galaxy/plausible : Ensure Plausible Analytics container network does not exist via ansible.builtin.command] ***
skipping: [mash.met.surf]
skipping: [mash.met.surf-infisical-deps]
skipping: [mash.met.surf-authentik-deps]

TASK [galaxy/plausible : Ensure Plausible Analytics path does not exist] *******
skipping: [mash.met.surf]
skipping: [mash.met.surf-infisical-deps]
skipping: [mash.met.surf-authentik-deps]

TASK [galaxy/plex : Run Plex validation tasks] *********************************
skipping: [mash.met.surf]
skipping: [mash.met.surf-infisical-deps]
skipping: [mash.met.surf-authentik-deps]

TASK [galaxy/plex : Run Plex installation tasks] *******************************
skipping: [mash.met.surf]
skipping: [mash.met.surf-infisical-deps]
skipping: [mash.met.surf-authentik-deps]

TASK [galaxy/plex : Run Plex uninstallation tasks] *****************************
included: /home/user/work/mash-playbook/roles/galaxy/plex/tasks/uninstall.yml for mash.met.surf, mash.met.surf-infisical-deps, mash.met.surf-authentik-deps

TASK [galaxy/plex : Check existence of Plex systemd service] *******************
ok: [mash.met.surf]
ok: [mash.met.surf-infisical-deps]
ok: [mash.met.surf-authentik-deps]

TASK [galaxy/plex : Ensure Plex systemd service is stopped] ********************
skipping: [mash.met.surf]
skipping: [mash.met.surf-infisical-deps]
skipping: [mash.met.surf-authentik-deps]

TASK [galaxy/plex : Ensure Plex systemd service does not exist] ****************
skipping: [mash.met.surf]
skipping: [mash.met.surf-infisical-deps]
skipping: [mash.met.surf-authentik-deps]

TASK [galaxy/plex : Ensure Plex path doesn't exist] ****************************
skipping: [mash.met.surf]
skipping: [mash.met.surf-infisical-deps]
skipping: [mash.met.surf-authentik-deps]

TASK [galaxy/pocket_id : Validate Pocket ID configuration] *********************
skipping: [mash.met.surf]
skipping: [mash.met.surf-infisical-deps]
skipping: [mash.met.surf-authentik-deps]

TASK [galaxy/pocket_id : Install Pocket ID] ************************************
skipping: [mash.met.surf]
skipping: [mash.met.surf-infisical-deps]
skipping: [mash.met.surf-authentik-deps]

TASK [galaxy/pocket_id : Uninstall Pocket ID] **********************************
included: /home/user/work/mash-playbook/roles/galaxy/pocket_id/tasks/uninstall.yml for mash.met.surf, mash.met.surf-infisical-deps, mash.met.surf-authentik-deps

TASK [galaxy/pocket_id : Check existence of Pocket ID systemd service] *********
ok: [mash.met.surf-authentik-deps]
ok: [mash.met.surf-infisical-deps]
ok: [mash.met.surf]

TASK [galaxy/pocket_id : Ensure Pocket ID systemd service is stopped] **********
skipping: [mash.met.surf]
skipping: [mash.met.surf-infisical-deps]
skipping: [mash.met.surf-authentik-deps]

TASK [galaxy/pocket_id : Ensure Pocket ID systemd service does not exist] ******
skipping: [mash.met.surf]
skipping: [mash.met.surf-infisical-deps]
skipping: [mash.met.surf-authentik-deps]

TASK [galaxy/pocket_id : Ensure Pocket ID support files do not exist] **********
skipping: [mash.met.surf] => (item=env) 
skipping: [mash.met.surf] => (item=labels) 
skipping: [mash.met.surf]
skipping: [mash.met.surf-infisical-deps] => (item=env) 
skipping: [mash.met.surf-infisical-deps] => (item=labels) 
skipping: [mash.met.surf-infisical-deps]
skipping: [mash.met.surf-authentik-deps] => (item=env) 
skipping: [mash.met.surf-authentik-deps] => (item=labels) 
skipping: [mash.met.surf-authentik-deps]

TASK [galaxy/pocket_id : Ensure Pocket ID local data path does not exist if empty] ***
skipping: [mash.met.surf]
skipping: [mash.met.surf-infisical-deps]
skipping: [mash.met.surf-authentik-deps]

TASK [galaxy/pocket_id : Ensure Pocket ID base path does not exist if empty] ***
skipping: [mash.met.surf]
skipping: [mash.met.surf-infisical-deps]
skipping: [mash.met.surf-authentik-deps]

TASK [galaxy/pocket_id : Ensure Pocket ID container network does not exist via community.docker.docker_network] ***
skipping: [mash.met.surf]
skipping: [mash.met.surf-infisical-deps]
skipping: [mash.met.surf-authentik-deps]

TASK [galaxy/pocket_id : Ensure Pocket ID container network does not exist via ansible.builtin.command] ***
skipping: [mash.met.surf]
skipping: [mash.met.surf-infisical-deps]
skipping: [mash.met.surf-authentik-deps]

TASK [galaxy/pocket_id : Check existence of Pocket ID local data path] *********
ok: [mash.met.surf]
ok: [mash.met.surf-authentik-deps]
ok: [mash.met.surf-infisical-deps]

TASK [galaxy/pocket_id : Notify if Pocket ID local data remains] ***************
skipping: [mash.met.surf]
skipping: [mash.met.surf-infisical-deps]
skipping: [mash.met.surf-authentik-deps]

TASK [galaxy/poodledonts : Validate PoodleDonts configuration] *****************
skipping: [mash.met.surf]
skipping: [mash.met.surf-infisical-deps]
skipping: [mash.met.surf-authentik-deps]

TASK [galaxy/poodledonts : Install PoodleDonts] ********************************
skipping: [mash.met.surf]
skipping: [mash.met.surf-infisical-deps]
skipping: [mash.met.surf-authentik-deps]

TASK [galaxy/poodledonts : Uninstall PoodleDonts] ******************************
included: /home/user/work/mash-playbook/roles/galaxy/poodledonts/tasks/uninstall.yml for mash.met.surf, mash.met.surf-infisical-deps, mash.met.surf-authentik-deps

TASK [galaxy/poodledonts : Check existence of PoodleDonts systemd service] *****
ok: [mash.met.surf]
ok: [mash.met.surf-infisical-deps]
ok: [mash.met.surf-authentik-deps]

TASK [galaxy/poodledonts : Ensure PoodleDonts systemd service is stopped] ******
skipping: [mash.met.surf]
skipping: [mash.met.surf-infisical-deps]
skipping: [mash.met.surf-authentik-deps]

TASK [galaxy/poodledonts : Ensure PoodleDonts systemd service does not exist] ***
skipping: [mash.met.surf]
skipping: [mash.met.surf-infisical-deps]
skipping: [mash.met.surf-authentik-deps]

TASK [galaxy/poodledonts : Ensure PoodleDonts container network does not exist via community.docker.docker_network] ***
skipping: [mash.met.surf]
skipping: [mash.met.surf-infisical-deps]
skipping: [mash.met.surf-authentik-deps]

TASK [galaxy/poodledonts : Ensure PoodleDonts container network does not exist via ansible.builtin.command] ***
skipping: [mash.met.surf]
skipping: [mash.met.surf-infisical-deps]
skipping: [mash.met.surf-authentik-deps]

TASK [galaxy/poodledonts : Ensure PoodleDonts path does not exist] *************
skipping: [mash.met.surf]
skipping: [mash.met.surf-infisical-deps]
skipping: [mash.met.surf-authentik-deps]

TASK [galaxy/postgis : ansible.builtin.include_tasks] **************************
skipping: [mash.met.surf]
skipping: [mash.met.surf-infisical-deps]
skipping: [mash.met.surf-authentik-deps]

TASK [galaxy/postgis : ansible.builtin.include_tasks] **************************
skipping: [mash.met.surf]
skipping: [mash.met.surf-infisical-deps]
skipping: [mash.met.surf-authentik-deps]

TASK [galaxy/postgis : ansible.builtin.include_tasks] **************************
included: /home/user/work/mash-playbook/roles/galaxy/postgis/tasks/uninstall.yml for mash.met.surf, mash.met.surf-infisical-deps, mash.met.surf-authentik-deps

TASK [galaxy/postgis : Check existence of Postgis systemd service] *************
ok: [mash.met.surf]
ok: [mash.met.surf-infisical-deps]
ok: [mash.met.surf-authentik-deps]

TASK [galaxy/postgis : Ensure Postgis is stopped] ******************************
skipping: [mash.met.surf]
skipping: [mash.met.surf-infisical-deps]
skipping: [mash.met.surf-authentik-deps]

TASK [galaxy/postgis : Ensure Postgis systemd service doesn't exist] ***********
skipping: [mash.met.surf]
skipping: [mash.met.surf-infisical-deps]
skipping: [mash.met.surf-authentik-deps]

TASK [galaxy/postgis : Remove Postgis scripts] *********************************
skipping: [mash.met.surf]
skipping: [mash.met.surf-infisical-deps]
skipping: [mash.met.surf-authentik-deps]

TASK [galaxy/postgis : Check existence of Postgis local data path] *************
ok: [mash.met.surf]
ok: [mash.met.surf-infisical-deps]
ok: [mash.met.surf-authentik-deps]

TASK [galaxy/postgis : Inject warning if Postgis local data remains] ***********
skipping: [mash.met.surf]
skipping: [mash.met.surf-infisical-deps]
skipping: [mash.met.surf-authentik-deps]

TASK [galaxy/postgres_backup : Validate postgres-backup configuration] *********
skipping: [mash.met.surf-infisical-deps]
skipping: [mash.met.surf-authentik-deps]
included: /home/user/work/mash-playbook/roles/galaxy/postgres_backup/tasks/validate_config.yml for mash.met.surf

TASK [galaxy/postgres_backup : Fail if required postgres-backup settings not defined] ***
skipping: [mash.met.surf] => (item=postgres_backup_connection_hostname) 
skipping: [mash.met.surf] => (item=postgres_backup_connection_username) 
skipping: [mash.met.surf] => (item=postgres_backup_connection_password) 
skipping: [mash.met.surf] => (item=postgres_backup_uid) 
skipping: [mash.met.surf] => (item=postgres_backup_gid) 
skipping: [mash.met.surf] => (item=postgres_backup_container_network) 
skipping: [mash.met.surf]

TASK [galaxy/postgres_backup : (Deprecation) Catch and report renamed settings] ***
skipping: [mash.met.surf] => (item={'old': 'postgres_backup_container_image_suffix', 'new': 'postgres_backup_container_image_distro'}) 
skipping: [mash.met.surf] => (item={'old': 'postgres_backup_path', 'new': 'postgres_backup_base_path'}) 
skipping: [mash.met.surf] => (item={'old': 'postgres_backup_docker_image_to_use', 'new': 'postgres_backup_container_image_to_use'}) 
skipping: [mash.met.surf]

TASK [galaxy/postgres_backup : Install postgres-backup] ************************
skipping: [mash.met.surf-infisical-deps]
skipping: [mash.met.surf-authentik-deps]
included: /home/user/work/mash-playbook/roles/galaxy/postgres_backup/tasks/install.yml for mash.met.surf

TASK [Detect Postgres version from provided data path] *************************

TASK [galaxy/postgres : Initialize Postgres version determination variables (default to empty)] ***
ok: [mash.met.surf]

TASK [galaxy/postgres : Determine existing Postgres version (check PG_VERSION file)] ***
ok: [mash.met.surf]

TASK [galaxy/postgres : ansible.builtin.set_fact] ******************************
ok: [mash.met.surf]

TASK [galaxy/postgres : Determine existing Postgres version (read PG_VERSION file)] ***
ok: [mash.met.surf]

TASK [galaxy/postgres : Determine existing Postgres version (make sense of PG_VERSION file)] ***
ok: [mash.met.surf]

TASK [galaxy/postgres : Determine corresponding container image to detected version (use 9.x, if detected)] ***
skipping: [mash.met.surf]

TASK [galaxy/postgres : Determine corresponding container image to detected version (use 10.x, if detected)] ***
skipping: [mash.met.surf]

TASK [galaxy/postgres : Determine corresponding container image to detected version (use 11.x, if detected)] ***
skipping: [mash.met.surf]

TASK [galaxy/postgres : Determine corresponding container image to detected version (use 12.x, if detected)] ***
skipping: [mash.met.surf]

TASK [galaxy/postgres : Determine corresponding container image to detected version (use 13.x, if detected)] ***
skipping: [mash.met.surf]

TASK [galaxy/postgres : Determine corresponding container image to detected version (use 14.x, if detected)] ***
skipping: [mash.met.surf]

TASK [galaxy/postgres : Determine corresponding container image to detected version (use 15.x, if detected)] ***
skipping: [mash.met.surf]

TASK [galaxy/postgres : Determine corresponding container image to detected version (use 16.x, if detected)] ***
skipping: [mash.met.surf]

TASK [galaxy/postgres : Determine corresponding container image to detected version (use 17.x, if detected)] ***
ok: [mash.met.surf]

TASK [galaxy/postgres : Determine corresponding container image to detected version (use 18.x, if detected)] ***
skipping: [mash.met.surf]

TASK [galaxy/postgres : Fail if detected Postgres version number not known to us] ***
skipping: [mash.met.surf]

TASK [galaxy/postgres : Populate corresponding Postgres container image based on detected version] ***
ok: [mash.met.surf]

TASK [galaxy/postgres_backup : Use detected Postgres version, if detected] *****
skipping: [mash.met.surf]

TASK [galaxy/postgres_backup : Ensure postgres-backup paths exist] *************
ok: [mash.met.surf] => (item=/mash/postgres-backup)
ok: [mash.met.surf] => (item=/mash/postgres-backup/config)
ok: [mash.met.surf] => (item=/srv/storage/postgres)

TASK [galaxy/postgres_backup : Ensure postgres-backup environment variables file installed] ***
changed: [mash.met.surf]

TASK [galaxy/postgres_backup : Ensure postgres-backup container image is pulled via community.docker.docker_image] ***
ok: [mash.met.surf]

TASK [galaxy/postgres_backup : Ensure postgres-backup container image is pulled via ansible.builtin.command] ***
skipping: [mash.met.surf]

TASK [galaxy/postgres_backup : Ensure postgres-backup container network is created via community.docker.docker_network] ***
ok: [mash.met.surf]

TASK [galaxy/postgres_backup : Ensure postgres-backup container network is created via ansible.builtin.command] ***
skipping: [mash.met.surf]

TASK [galaxy/postgres_backup : Ensure postgres-backup systemd service is present] ***
ok: [mash.met.surf]

TASK [galaxy/postgres_backup : Migrate old postgres-backup] ********************
skipping: [mash.met.surf-infisical-deps]
skipping: [mash.met.surf-authentik-deps]
included: /home/user/work/mash-playbook/roles/galaxy/postgres_backup/tasks/install_migrate_old_data.yml for mash.met.surf

TASK [galaxy/postgres_backup : Find old postgres-backup data directories] ******
ok: [mash.met.surf]

TASK [galaxy/postgres_backup : Move the old postgres-backup data directories] ***
skipping: [mash.met.surf]

TASK [galaxy/postgres_backup : Verify that the old postgres-backup data directories have been moved] ***
skipping: [mash.met.surf]

TASK [galaxy/postgres_backup : Set changed status based on verification] *******
skipping: [mash.met.surf]

TASK [galaxy/postgres_backup : Ensure old env-postgres-backup environment variables file does not exist] ***
skipping: [mash.met.surf]

TASK [galaxy/postgres_backup : Uninstall postgres-backup] **********************
skipping: [mash.met.surf]
included: /home/user/work/mash-playbook/roles/galaxy/postgres_backup/tasks/uninstall.yml for mash.met.surf-infisical-deps, mash.met.surf-authentik-deps

TASK [galaxy/postgres_backup : Check existence of postgres-backup systemd service] ***
ok: [mash.met.surf-infisical-deps]
ok: [mash.met.surf-authentik-deps]

TASK [galaxy/postgres_backup : Ensure postgres-backup systemd service is stopped] ***
skipping: [mash.met.surf-infisical-deps]
skipping: [mash.met.surf-authentik-deps]

TASK [galaxy/postgres_backup : Ensure postgres-backup paths do not exist] ******
skipping: [mash.met.surf-infisical-deps] => (item=/etc/systemd/system/mash-infisical-postgres-backup.service) 
skipping: [mash.met.surf-infisical-deps] => (item=/mash/infisical-postgres-backup/config) 
skipping: [mash.met.surf-infisical-deps]
skipping: [mash.met.surf-authentik-deps] => (item=/etc/systemd/system/mash-authentik-postgres-backup.service) 
skipping: [mash.met.surf-authentik-deps] => (item=/mash/authentik-postgres-backup/config) 
skipping: [mash.met.surf-authentik-deps]

TASK [galaxy/postgres_backup : Ensure postgres-backup container network does not exist via community.docker.docker_network] ***
skipping: [mash.met.surf-infisical-deps]
skipping: [mash.met.surf-authentik-deps]

TASK [galaxy/postgres_backup : Ensure postgres-backup container network does not exist via ansible.builtin.command] ***
skipping: [mash.met.surf-infisical-deps]
skipping: [mash.met.surf-authentik-deps]

TASK [galaxy/postgres_backup : Check existence of postgres-backup backup path] ***
ok: [mash.met.surf-infisical-deps]
ok: [mash.met.surf-authentik-deps]

TASK [galaxy/postgres_backup : Inject warning if postgres-backup data remains] ***
skipping: [mash.met.surf-infisical-deps]
skipping: [mash.met.surf-authentik-deps]

TASK [galaxy/privatebin : Validate PrivateBin configuration] *******************
skipping: [mash.met.surf]
skipping: [mash.met.surf-infisical-deps]
skipping: [mash.met.surf-authentik-deps]

TASK [galaxy/privatebin : Install PrivateBin] **********************************
skipping: [mash.met.surf]
skipping: [mash.met.surf-infisical-deps]
skipping: [mash.met.surf-authentik-deps]

TASK [galaxy/privatebin : Uninstall PrivateBin] ********************************
included: /home/user/work/mash-playbook/roles/galaxy/privatebin/tasks/uninstall.yml for mash.met.surf, mash.met.surf-infisical-deps, mash.met.surf-authentik-deps

TASK [galaxy/privatebin : Check existence of PrivateBin systemd service] *******
ok: [mash.met.surf-infisical-deps]
ok: [mash.met.surf]
ok: [mash.met.surf-authentik-deps]

TASK [galaxy/privatebin : Ensure PrivateBin systemd service is stopped] ********
skipping: [mash.met.surf]
skipping: [mash.met.surf-infisical-deps]
skipping: [mash.met.surf-authentik-deps]

TASK [galaxy/privatebin : Ensure PrivateBin systemd service does not exist] ****
skipping: [mash.met.surf]
skipping: [mash.met.surf-infisical-deps]
skipping: [mash.met.surf-authentik-deps]

TASK [galaxy/privatebin : Ensure PrivateBin support files do not exist] ********
skipping: [mash.met.surf] => (item=env) 
skipping: [mash.met.surf] => (item=labels) 
skipping: [mash.met.surf]
skipping: [mash.met.surf-infisical-deps] => (item=env) 
skipping: [mash.met.surf-infisical-deps] => (item=labels) 
skipping: [mash.met.surf-infisical-deps]
skipping: [mash.met.surf-authentik-deps] => (item=env) 
skipping: [mash.met.surf-authentik-deps] => (item=labels) 
skipping: [mash.met.surf-authentik-deps]

TASK [galaxy/privatebin : Ensure PrivateBin config file does not exist] ********
skipping: [mash.met.surf] => (item=config.php) 
skipping: [mash.met.surf]
skipping: [mash.met.surf-infisical-deps] => (item=config.php) 
skipping: [mash.met.surf-infisical-deps]
skipping: [mash.met.surf-authentik-deps] => (item=config.php) 
skipping: [mash.met.surf-authentik-deps]

TASK [galaxy/privatebin : Ensure PrivateBin image source files path does not exist] ***
skipping: [mash.met.surf]
skipping: [mash.met.surf-infisical-deps]
skipping: [mash.met.surf-authentik-deps]

TASK [galaxy/privatebin : Ensure PrivateBin local data path does not exist if empty] ***
skipping: [mash.met.surf]
skipping: [mash.met.surf-infisical-deps]
skipping: [mash.met.surf-authentik-deps]

TASK [galaxy/privatebin : Ensure PrivateBin base path does not exist if empty] ***
skipping: [mash.met.surf]
skipping: [mash.met.surf-infisical-deps]
skipping: [mash.met.surf-authentik-deps]

TASK [galaxy/privatebin : Ensure PrivateBin container network does not exist via community.docker.docker_network] ***
skipping: [mash.met.surf]
skipping: [mash.met.surf-infisical-deps]
skipping: [mash.met.surf-authentik-deps]

TASK [galaxy/privatebin : Ensure PrivateBin container network does not exist via ansible.builtin.command] ***
skipping: [mash.met.surf]
skipping: [mash.met.surf-infisical-deps]
skipping: [mash.met.surf-authentik-deps]

TASK [galaxy/privatebin : Check existence of PrivateBin local data path] *******
ok: [mash.met.surf]
ok: [mash.met.surf-authentik-deps]
ok: [mash.met.surf-infisical-deps]

TASK [galaxy/privatebin : Notify if PrivateBin local data remains] *************
skipping: [mash.met.surf]
skipping: [mash.met.surf-infisical-deps]
skipping: [mash.met.surf-authentik-deps]

TASK [galaxy/prometheus : Validate Prometheus configuration] *******************
skipping: [mash.met.surf-infisical-deps]
skipping: [mash.met.surf-authentik-deps]
included: /home/user/work/mash-playbook/roles/galaxy/prometheus/tasks/validate_config.yml for mash.met.surf

TASK [galaxy/prometheus : (Deprecation) Catch and report renamed settings] *****
skipping: [mash.met.surf] => (item={'old': 'prometheus_basic_auth_enabled', 'new': 'prometheus_container_labels_metrics_middleware_basic_auth_enabled'}) 
skipping: [mash.met.surf] => (item={'old': 'prometheus_basic_auth_username', 'new': '<superseded by prometheus_container_labels_metrics_middleware_basic_auth_users>'}) 
skipping: [mash.met.surf] => (item={'old': 'prometheus_basic_auth_password', 'new': '<superseded by prometheus_container_labels_metrics_middleware_basic_auth_users>'}) 
skipping: [mash.met.surf] => (item={'old': 'prometheus_http_header_content_permission_policy', 'new': 'prometheus_http_header_permissions_policy'}) 
skipping: [mash.met.surf]

TASK [galaxy/prometheus : Fail if required Prometheus settings not defined] ****
skipping: [mash.met.surf] => (item=prometheus_identifier) 
skipping: [mash.met.surf] => (item=prometheus_uid) 
skipping: [mash.met.surf] => (item=prometheus_gid) 
skipping: [mash.met.surf] => (item=prometheus_container_network) 
skipping: [mash.met.surf]

TASK [galaxy/prometheus : Fail if required settings for Traefik labels are not defined] ***
skipping: [mash.met.surf]

TASK [galaxy/prometheus : Install Prometheus] **********************************
skipping: [mash.met.surf-infisical-deps]
skipping: [mash.met.surf-authentik-deps]
included: /home/user/work/mash-playbook/roles/galaxy/prometheus/tasks/install.yml for mash.met.surf

TASK [galaxy/prometheus : Ensure Prometheus paths exist] ***********************
ok: [mash.met.surf] => (item=/mash/prometheus)
ok: [mash.met.surf] => (item=/mash/prometheus/config)
ok: [mash.met.surf] => (item=/mash/prometheus/data)

TASK [galaxy/prometheus : Ensure prometheus.yml installed] *********************
ok: [mash.met.surf]

TASK [galaxy/prometheus : Ensure Prometheus support files installed] ***********
ok: [mash.met.surf] => (item=labels)

TASK [galaxy/prometheus : Ensure Prometheus container image is pulled via community.docker.docker_image] ***
changed: [mash.met.surf]

TASK [galaxy/prometheus : Ensure Prometheus container image is pulled via ansible.builtin.command] ***
skipping: [mash.met.surf]

TASK [galaxy/prometheus : Ensure Prometheus container network is created via community.docker.docker_network] ***
ok: [mash.met.surf]

TASK [galaxy/prometheus : Ensure Prometheus container network is created via ansible.builtin.command] ***
skipping: [mash.met.surf]

TASK [galaxy/prometheus : Ensure Prometheus systemd service is present] ********
changed: [mash.met.surf]

TASK [galaxy/prometheus : Uninstall Prometheus] ********************************
skipping: [mash.met.surf]
included: /home/user/work/mash-playbook/roles/galaxy/prometheus/tasks/uninstall.yml for mash.met.surf-infisical-deps, mash.met.surf-authentik-deps

TASK [galaxy/prometheus : Check existence of Prometheus systemd service] *******
ok: [mash.met.surf-authentik-deps]
ok: [mash.met.surf-infisical-deps]

TASK [galaxy/prometheus : Ensure Prometheus systemd service is stopped] ********
skipping: [mash.met.surf-infisical-deps]
skipping: [mash.met.surf-authentik-deps]

TASK [galaxy/prometheus : Ensure Prometheus systemd service does not exist] ****
skipping: [mash.met.surf-infisical-deps]
skipping: [mash.met.surf-authentik-deps]

TASK [galaxy/prometheus : Ensure Prometheus container network does not exist via community.docker.docker_network] ***
skipping: [mash.met.surf-infisical-deps]
skipping: [mash.met.surf-authentik-deps]

TASK [galaxy/prometheus : Ensure Prometheus container network does not exist via ansible.builtin.command] ***
skipping: [mash.met.surf-infisical-deps]
skipping: [mash.met.surf-authentik-deps]

TASK [galaxy/prometheus : Ensure Prometheus path does not exist] ***************
skipping: [mash.met.surf-infisical-deps]
skipping: [mash.met.surf-authentik-deps]

TASK [galaxy/prometheus_blackbox_exporter : Validate Prometheus blackbox exporter configuration] ***
skipping: [mash.met.surf]
skipping: [mash.met.surf-infisical-deps]
skipping: [mash.met.surf-authentik-deps]

TASK [galaxy/prometheus_blackbox_exporter : Install Prometheus blackbox exporter] ***
skipping: [mash.met.surf]
skipping: [mash.met.surf-infisical-deps]
skipping: [mash.met.surf-authentik-deps]

TASK [galaxy/prometheus_blackbox_exporter : Uninstall Prometheus blackbox exporter] ***
included: /home/user/work/mash-playbook/roles/galaxy/prometheus_blackbox_exporter/tasks/uninstall.yml for mash.met.surf, mash.met.surf-infisical-deps, mash.met.surf-authentik-deps

TASK [galaxy/prometheus_blackbox_exporter : Check existence of Prometheus blackbox exporter service] ***
ok: [mash.met.surf]
ok: [mash.met.surf-authentik-deps]
ok: [mash.met.surf-infisical-deps]

TASK [galaxy/prometheus_blackbox_exporter : Ensure Prometheus blackbox exporter systemd service is stopped] ***
skipping: [mash.met.surf]
skipping: [mash.met.surf-infisical-deps]
skipping: [mash.met.surf-authentik-deps]

TASK [galaxy/prometheus_blackbox_exporter : Ensure Prometheus blackbox exporter service does not exist] ***
skipping: [mash.met.surf]
skipping: [mash.met.surf-infisical-deps]
skipping: [mash.met.surf-authentik-deps]

TASK [galaxy/prometheus_blackbox_exporter : Ensure Prometheus blackbox exporter container network does not exist via community.docker.docker_network] ***
skipping: [mash.met.surf]
skipping: [mash.met.surf-infisical-deps]
skipping: [mash.met.surf-authentik-deps]

TASK [galaxy/prometheus_blackbox_exporter : Ensure Prometheus blackbox exporter container network does not exist via ansible.builtin.command] ***
skipping: [mash.met.surf]
skipping: [mash.met.surf-infisical-deps]
skipping: [mash.met.surf-authentik-deps]

TASK [galaxy/prometheus_blackbox_exporter : Ensure Prometheus blackbox exporter path does not exist] ***
skipping: [mash.met.surf]
skipping: [mash.met.surf-infisical-deps]
skipping: [mash.met.surf-authentik-deps]

TASK [galaxy/prometheus_node_exporter : Validate Prometheus node exporter configuration] ***
skipping: [mash.met.surf-infisical-deps]
skipping: [mash.met.surf-authentik-deps]
included: /home/user/work/mash-playbook/roles/galaxy/prometheus_node_exporter/tasks/validate_config.yml for mash.met.surf

TASK [galaxy/prometheus_node_exporter : (Deprecation) Catch and report renamed settings] ***
skipping: [mash.met.surf] => (item={'old': 'prometheus_node_exporter_server_fqn', 'new': 'prometheus_node_exporter_hostname'}) 
skipping: [mash.met.surf] => (item={'old': 'prometheus_node_exporter_basicauth_enabled', 'new': 'prometheus_node_exporter_container_labels_metrics_middleware_basic_auth_enabled'}) 
skipping: [mash.met.surf] => (item={'old': 'prometheus_node_exporter_basicauth_user', 'new': '<superseded by prometheus_node_exporter_container_labels_metrics_middleware_basic_auth_users>'}) 
skipping: [mash.met.surf] => (item={'old': 'prometheus_node_exporter_basicauth_password', 'new': '<superseded by prometheus_node_exporter_container_labels_metrics_middleware_basic_auth_users>'}) 
skipping: [mash.met.surf] => (item={'old': 'prometheus_node_exporter_basicauth_print', 'new': '<removed>'}) 
skipping: [mash.met.surf] => (item={'old': 'prometheus_node_exporter_docker_image_name_prefix', 'new': 'prometheus_node_exporter_container_image_registry_prefix'}) 
skipping: [mash.met.surf] => (item={'old': 'prometheus_node_exporter_docker_image', 'new': 'prometheus_node_exporter_container_image'}) 
skipping: [mash.met.surf] => (item={'old': 'prometheus_node_exporter_docker_image_registry_prefix', 'new': 'prometheus_node_exporter_container_image_registry_prefix'}) 
skipping: [mash.met.surf] => (item={'old': 'prometheus_node_exporter_docker_image_registry_prefix_upstream', 'new': 'prometheus_node_exporter_container_image_registry_prefix_upstream'}) 
skipping: [mash.met.surf] => (item={'old': 'prometheus_node_exporter_docker_image_registry_prefix_upstream_default', 'new': 'prometheus_node_exporter_container_image_registry_prefix_upstream_default'}) 
skipping: [mash.met.surf] => (item={'old': 'prometheus_node_exporter_docker_image_force_pull', 'new': 'prometheus_node_exporter_container_image_force_pull'}) 
skipping: [mash.met.surf]

TASK [galaxy/prometheus_node_exporter : Fail if required Prometheus node exporter settings not defined] ***
skipping: [mash.met.surf] => (item=prometheus_node_exporter_uid) 
skipping: [mash.met.surf] => (item=prometheus_node_exporter_gid) 
skipping: [mash.met.surf] => (item=prometheus_node_exporter_container_network) 
skipping: [mash.met.surf]

TASK [galaxy/prometheus_node_exporter : Fail if required Prometheus node exporter Traefik settings not defined] ***
skipping: [mash.met.surf] => (item=prometheus_node_exporter_container_labels_traefik_hostname) 
skipping: [mash.met.surf] => (item=prometheus_node_exporter_container_labels_traefik_path_prefix) 
skipping: [mash.met.surf]

TASK [galaxy/prometheus_node_exporter : Install Prometheus node exporter] ******
skipping: [mash.met.surf-infisical-deps]
skipping: [mash.met.surf-authentik-deps]
included: /home/user/work/mash-playbook/roles/galaxy/prometheus_node_exporter/tasks/install.yml for mash.met.surf

TASK [galaxy/prometheus_node_exporter : Ensure Prometheus node exporter base path exists] ***
ok: [mash.met.surf]

TASK [galaxy/prometheus_node_exporter : Ensure Prometheus node exporter labels file installed] ***
ok: [mash.met.surf]

TASK [galaxy/prometheus_node_exporter : Ensure Prometheus node exporter container image is pulled via community.docker.docker_image] ***
ok: [mash.met.surf]

TASK [galaxy/prometheus_node_exporter : Ensure Prometheus node exporter container image is pulled via ansible.builtin.command] ***
skipping: [mash.met.surf]

TASK [galaxy/prometheus_node_exporter : Ensure Prometheus node exporter container network is created via community.docker.docker_network] ***
ok: [mash.met.surf]

TASK [galaxy/prometheus_node_exporter : Ensure Prometheus node exporter container network is created via ansible.builtin.command] ***
skipping: [mash.met.surf]

TASK [galaxy/prometheus_node_exporter : Ensure Prometheus node exporter systemd service is present] ***
ok: [mash.met.surf]

TASK [galaxy/prometheus_node_exporter : Uninstall Prometheus node exporter] ****
skipping: [mash.met.surf]
included: /home/user/work/mash-playbook/roles/galaxy/prometheus_node_exporter/tasks/uninstall.yml for mash.met.surf-infisical-deps, mash.met.surf-authentik-deps

TASK [galaxy/prometheus_node_exporter : Check existence of Prometheus node exporter service] ***
ok: [mash.met.surf-infisical-deps]
ok: [mash.met.surf-authentik-deps]

TASK [galaxy/prometheus_node_exporter : Ensure Prometheus node exporter systemd service is stopped] ***
skipping: [mash.met.surf-infisical-deps]
skipping: [mash.met.surf-authentik-deps]

TASK [galaxy/prometheus_node_exporter : Ensure Prometheus node exporter service does not exist] ***
skipping: [mash.met.surf-infisical-deps]
skipping: [mash.met.surf-authentik-deps]

TASK [galaxy/prometheus_node_exporter : Ensure Prometheus node exporter container network does not exist via community.docker.docker_network] ***
skipping: [mash.met.surf-infisical-deps]
skipping: [mash.met.surf-authentik-deps]

TASK [galaxy/prometheus_node_exporter : Ensure Prometheus node exporter container network does not exist via ansible.builtin.command] ***
skipping: [mash.met.surf-infisical-deps]
skipping: [mash.met.surf-authentik-deps]

TASK [galaxy/prometheus_node_exporter : Ensure Prometheus node exporter path does not exist] ***
skipping: [mash.met.surf-infisical-deps]
skipping: [mash.met.surf-authentik-deps]

TASK [galaxy/prometheus_postgres_exporter : Validate Prometheus Postgres exporter configuration] ***
skipping: [mash.met.surf]
skipping: [mash.met.surf-infisical-deps]
skipping: [mash.met.surf-authentik-deps]

TASK [galaxy/prometheus_postgres_exporter : Install Prometheus Postgres exporter] ***
skipping: [mash.met.surf]
skipping: [mash.met.surf-infisical-deps]
skipping: [mash.met.surf-authentik-deps]

TASK [galaxy/prometheus_postgres_exporter : Uninstall prometheus-postgres-exporter] ***
included: /home/user/work/mash-playbook/roles/galaxy/prometheus_postgres_exporter/tasks/uninstall.yml for mash.met.surf, mash.met.surf-infisical-deps, mash.met.surf-authentik-deps

TASK [galaxy/prometheus_postgres_exporter : Check existence of Prometheus Postgres exporter service] ***
ok: [mash.met.surf-authentik-deps]
ok: [mash.met.surf-infisical-deps]
ok: [mash.met.surf]

TASK [galaxy/prometheus_postgres_exporter : Ensure Prometheus Postgres exporter systemd service is stopped] ***
skipping: [mash.met.surf]
skipping: [mash.met.surf-infisical-deps]
skipping: [mash.met.surf-authentik-deps]

TASK [galaxy/prometheus_postgres_exporter : Ensure Prometheus Postgres exporter systemd service does not exist] ***
skipping: [mash.met.surf]
skipping: [mash.met.surf-infisical-deps]
skipping: [mash.met.surf-authentik-deps]

TASK [galaxy/prometheus_postgres_exporter : Ensure Prometheus Postgres exporter container network does not exist via community.docker.docker_network] ***
skipping: [mash.met.surf]
skipping: [mash.met.surf-infisical-deps]
skipping: [mash.met.surf-authentik-deps]

TASK [galaxy/prometheus_postgres_exporter : Ensure Prometheus Postgres exporter container network does not exist via ansible.builtin.command] ***
skipping: [mash.met.surf]
skipping: [mash.met.surf-infisical-deps]
skipping: [mash.met.surf-authentik-deps]

TASK [galaxy/prometheus_postgres_exporter : Ensure Prometheus Postgres exporter path does not exist] ***
skipping: [mash.met.surf]
skipping: [mash.met.surf-infisical-deps]
skipping: [mash.met.surf-authentik-deps]

TASK [galaxy/prometheus_ssh_exporter : Validate Prometheus SSH exporter configuration] ***
skipping: [mash.met.surf]
skipping: [mash.met.surf-infisical-deps]
skipping: [mash.met.surf-authentik-deps]

TASK [galaxy/prometheus_ssh_exporter : Install Prometheus SSH exporter] ********
skipping: [mash.met.surf]
skipping: [mash.met.surf-infisical-deps]
skipping: [mash.met.surf-authentik-deps]

TASK [galaxy/prometheus_ssh_exporter : Uninstall Prometheus SSH exporter] ******
included: /home/user/work/mash-playbook/roles/galaxy/prometheus_ssh_exporter/tasks/uninstall.yml for mash.met.surf, mash.met.surf-infisical-deps, mash.met.surf-authentik-deps

TASK [galaxy/prometheus_ssh_exporter : Check existence of Prometheus SSH exporter service] ***
ok: [mash.met.surf-infisical-deps]
ok: [mash.met.surf]
ok: [mash.met.surf-authentik-deps]

TASK [galaxy/prometheus_ssh_exporter : Ensure Prometheus SSH exporter systemd service is stopped] ***
skipping: [mash.met.surf]
skipping: [mash.met.surf-infisical-deps]
skipping: [mash.met.surf-authentik-deps]

TASK [galaxy/prometheus_ssh_exporter : Ensure Prometheus SSH exporter service does not exist] ***
skipping: [mash.met.surf]
skipping: [mash.met.surf-infisical-deps]
skipping: [mash.met.surf-authentik-deps]

TASK [galaxy/prometheus_ssh_exporter : Ensure Prometheus SSH exporter container network does not exist via community.docker.docker_network] ***
skipping: [mash.met.surf]
skipping: [mash.met.surf-infisical-deps]
skipping: [mash.met.surf-authentik-deps]

TASK [galaxy/prometheus_ssh_exporter : Ensure Prometheus SSH exporter container network does not exist via ansible.builtin.command] ***
skipping: [mash.met.surf]
skipping: [mash.met.surf-infisical-deps]
skipping: [mash.met.surf-authentik-deps]

TASK [galaxy/prometheus_ssh_exporter : Ensure Prometheus SSH exporter path does not exist] ***
skipping: [mash.met.surf]
skipping: [mash.met.surf-infisical-deps]
skipping: [mash.met.surf-authentik-deps]

TASK [galaxy/promtail : Validate Promtail configuration] ***********************
skipping: [mash.met.surf-infisical-deps]
skipping: [mash.met.surf-authentik-deps]
included: /home/user/work/mash-playbook/roles/galaxy/promtail/tasks/validate_config.yml for mash.met.surf

TASK [galaxy/promtail : (Deprecation) Catch and report renamed settings] *******
skipping: [mash.met.surf] => (item={'old': 'promtail_basic_auth_enabled', 'new': '<superseded by promtail_container_labels_api_traefik_middleware_basic_auth_enabled and promtail_container_labels_metrics_traefik_middleware_basic_auth_enabled>'}) 
skipping: [mash.met.surf] => (item={'old': 'promtail_basic_auth_username', 'new': '<superseded by promtail_container_labels_api_traefik_middleware_basic_auth_users or promtail_container_labels_metrics_traefik_middleware_basic_auth_users>'}) 
skipping: [mash.met.surf] => (item={'old': 'promtail_basic_auth_password', 'new': '<superseded by promtail_container_labels_api_traefik_middleware_basic_auth_users or promtail_container_labels_metrics_traefik_middleware_basic_auth_users>'}) 
skipping: [mash.met.surf] => (item={'old': 'promtail_container_label_basicauth_users', 'new': '<superseded by promtail_container_labels_api_traefik_middleware_basic_auth_users or promtail_container_labels_metrics_traefik_middleware_basic_auth_users>'}) 
skipping: [mash.met.surf] => (item={'old': 'promtail_default_loki_client_enabled', 'new': '<removed>'}) 
skipping: [mash.met.surf] => (item={'old': 'promtail_default_loki_client', 'new': '<removed>'}) 
skipping: [mash.met.surf] => (item={'old': 'promtail_loki_server_url', 'new': '<removed>'}) 
skipping: [mash.met.surf] => (item={'old': 'promtail_config_scrape', 'new': 'promtail_config_scrape_configs'}) 
skipping: [mash.met.surf] => (item={'old': 'promtail_config_scrape_additional', 'new': 'promtail_config_scrape_configs_custom'}) 
skipping: [mash.met.surf] => (item={'old': 'promtail_config_scrape_varlog_default', 'new': 'promtail_varlog_scraper_config'}) 
skipping: [mash.met.surf] => (item={'old': 'promtail_config_positions', 'new': '<superseded by promtail_config_positions_filename and promtail_configuration_extension_yaml>'}) 
skipping: [mash.met.surf] => (item={'old': 'promtail_target_config', 'new': '<superseded by promtail_configuration_extension_yaml>'}) 
skipping: [mash.met.surf] => (item={'old': 'promtail_config_options', 'new': '<superseded by promtail_configuration_extension_yaml>'}) 
skipping: [mash.met.surf] => (item={'old': 'promtail_config_limits', 'new': '<superseded by promtail_configuration_extension_yaml>'}) 
skipping: [mash.met.surf] => (item={'old': 'promtail_config_tracing', 'new': '<superseded by promtail_configuration_extension_yaml>'}) 
skipping: [mash.met.surf] => (item={'old': 'promtail_config_global', 'new': '<superseded by promtail_configuration_extension_yaml>'}) 
skipping: [mash.met.surf] => (item={'old': 'promtail_config_server', 'new': '<superseded by promtail_configuration_extension_yaml>'}) 
skipping: [mash.met.surf] => (item={'old': 'promtail_container_http_port', 'new': 'promtail_config_server_http_port'}) 
skipping: [mash.met.surf] => (item={'old': 'promtail_container_grpc_port', 'new': 'promtail_config_server_grpc_port'}) 
skipping: [mash.met.surf] => (item={'old': 'promtail_container_additionnal_bind_ports', 'new': '<removed>'}) 
skipping: [mash.met.surf] => (item={'old': 'promtail_tmpfs_size', 'new': '<removed>'}) 
skipping: [mash.met.surf] => (item={'old': 'promtail_container_labels_traefik_hostname', 'new': '<removed>'}) 
skipping: [mash.met.surf] => (item={'old': 'promtail_http_header_content_permission_policy', 'new': 'promtail_http_header_permissions_policy'}) 
skipping: [mash.met.surf]

TASK [galaxy/promtail : Fail if required Promtail settings not defined] ********
skipping: [mash.met.surf] => (item={'name': 'promtail_container_labels_api_hostname', 'when': False}) 
skipping: [mash.met.surf] => (item={'name': 'promtail_container_labels_api_traefik_middleware_basic_auth_users', 'when': False}) 
skipping: [mash.met.surf] => (item={'name': 'promtail_container_labels_metrics_hostname', 'when': False}) 
skipping: [mash.met.surf] => (item={'name': 'promtail_container_labels_metrics_traefik_middleware_basic_auth_users', 'when': False}) 
skipping: [mash.met.surf]

TASK [galaxy/promtail : Fail if no Promtail clients are defined] ***************
skipping: [mash.met.surf]

TASK [galaxy/promtail : Install Promtail] **************************************
skipping: [mash.met.surf-infisical-deps]
skipping: [mash.met.surf-authentik-deps]
included: /home/user/work/mash-playbook/roles/galaxy/promtail/tasks/install.yml for mash.met.surf

TASK [galaxy/promtail : Ensure Promtail paths exist] ***************************
ok: [mash.met.surf] => (item=/mash/promtail)
ok: [mash.met.surf] => (item=/mash/promtail/config)
ok: [mash.met.surf] => (item=/mash/promtail/data)

TASK [galaxy/promtail : Ensure Promtail configuration file installed] **********
ok: [mash.met.surf]

TASK [galaxy/promtail : Ensure Promtail support file installed] ****************
ok: [mash.met.surf] => (item=labels)

TASK [galaxy/promtail : Ensure Promtail container image is pulled via community.docker.docker_image] ***
ok: [mash.met.surf]

TASK [galaxy/promtail : Ensure Promtail container image is pulled via ansible.builtin.command] ***
skipping: [mash.met.surf]

TASK [galaxy/promtail : Ensure Promtail container network is created via community.docker.docker_network] ***
ok: [mash.met.surf]

TASK [galaxy/promtail : Ensure Promtail container network is created via ansible.builtin.command] ***
skipping: [mash.met.surf]

TASK [galaxy/promtail : Ensure Promtail systemd service is present] ************
ok: [mash.met.surf]

TASK [galaxy/promtail : Uninstall Promtail] ************************************
skipping: [mash.met.surf]
included: /home/user/work/mash-playbook/roles/galaxy/promtail/tasks/uninstall.yml for mash.met.surf-infisical-deps, mash.met.surf-authentik-deps

TASK [galaxy/promtail : Check existence of Promtail systemd service] ***********
ok: [mash.met.surf-infisical-deps]
ok: [mash.met.surf-authentik-deps]

TASK [galaxy/promtail : Ensure Promtail systemd service is stopped] ************
skipping: [mash.met.surf-infisical-deps]
skipping: [mash.met.surf-authentik-deps]

TASK [galaxy/promtail : Ensure Promtail systemd service does not exist] ********
skipping: [mash.met.surf-infisical-deps]
skipping: [mash.met.surf-authentik-deps]

TASK [galaxy/promtail : Ensure Promtail container network does not exist via community.docker.docker_network] ***
skipping: [mash.met.surf-infisical-deps]
skipping: [mash.met.surf-authentik-deps]

TASK [galaxy/promtail : Ensure Promtail container network does not exist via ansible.builtin.command] ***
skipping: [mash.met.surf-infisical-deps]
skipping: [mash.met.surf-authentik-deps]

TASK [galaxy/promtail : Ensure Promtail path does not exist] *******************
skipping: [mash.met.surf-infisical-deps]
skipping: [mash.met.surf-authentik-deps]

TASK [galaxy/qbittorrent : Validate qBittorrent configuration] *****************
skipping: [mash.met.surf]
skipping: [mash.met.surf-infisical-deps]
skipping: [mash.met.surf-authentik-deps]

TASK [galaxy/qbittorrent : Install qBittorrent] ********************************
skipping: [mash.met.surf]
skipping: [mash.met.surf-infisical-deps]
skipping: [mash.met.surf-authentik-deps]

TASK [galaxy/qbittorrent : Uninstall qBittorrent] ******************************
included: /home/user/work/mash-playbook/roles/galaxy/qbittorrent/tasks/uninstall.yml for mash.met.surf, mash.met.surf-infisical-deps, mash.met.surf-authentik-deps

TASK [galaxy/qbittorrent : Check existence of qBittorrent systemd service] *****
ok: [mash.met.surf-infisical-deps]
ok: [mash.met.surf]
ok: [mash.met.surf-authentik-deps]

TASK [galaxy/qbittorrent : Ensure qBittorrent systemd service is stopped] ******
skipping: [mash.met.surf]
skipping: [mash.met.surf-infisical-deps]
skipping: [mash.met.surf-authentik-deps]

TASK [galaxy/qbittorrent : Ensure qBittorrent systemd service does not exist] ***
skipping: [mash.met.surf]
skipping: [mash.met.surf-infisical-deps]
skipping: [mash.met.surf-authentik-deps]

TASK [galaxy/qbittorrent : Ensure qBittorrent container network does not exist via community.docker.docker_network] ***
skipping: [mash.met.surf]
skipping: [mash.met.surf-infisical-deps]
skipping: [mash.met.surf-authentik-deps]

TASK [galaxy/qbittorrent : Ensure qBittorrent container network does not exist via ansible.builtin.command] ***
skipping: [mash.met.surf]
skipping: [mash.met.surf-infisical-deps]
skipping: [mash.met.surf-authentik-deps]

TASK [galaxy/qbittorrent : Ensure qBittorrent path does not exist] *************
skipping: [mash.met.surf]
skipping: [mash.met.surf-infisical-deps]
skipping: [mash.met.surf-authentik-deps]

TASK [galaxy/radarr : Run Radarr validation tasks] *****************************
skipping: [mash.met.surf]
skipping: [mash.met.surf-infisical-deps]
skipping: [mash.met.surf-authentik-deps]

TASK [galaxy/radarr : Run Radarr installation tasks] ***************************
skipping: [mash.met.surf]
skipping: [mash.met.surf-infisical-deps]
skipping: [mash.met.surf-authentik-deps]

TASK [galaxy/radarr : Run Radarr uninstallation tasks] *************************
included: /home/user/work/mash-playbook/roles/galaxy/radarr/tasks/uninstall.yml for mash.met.surf, mash.met.surf-infisical-deps, mash.met.surf-authentik-deps

TASK [galaxy/radarr : Check existence of Radarr systemd service] ***************
ok: [mash.met.surf-infisical-deps]
ok: [mash.met.surf-authentik-deps]
ok: [mash.met.surf]

TASK [galaxy/radarr : Ensure Radarr systemd service is stopped] ****************
skipping: [mash.met.surf]
skipping: [mash.met.surf-infisical-deps]
skipping: [mash.met.surf-authentik-deps]

TASK [galaxy/radarr : Ensure Radarr systemd service does not exist] ************
skipping: [mash.met.surf]
skipping: [mash.met.surf-infisical-deps]
skipping: [mash.met.surf-authentik-deps]

TASK [galaxy/radarr : Ensure Radarr path doesn't exist] ************************
skipping: [mash.met.surf]
skipping: [mash.met.surf-infisical-deps]
skipping: [mash.met.surf-authentik-deps]

TASK [galaxy/radicale : Validate Radicale configuration] ***********************
skipping: [mash.met.surf]
skipping: [mash.met.surf-infisical-deps]
skipping: [mash.met.surf-authentik-deps]

TASK [galaxy/radicale : Install Radicale] **************************************
skipping: [mash.met.surf]
skipping: [mash.met.surf-infisical-deps]
skipping: [mash.met.surf-authentik-deps]

TASK [galaxy/radicale : Uninstall Radicale] ************************************
included: /home/user/work/mash-playbook/roles/galaxy/radicale/tasks/uninstall.yml for mash.met.surf, mash.met.surf-infisical-deps, mash.met.surf-authentik-deps

TASK [galaxy/radicale : Check existence of Radicale systemd service] ***********
ok: [mash.met.surf]
ok: [mash.met.surf-infisical-deps]
ok: [mash.met.surf-authentik-deps]

TASK [galaxy/radicale : Ensure Radicale systemd service is stopped] ************
skipping: [mash.met.surf]
skipping: [mash.met.surf-infisical-deps]
skipping: [mash.met.surf-authentik-deps]

TASK [galaxy/radicale : Ensure Radicale systemd service does not exist] ********
skipping: [mash.met.surf]
skipping: [mash.met.surf-infisical-deps]
skipping: [mash.met.surf-authentik-deps]

TASK [galaxy/radicale : Ensure Radicale container network does not exist via community.docker.docker_network] ***
skipping: [mash.met.surf]
skipping: [mash.met.surf-infisical-deps]
skipping: [mash.met.surf-authentik-deps]

TASK [galaxy/radicale : Ensure Radicale container network does not exist via ansible.builtin.command] ***
skipping: [mash.met.surf]
skipping: [mash.met.surf-infisical-deps]
skipping: [mash.met.surf-authentik-deps]

TASK [galaxy/radicale : Ensure Radicale path does not exist] *******************
skipping: [mash.met.surf]
skipping: [mash.met.surf-infisical-deps]
skipping: [mash.met.surf-authentik-deps]

TASK [galaxy/reactflux : Validate ReactFlux configuration] *********************
skipping: [mash.met.surf]
skipping: [mash.met.surf-infisical-deps]
skipping: [mash.met.surf-authentik-deps]

TASK [galaxy/reactflux : Install ReactFlux] ************************************
skipping: [mash.met.surf]
skipping: [mash.met.surf-infisical-deps]
skipping: [mash.met.surf-authentik-deps]

TASK [galaxy/reactflux : Uninstall ReactFlux] **********************************
included: /home/user/work/mash-playbook/roles/galaxy/reactflux/tasks/uninstall.yml for mash.met.surf, mash.met.surf-infisical-deps, mash.met.surf-authentik-deps

TASK [galaxy/reactflux : Check existence of ReactFlux systemd service] *********
ok: [mash.met.surf-infisical-deps]
ok: [mash.met.surf]
ok: [mash.met.surf-authentik-deps]

TASK [galaxy/reactflux : Ensure ReactFlux systemd service is stopped] **********
skipping: [mash.met.surf]
skipping: [mash.met.surf-infisical-deps]
skipping: [mash.met.surf-authentik-deps]

TASK [galaxy/reactflux : Ensure ReactFlux systemd service does not exist] ******
skipping: [mash.met.surf]
skipping: [mash.met.surf-infisical-deps]
skipping: [mash.met.surf-authentik-deps]

TASK [galaxy/reactflux : Ensure ReactFlux container network does not exist via community.docker.docker_network] ***
skipping: [mash.met.surf]
skipping: [mash.met.surf-infisical-deps]
skipping: [mash.met.surf-authentik-deps]

TASK [galaxy/reactflux : Ensure ReactFlux container network does not exist via ansible.builtin.command] ***
skipping: [mash.met.surf]
skipping: [mash.met.surf-infisical-deps]
skipping: [mash.met.surf-authentik-deps]

TASK [galaxy/reactflux : Ensure ReactFlux path does not exist] *****************
skipping: [mash.met.surf]
skipping: [mash.met.surf-infisical-deps]
skipping: [mash.met.surf-authentik-deps]

TASK [galaxy/readeck : Validate Readeck configuration] *************************
skipping: [mash.met.surf]
skipping: [mash.met.surf-infisical-deps]
skipping: [mash.met.surf-authentik-deps]

TASK [galaxy/readeck : Install Readeck] ****************************************
skipping: [mash.met.surf]
skipping: [mash.met.surf-infisical-deps]
skipping: [mash.met.surf-authentik-deps]

TASK [galaxy/readeck : Uninstall Readeck] **************************************
included: /home/user/work/mash-playbook/roles/galaxy/readeck/tasks/uninstall.yml for mash.met.surf, mash.met.surf-infisical-deps, mash.met.surf-authentik-deps

TASK [galaxy/readeck : Check existence of Readeck systemd service] *************
ok: [mash.met.surf-authentik-deps]
ok: [mash.met.surf]
ok: [mash.met.surf-infisical-deps]

TASK [galaxy/readeck : Ensure Readeck systemd service is stopped] **************
skipping: [mash.met.surf]
skipping: [mash.met.surf-infisical-deps]
skipping: [mash.met.surf-authentik-deps]

TASK [galaxy/readeck : Ensure Readeck systemd service does not exist] **********
skipping: [mash.met.surf]
skipping: [mash.met.surf-infisical-deps]
skipping: [mash.met.surf-authentik-deps]

TASK [galaxy/readeck : Ensure Readeck support files do not exist] **************
skipping: [mash.met.surf] => (item=env) 
skipping: [mash.met.surf] => (item=labels) 
skipping: [mash.met.surf]
skipping: [mash.met.surf-infisical-deps] => (item=env) 
skipping: [mash.met.surf-infisical-deps] => (item=labels) 
skipping: [mash.met.surf-infisical-deps]
skipping: [mash.met.surf-authentik-deps] => (item=env) 
skipping: [mash.met.surf-authentik-deps] => (item=labels) 
skipping: [mash.met.surf-authentik-deps]

TASK [galaxy/readeck : Ensure Readeck local data path does not exist if empty] ***
skipping: [mash.met.surf]
skipping: [mash.met.surf-infisical-deps]
skipping: [mash.met.surf-authentik-deps]

TASK [galaxy/readeck : Ensure Readeck base path does not exist if empty] *******
skipping: [mash.met.surf]
skipping: [mash.met.surf-infisical-deps]
skipping: [mash.met.surf-authentik-deps]

TASK [galaxy/readeck : Ensure Readeck container network does not exist via community.docker.docker_network] ***
skipping: [mash.met.surf]
skipping: [mash.met.surf-infisical-deps]
skipping: [mash.met.surf-authentik-deps]

TASK [galaxy/readeck : Ensure Readeck container network does not exist via ansible.builtin.command] ***
skipping: [mash.met.surf]
skipping: [mash.met.surf-infisical-deps]
skipping: [mash.met.surf-authentik-deps]

TASK [galaxy/readeck : Check existence of Readeck local data path] *************
ok: [mash.met.surf]
ok: [mash.met.surf-infisical-deps]
ok: [mash.met.surf-authentik-deps]

TASK [galaxy/readeck : Notify if Readeck local data remains] *******************
skipping: [mash.met.surf]
skipping: [mash.met.surf-infisical-deps]
skipping: [mash.met.surf-authentik-deps]

TASK [galaxy/redis : Validate Redis configuration] *****************************
skipping: [mash.met.surf]
skipping: [mash.met.surf-infisical-deps]
skipping: [mash.met.surf-authentik-deps]

TASK [galaxy/redis : Install Redis] ********************************************
skipping: [mash.met.surf]
skipping: [mash.met.surf-infisical-deps]
skipping: [mash.met.surf-authentik-deps]

TASK [galaxy/redis : Uninstall Redis] ******************************************
included: /home/user/work/mash-playbook/roles/galaxy/redis/tasks/uninstall.yml for mash.met.surf, mash.met.surf-infisical-deps, mash.met.surf-authentik-deps

TASK [galaxy/redis : Check existence of Redis service] *************************
ok: [mash.met.surf-infisical-deps]
ok: [mash.met.surf]
ok: [mash.met.surf-authentik-deps]

TASK [galaxy/redis : Ensure Redis systemd service is stopped] ******************
skipping: [mash.met.surf]
skipping: [mash.met.surf-infisical-deps]
skipping: [mash.met.surf-authentik-deps]

TASK [galaxy/redis : Ensure Redis systemd service does not exist] **************
skipping: [mash.met.surf]
skipping: [mash.met.surf-infisical-deps]
skipping: [mash.met.surf-authentik-deps]

TASK [galaxy/redis : Ensure Redis support file does not exist] *****************
skipping: [mash.met.surf] => (item=redis.conf) 
skipping: [mash.met.surf]
skipping: [mash.met.surf-infisical-deps] => (item=redis.conf) 
skipping: [mash.met.surf-infisical-deps]
skipping: [mash.met.surf-authentik-deps] => (item=redis.conf) 
skipping: [mash.met.surf-authentik-deps]

TASK [galaxy/redis : Ensure Redis local data path does not exist if empty] *****
skipping: [mash.met.surf]
skipping: [mash.met.surf-infisical-deps]
skipping: [mash.met.surf-authentik-deps]

TASK [galaxy/redis : Ensure Redis base path does not exist if empty] ***********
skipping: [mash.met.surf]
skipping: [mash.met.surf-infisical-deps]
skipping: [mash.met.surf-authentik-deps]

TASK [galaxy/redis : Ensure Redis container network does not exist via community.docker.docker_network] ***
skipping: [mash.met.surf]
skipping: [mash.met.surf-infisical-deps]
skipping: [mash.met.surf-authentik-deps]

TASK [galaxy/redis : Ensure Redis container network does not exist via ansible.builtin.command] ***
skipping: [mash.met.surf]
skipping: [mash.met.surf-infisical-deps]
skipping: [mash.met.surf-authentik-deps]

TASK [galaxy/redis : Check existence of Redis local data path] *****************
ok: [mash.met.surf]
ok: [mash.met.surf-infisical-deps]
ok: [mash.met.surf-authentik-deps]

TASK [galaxy/redis : Notify if Redis local data remains] ***********************
skipping: [mash.met.surf]
skipping: [mash.met.surf-infisical-deps]
skipping: [mash.met.surf-authentik-deps]

TASK [galaxy/redlib : Validate Redlib configuration] ***************************
skipping: [mash.met.surf]
skipping: [mash.met.surf-infisical-deps]
skipping: [mash.met.surf-authentik-deps]

TASK [galaxy/redlib : Install Redlib] ******************************************
skipping: [mash.met.surf]
skipping: [mash.met.surf-infisical-deps]
skipping: [mash.met.surf-authentik-deps]

TASK [galaxy/redlib : Uninstall Redlib] ****************************************
included: /home/user/work/mash-playbook/roles/galaxy/redlib/tasks/uninstall.yml for mash.met.surf, mash.met.surf-infisical-deps, mash.met.surf-authentik-deps

TASK [galaxy/redlib : Check existence of Redlib systemd service] ***************
ok: [mash.met.surf-infisical-deps]
ok: [mash.met.surf]
ok: [mash.met.surf-authentik-deps]

TASK [galaxy/redlib : Ensure Redlib systemd service is stopped] ****************
skipping: [mash.met.surf]
skipping: [mash.met.surf-infisical-deps]
skipping: [mash.met.surf-authentik-deps]

TASK [galaxy/redlib : Ensure Redlib systemd service does not exist] ************
skipping: [mash.met.surf]
skipping: [mash.met.surf-infisical-deps]
skipping: [mash.met.surf-authentik-deps]

TASK [galaxy/redlib : Ensure Redlib container network does not exist via community.docker.docker_network] ***
skipping: [mash.met.surf]
skipping: [mash.met.surf-infisical-deps]
skipping: [mash.met.surf-authentik-deps]

TASK [galaxy/redlib : Ensure Redlib container network does not exist via ansible.builtin.command] ***
skipping: [mash.met.surf]
skipping: [mash.met.surf-infisical-deps]
skipping: [mash.met.surf-authentik-deps]

TASK [galaxy/redlib : Ensure Redlib path does not exist] ***********************
skipping: [mash.met.surf]
skipping: [mash.met.surf-infisical-deps]
skipping: [mash.met.surf-authentik-deps]

TASK [galaxy/redmine : Validate Redmine configuration] *************************
skipping: [mash.met.surf]
skipping: [mash.met.surf-infisical-deps]
skipping: [mash.met.surf-authentik-deps]

TASK [galaxy/redmine : Install Redmine] ****************************************
skipping: [mash.met.surf]
skipping: [mash.met.surf-infisical-deps]
skipping: [mash.met.surf-authentik-deps]

TASK [galaxy/redmine : Uninstall Redmine] **************************************
included: /home/user/work/mash-playbook/roles/galaxy/redmine/tasks/uninstall.yml for mash.met.surf, mash.met.surf-infisical-deps, mash.met.surf-authentik-deps

TASK [galaxy/redmine : Check existence of Redmine systemd service] *************
ok: [mash.met.surf-infisical-deps]
ok: [mash.met.surf-authentik-deps]
ok: [mash.met.surf]

TASK [galaxy/redmine : Ensure Redmine systemd units are stopped] ***************
skipping: [mash.met.surf] => (item=mash-redmine.service) 
skipping: [mash.met.surf] => (item=mash-redmine-send-reminders.service) 
skipping: [mash.met.surf] => (item=mash-redmine-send-reminders.timer) 
skipping: [mash.met.surf]
skipping: [mash.met.surf-infisical-deps] => (item=mash-infisical-redmine.service) 
skipping: [mash.met.surf-infisical-deps] => (item=mash-infisical-redmine-send-reminders.service) 
skipping: [mash.met.surf-infisical-deps] => (item=mash-infisical-redmine-send-reminders.timer) 
skipping: [mash.met.surf-infisical-deps]
skipping: [mash.met.surf-authentik-deps] => (item=mash-authentik-redmine.service) 
skipping: [mash.met.surf-authentik-deps] => (item=mash-authentik-redmine-send-reminders.service) 
skipping: [mash.met.surf-authentik-deps] => (item=mash-authentik-redmine-send-reminders.timer) 
skipping: [mash.met.surf-authentik-deps]

TASK [galaxy/redmine : Ensure Redmine recurring tasks systemd units are stopped] ***
skipping: [mash.met.surf] => (item=mash-redmine-recurring-tasks.service) 
skipping: [mash.met.surf] => (item=mash-redmine-recurring-tasks.timer) 
skipping: [mash.met.surf]
skipping: [mash.met.surf-infisical-deps] => (item=mash-infisical-redmine-recurring-tasks.service) 
skipping: [mash.met.surf-infisical-deps] => (item=mash-infisical-redmine-recurring-tasks.timer) 
skipping: [mash.met.surf-infisical-deps]
skipping: [mash.met.surf-authentik-deps] => (item=mash-authentik-redmine-recurring-tasks.service) 
skipping: [mash.met.surf-authentik-deps] => (item=mash-authentik-redmine-recurring-tasks.timer) 
skipping: [mash.met.surf-authentik-deps]

TASK [galaxy/redmine : Ensure Redmine systemd units do not exist] **************
skipping: [mash.met.surf] => (item=mash-redmine.service) 
skipping: [mash.met.surf] => (item=mash-redmine-send-reminders.service) 
skipping: [mash.met.surf] => (item=mash-redmine-send-reminders.timer) 
skipping: [mash.met.surf] => (item=mash-redmine-recurring-tasks.service) 
skipping: [mash.met.surf] => (item=mash-redmine-recurring-tasks.timer) 
skipping: [mash.met.surf]
skipping: [mash.met.surf-infisical-deps] => (item=mash-infisical-redmine.service) 
skipping: [mash.met.surf-infisical-deps] => (item=mash-infisical-redmine-send-reminders.service) 
skipping: [mash.met.surf-infisical-deps] => (item=mash-infisical-redmine-send-reminders.timer) 
skipping: [mash.met.surf-infisical-deps] => (item=mash-infisical-redmine-recurring-tasks.service) 
skipping: [mash.met.surf-infisical-deps] => (item=mash-infisical-redmine-recurring-tasks.timer) 
skipping: [mash.met.surf-infisical-deps]
skipping: [mash.met.surf-authentik-deps] => (item=mash-authentik-redmine.service) 
skipping: [mash.met.surf-authentik-deps] => (item=mash-authentik-redmine-send-reminders.service) 
skipping: [mash.met.surf-authentik-deps] => (item=mash-authentik-redmine-send-reminders.timer) 
skipping: [mash.met.surf-authentik-deps] => (item=mash-authentik-redmine-recurring-tasks.service) 
skipping: [mash.met.surf-authentik-deps] => (item=mash-authentik-redmine-recurring-tasks.timer) 
skipping: [mash.met.surf-authentik-deps]

TASK [galaxy/redmine : Ensure Redmine container network does not exist via community.docker.docker_network] ***
skipping: [mash.met.surf]
skipping: [mash.met.surf-infisical-deps]
skipping: [mash.met.surf-authentik-deps]

TASK [galaxy/redmine : Ensure Redmine container network does not exist via ansible.builtin.command] ***
skipping: [mash.met.surf]
skipping: [mash.met.surf-infisical-deps]
skipping: [mash.met.surf-authentik-deps]

TASK [galaxy/redmine : Ensure Redmine path does not exist] *********************
skipping: [mash.met.surf]
skipping: [mash.met.surf-infisical-deps]
skipping: [mash.met.surf-authentik-deps]

TASK [galaxy/roundcube : Validate Roundcube configuration] *********************
skipping: [mash.met.surf]
skipping: [mash.met.surf-infisical-deps]
skipping: [mash.met.surf-authentik-deps]

TASK [galaxy/roundcube : Install Roundcube] ************************************
skipping: [mash.met.surf]
skipping: [mash.met.surf-infisical-deps]
skipping: [mash.met.surf-authentik-deps]

TASK [galaxy/roundcube : Uninstall Roundcube] **********************************
included: /home/user/work/mash-playbook/roles/galaxy/roundcube/tasks/uninstall.yml for mash.met.surf, mash.met.surf-infisical-deps, mash.met.surf-authentik-deps

TASK [galaxy/roundcube : Check existence of Roundcube systemd service] *********
ok: [mash.met.surf-infisical-deps]
ok: [mash.met.surf]
ok: [mash.met.surf-authentik-deps]

TASK [galaxy/roundcube : Ensure Roundcube systemd service is stopped] **********
skipping: [mash.met.surf]
skipping: [mash.met.surf-infisical-deps]
skipping: [mash.met.surf-authentik-deps]

TASK [galaxy/roundcube : Ensure Roundcube systemd service does not exist] ******
skipping: [mash.met.surf]
skipping: [mash.met.surf-infisical-deps]
skipping: [mash.met.surf-authentik-deps]

TASK [galaxy/roundcube : Ensure Roundcube container network does not exist via community.docker.docker_network] ***
skipping: [mash.met.surf]
skipping: [mash.met.surf-infisical-deps]
skipping: [mash.met.surf-authentik-deps]

TASK [galaxy/roundcube : Ensure Roundcube container network does not exist via ansible.builtin.command] ***
skipping: [mash.met.surf]
skipping: [mash.met.surf-infisical-deps]
skipping: [mash.met.surf-authentik-deps]

TASK [galaxy/roundcube : Ensure Roundcube path does not exist] *****************
skipping: [mash.met.surf]
skipping: [mash.met.surf-infisical-deps]
skipping: [mash.met.surf-authentik-deps]

TASK [galaxy/rssbridge : Validate RSS-Bridge configuration] ********************
skipping: [mash.met.surf]
skipping: [mash.met.surf-infisical-deps]
skipping: [mash.met.surf-authentik-deps]

TASK [galaxy/rssbridge : Install RSS-Bridge] ***********************************
skipping: [mash.met.surf]
skipping: [mash.met.surf-infisical-deps]
skipping: [mash.met.surf-authentik-deps]

TASK [galaxy/rssbridge : Uninstall RSS-Bridge] *********************************
included: /home/user/work/mash-playbook/roles/galaxy/rssbridge/tasks/uninstall.yml for mash.met.surf, mash.met.surf-infisical-deps, mash.met.surf-authentik-deps

TASK [galaxy/rssbridge : Check existence of RSS-Bridge systemd service] ********
ok: [mash.met.surf]
ok: [mash.met.surf-infisical-deps]
ok: [mash.met.surf-authentik-deps]

TASK [galaxy/rssbridge : Ensure RSS-Bridge systemd service is stopped] *********
skipping: [mash.met.surf]
skipping: [mash.met.surf-infisical-deps]
skipping: [mash.met.surf-authentik-deps]

TASK [galaxy/rssbridge : Ensure RSS-Bridge systemd service does not exist] *****
skipping: [mash.met.surf]
skipping: [mash.met.surf-infisical-deps]
skipping: [mash.met.surf-authentik-deps]

TASK [galaxy/rssbridge : Ensure RSS-Bridge support file does not exist] ********
skipping: [mash.met.surf] => (item=labels) 
skipping: [mash.met.surf]
skipping: [mash.met.surf-infisical-deps] => (item=labels) 
skipping: [mash.met.surf-infisical-deps]
skipping: [mash.met.surf-authentik-deps] => (item=labels) 
skipping: [mash.met.surf-authentik-deps]

TASK [galaxy/rssbridge : Ensure RSS-Bridge image source files path does not exist] ***
skipping: [mash.met.surf]
skipping: [mash.met.surf-infisical-deps]
skipping: [mash.met.surf-authentik-deps]

TASK [galaxy/rssbridge : Ensure RSS-Bridge local data path does not exist if empty] ***
skipping: [mash.met.surf]
skipping: [mash.met.surf-infisical-deps]
skipping: [mash.met.surf-authentik-deps]

TASK [galaxy/rssbridge : Ensure RSS-Bridge base path does not exist if empty] ***
skipping: [mash.met.surf]
skipping: [mash.met.surf-infisical-deps]
skipping: [mash.met.surf-authentik-deps]

TASK [galaxy/rssbridge : Ensure RSS-Bridge container network does not exist via community.docker.docker_network] ***
skipping: [mash.met.surf]
skipping: [mash.met.surf-infisical-deps]
skipping: [mash.met.surf-authentik-deps]

TASK [galaxy/rssbridge : Ensure RSS-Bridge container network does not exist via ansible.builtin.command] ***
skipping: [mash.met.surf]
skipping: [mash.met.surf-infisical-deps]
skipping: [mash.met.surf-authentik-deps]

TASK [galaxy/rssbridge : Check existence of RSS-Bridge local data path] ********
ok: [mash.met.surf]
ok: [mash.met.surf-infisical-deps]
ok: [mash.met.surf-authentik-deps]

TASK [galaxy/rssbridge : Notify if RSS-Bridge local data remains] **************
skipping: [mash.met.surf]
skipping: [mash.met.surf-infisical-deps]
skipping: [mash.met.surf-authentik-deps]

TASK [galaxy/rumqttd : Validate rumqttd configuration] *************************
skipping: [mash.met.surf]
skipping: [mash.met.surf-infisical-deps]
skipping: [mash.met.surf-authentik-deps]

TASK [galaxy/rumqttd : Install rumqttd] ****************************************
skipping: [mash.met.surf]
skipping: [mash.met.surf-infisical-deps]
skipping: [mash.met.surf-authentik-deps]

TASK [galaxy/rumqttd : Uninstall rumqttd] **************************************
included: /home/user/work/mash-playbook/roles/galaxy/rumqttd/tasks/uninstall.yml for mash.met.surf, mash.met.surf-infisical-deps, mash.met.surf-authentik-deps

TASK [galaxy/rumqttd : Check existence of rumqttd systemd service] *************
ok: [mash.met.surf]
ok: [mash.met.surf-authentik-deps]
ok: [mash.met.surf-infisical-deps]

TASK [galaxy/rumqttd : Ensure rumqttd systemd service is stopped] **************
skipping: [mash.met.surf]
skipping: [mash.met.surf-infisical-deps]
skipping: [mash.met.surf-authentik-deps]

TASK [galaxy/rumqttd : Ensure rumqttd systemd service does not exist] **********
skipping: [mash.met.surf]
skipping: [mash.met.surf-infisical-deps]
skipping: [mash.met.surf-authentik-deps]

TASK [galaxy/rumqttd : Ensure rumqttd container network does not exist via community.docker.docker_network] ***
skipping: [mash.met.surf]
skipping: [mash.met.surf-infisical-deps]
skipping: [mash.met.surf-authentik-deps]

TASK [galaxy/rumqttd : Ensure rumqttd container network does not exist via ansible.builtin.command] ***
skipping: [mash.met.surf]
skipping: [mash.met.surf-infisical-deps]
skipping: [mash.met.surf-authentik-deps]

TASK [galaxy/rumqttd : Ensure rumqttd path does not exist] *********************
skipping: [mash.met.surf]
skipping: [mash.met.surf-infisical-deps]
skipping: [mash.met.surf-authentik-deps]

TASK [galaxy/semaphore : Validate Semaphore UI configuration] ******************
skipping: [mash.met.surf]
skipping: [mash.met.surf-infisical-deps]
skipping: [mash.met.surf-authentik-deps]

TASK [galaxy/semaphore : Install Semaphore UI] *********************************
skipping: [mash.met.surf]
skipping: [mash.met.surf-infisical-deps]
skipping: [mash.met.surf-authentik-deps]

TASK [galaxy/semaphore : Uninstall Semaphore UI] *******************************
included: /home/user/work/mash-playbook/roles/galaxy/semaphore/tasks/uninstall.yml for mash.met.surf, mash.met.surf-infisical-deps, mash.met.surf-authentik-deps

TASK [galaxy/semaphore : Check existence of Semaphore UI systemd service] ******
ok: [mash.met.surf-infisical-deps]
ok: [mash.met.surf]
ok: [mash.met.surf-authentik-deps]

TASK [galaxy/semaphore : Ensure Semaphore UI systemd service is stopped] *******
skipping: [mash.met.surf]
skipping: [mash.met.surf-infisical-deps]
skipping: [mash.met.surf-authentik-deps]

TASK [galaxy/semaphore : Ensure Semaphore UI systemd service does not exist] ***
skipping: [mash.met.surf]
skipping: [mash.met.surf-infisical-deps]
skipping: [mash.met.surf-authentik-deps]

TASK [galaxy/semaphore : Ensure Semaphore UI support files do not exist] *******
skipping: [mash.met.surf] => (item=env) 
skipping: [mash.met.surf] => (item=labels) 
skipping: [mash.met.surf] => (item=passwd) 
skipping: [mash.met.surf]
skipping: [mash.met.surf-infisical-deps] => (item=env) 
skipping: [mash.met.surf-infisical-deps] => (item=labels) 
skipping: [mash.met.surf-infisical-deps] => (item=passwd) 
skipping: [mash.met.surf-infisical-deps]
skipping: [mash.met.surf-authentik-deps] => (item=env) 
skipping: [mash.met.surf-authentik-deps] => (item=labels) 
skipping: [mash.met.surf-authentik-deps] => (item=passwd) 
skipping: [mash.met.surf-authentik-deps]

TASK [galaxy/semaphore : Ensure Semaphore UI image source files path does not exist] ***
skipping: [mash.met.surf]
skipping: [mash.met.surf-infisical-deps]
skipping: [mash.met.surf-authentik-deps]

TASK [galaxy/semaphore : Ensure Semaphore UI tmp path does not exist] **********
skipping: [mash.met.surf]
skipping: [mash.met.surf-infisical-deps]
skipping: [mash.met.surf-authentik-deps]

TASK [galaxy/semaphore : Ensure Semaphore UI local config path does not exist if empty] ***
skipping: [mash.met.surf]
skipping: [mash.met.surf-infisical-deps]
skipping: [mash.met.surf-authentik-deps]

TASK [galaxy/semaphore : Ensure Semaphore UI local data path does not exist if empty] ***
skipping: [mash.met.surf]
skipping: [mash.met.surf-infisical-deps]
skipping: [mash.met.surf-authentik-deps]

TASK [galaxy/semaphore : Ensure Semaphore UI base path does not exist if empty] ***
skipping: [mash.met.surf]
skipping: [mash.met.surf-infisical-deps]
skipping: [mash.met.surf-authentik-deps]

TASK [galaxy/semaphore : Ensure Semaphore UI container network does not exist via community.docker.docker_network] ***
skipping: [mash.met.surf]
skipping: [mash.met.surf-infisical-deps]
skipping: [mash.met.surf-authentik-deps]

TASK [galaxy/semaphore : Ensure Semaphore UI container network does not exist via ansible.builtin.command] ***
skipping: [mash.met.surf]
skipping: [mash.met.surf-infisical-deps]
skipping: [mash.met.surf-authentik-deps]

TASK [galaxy/semaphore : Check existence of Semaphore UI local data path] ******
ok: [mash.met.surf-infisical-deps]
ok: [mash.met.surf-authentik-deps]
ok: [mash.met.surf]

TASK [galaxy/semaphore : Notify if Semaphore UI local data remains] ************
skipping: [mash.met.surf]
skipping: [mash.met.surf-infisical-deps]
skipping: [mash.met.surf-authentik-deps]

TASK [galaxy/semaphore : Check existence of Semaphore UI config path] **********
ok: [mash.met.surf-infisical-deps]
ok: [mash.met.surf-authentik-deps]
ok: [mash.met.surf]

TASK [galaxy/semaphore : Notify if Semaphore UI config remains] ****************
skipping: [mash.met.surf]
skipping: [mash.met.surf-infisical-deps]
skipping: [mash.met.surf-authentik-deps]

TASK [galaxy/send : Validate Send configuration] *******************************
skipping: [mash.met.surf]
skipping: [mash.met.surf-infisical-deps]
skipping: [mash.met.surf-authentik-deps]

TASK [galaxy/send : Install Send] **********************************************
skipping: [mash.met.surf]
skipping: [mash.met.surf-infisical-deps]
skipping: [mash.met.surf-authentik-deps]

TASK [galaxy/send : Uninstall Send] ********************************************
included: /home/user/work/mash-playbook/roles/galaxy/send/tasks/uninstall.yml for mash.met.surf, mash.met.surf-infisical-deps, mash.met.surf-authentik-deps

TASK [galaxy/send : Check existence of Send systemd service] *******************
ok: [mash.met.surf]
ok: [mash.met.surf-infisical-deps]
ok: [mash.met.surf-authentik-deps]

TASK [galaxy/send : Ensure Send systemd service is stopped] ********************
skipping: [mash.met.surf]
skipping: [mash.met.surf-infisical-deps]
skipping: [mash.met.surf-authentik-deps]

TASK [galaxy/send : Ensure Send systemd service does not exist] ****************
skipping: [mash.met.surf]
skipping: [mash.met.surf-infisical-deps]
skipping: [mash.met.surf-authentik-deps]

TASK [galaxy/send : Ensure Send support files do not exist] ********************
skipping: [mash.met.surf] => (item=env) 
skipping: [mash.met.surf] => (item=labels) 
skipping: [mash.met.surf]
skipping: [mash.met.surf-infisical-deps] => (item=env) 
skipping: [mash.met.surf-infisical-deps] => (item=labels) 
skipping: [mash.met.surf-infisical-deps]
skipping: [mash.met.surf-authentik-deps] => (item=env) 
skipping: [mash.met.surf-authentik-deps] => (item=labels) 
skipping: [mash.met.surf-authentik-deps]

TASK [galaxy/send : Ensure Send image source files path does not exist] ********
skipping: [mash.met.surf]
skipping: [mash.met.surf-infisical-deps]
skipping: [mash.met.surf-authentik-deps]

TASK [galaxy/send : Ensure Send container network does not exist via community.docker.docker_network] ***
skipping: [mash.met.surf]
skipping: [mash.met.surf-infisical-deps]
skipping: [mash.met.surf-authentik-deps]

TASK [galaxy/send : Ensure Send container network does not exist via ansible.builtin.command] ***
skipping: [mash.met.surf]
skipping: [mash.met.surf-infisical-deps]
skipping: [mash.met.surf-authentik-deps]

TASK [galaxy/send : Check existence of Send local data path] *******************
ok: [mash.met.surf-authentik-deps]
ok: [mash.met.surf]
ok: [mash.met.surf-infisical-deps]

TASK [galaxy/send : Notify if Send local data remains] *************************
skipping: [mash.met.surf]
skipping: [mash.met.surf-infisical-deps]
skipping: [mash.met.surf-authentik-deps]

TASK [galaxy/sftpgo : Validate SFTPGo configuration] ***************************
skipping: [mash.met.surf]
skipping: [mash.met.surf-infisical-deps]
skipping: [mash.met.surf-authentik-deps]

TASK [galaxy/sftpgo : Install SFTPGo] ******************************************
skipping: [mash.met.surf]
skipping: [mash.met.surf-infisical-deps]
skipping: [mash.met.surf-authentik-deps]

TASK [galaxy/sftpgo : Uninstall SFTPGo] ****************************************
included: /home/user/work/mash-playbook/roles/galaxy/sftpgo/tasks/uninstall.yml for mash.met.surf, mash.met.surf-infisical-deps, mash.met.surf-authentik-deps

TASK [galaxy/sftpgo : Check existence of SFTPGo systemd service] ***************
ok: [mash.met.surf]
ok: [mash.met.surf-authentik-deps]
ok: [mash.met.surf-infisical-deps]

TASK [galaxy/sftpgo : Ensure SFTPGo systemd service is stopped] ****************
skipping: [mash.met.surf]
skipping: [mash.met.surf-infisical-deps]
skipping: [mash.met.surf-authentik-deps]

TASK [galaxy/sftpgo : Ensure SFTPGo systemd service does not exist] ************
skipping: [mash.met.surf]
skipping: [mash.met.surf-infisical-deps]
skipping: [mash.met.surf-authentik-deps]

TASK [galaxy/sftpgo : Ensure SFTPGo support files do not exist] ****************
skipping: [mash.met.surf] => (item=env) 
skipping: [mash.met.surf] => (item=labels) 
skipping: [mash.met.surf]
skipping: [mash.met.surf-infisical-deps] => (item=env) 
skipping: [mash.met.surf-infisical-deps] => (item=labels) 
skipping: [mash.met.surf-infisical-deps]
skipping: [mash.met.surf-authentik-deps] => (item=env) 
skipping: [mash.met.surf-authentik-deps] => (item=labels) 
skipping: [mash.met.surf-authentik-deps]

TASK [galaxy/sftpgo : Ensure SFTPGo image source files path does not exist] ****
skipping: [mash.met.surf]
skipping: [mash.met.surf-infisical-deps]
skipping: [mash.met.surf-authentik-deps]

TASK [galaxy/sftpgo : Ensure SFTPGo container network does not exist via community.docker.docker_network] ***
skipping: [mash.met.surf]
skipping: [mash.met.surf-infisical-deps]
skipping: [mash.met.surf-authentik-deps]

TASK [galaxy/sftpgo : Ensure SFTPGo container network does not exist via ansible.builtin.command] ***
skipping: [mash.met.surf]
skipping: [mash.met.surf-infisical-deps]
skipping: [mash.met.surf-authentik-deps]

TASK [galaxy/sftpgo : Check existence of SFTPGo local data path] ***************
ok: [mash.met.surf]
ok: [mash.met.surf-infisical-deps]
ok: [mash.met.surf-authentik-deps]

TASK [galaxy/sftpgo : Notify if SFTPGo local data remains] *********************
skipping: [mash.met.surf]
skipping: [mash.met.surf-infisical-deps]
skipping: [mash.met.surf-authentik-deps]

TASK [galaxy/sftpgo : Check existence of SFTPGo home path] *********************
ok: [mash.met.surf-infisical-deps]
ok: [mash.met.surf]
ok: [mash.met.surf-authentik-deps]

TASK [galaxy/sftpgo : Notify if SFTPGo home path remains] **********************
skipping: [mash.met.surf]
skipping: [mash.met.surf-infisical-deps]
skipping: [mash.met.surf-authentik-deps]

TASK [galaxy/soft_serve : Validate Soft Serve configuration] *******************
skipping: [mash.met.surf]
skipping: [mash.met.surf-infisical-deps]
skipping: [mash.met.surf-authentik-deps]

TASK [galaxy/soft_serve : Install Soft Serve] **********************************
skipping: [mash.met.surf]
skipping: [mash.met.surf-infisical-deps]
skipping: [mash.met.surf-authentik-deps]

TASK [galaxy/soft_serve : Uninstall Soft Serve] ********************************
included: /home/user/work/mash-playbook/roles/galaxy/soft_serve/tasks/uninstall.yml for mash.met.surf, mash.met.surf-infisical-deps, mash.met.surf-authentik-deps

TASK [galaxy/soft_serve : Check existence of Soft Serve service] ***************
ok: [mash.met.surf-infisical-deps]
ok: [mash.met.surf]
ok: [mash.met.surf-authentik-deps]

TASK [galaxy/soft_serve : Ensure Soft Serve systemd service is stopped] ********
skipping: [mash.met.surf]
skipping: [mash.met.surf-infisical-deps]
skipping: [mash.met.surf-authentik-deps]

TASK [galaxy/soft_serve : Ensure Soft Serve systemd service does not exist] ****
skipping: [mash.met.surf]
skipping: [mash.met.surf-infisical-deps]
skipping: [mash.met.surf-authentik-deps]

TASK [galaxy/soft_serve : Ensure Soft Serve container network does not exist via community.docker.docker_network] ***
skipping: [mash.met.surf]
skipping: [mash.met.surf-infisical-deps]
skipping: [mash.met.surf-authentik-deps]

TASK [galaxy/soft_serve : Ensure Soft Serve container network does not exist via ansible.builtin.command] ***
skipping: [mash.met.surf]
skipping: [mash.met.surf-infisical-deps]
skipping: [mash.met.surf-authentik-deps]

TASK [galaxy/soft_serve : Check existence of Soft Serve local data path] *******
ok: [mash.met.surf]
ok: [mash.met.surf-infisical-deps]
ok: [mash.met.surf-authentik-deps]

TASK [galaxy/soft_serve : Notify if Soft Serve local data remains] *************
skipping: [mash.met.surf]
skipping: [mash.met.surf-infisical-deps]
skipping: [mash.met.surf-authentik-deps]

TASK [galaxy/sonarr : Run Sonarr validation tasks] *****************************
skipping: [mash.met.surf]
skipping: [mash.met.surf-infisical-deps]
skipping: [mash.met.surf-authentik-deps]

TASK [galaxy/sonarr : Run Sonarr installation tasks] ***************************
skipping: [mash.met.surf]
skipping: [mash.met.surf-infisical-deps]
skipping: [mash.met.surf-authentik-deps]

TASK [galaxy/sonarr : Run Sonarr uninstallation tasks] *************************
included: /home/user/work/mash-playbook/roles/galaxy/sonarr/tasks/uninstall.yml for mash.met.surf, mash.met.surf-infisical-deps, mash.met.surf-authentik-deps

TASK [galaxy/sonarr : Check existence of Sonarr systemd service] ***************
ok: [mash.met.surf]
ok: [mash.met.surf-authentik-deps]
ok: [mash.met.surf-infisical-deps]

TASK [galaxy/sonarr : Ensure Sonarr systemd service is stopped] ****************
skipping: [mash.met.surf]
skipping: [mash.met.surf-infisical-deps]
skipping: [mash.met.surf-authentik-deps]

TASK [galaxy/sonarr : Ensure Sonarr systemd service does not exist] ************
skipping: [mash.met.surf]
skipping: [mash.met.surf-infisical-deps]
skipping: [mash.met.surf-authentik-deps]

TASK [galaxy/sonarr : Ensure Sonarr path doesn't exist] ************************
skipping: [mash.met.surf]
skipping: [mash.met.surf-infisical-deps]
skipping: [mash.met.surf-authentik-deps]

TASK [galaxy/stirling_pdf : ansible.builtin.include_tasks] *********************
skipping: [mash.met.surf]
skipping: [mash.met.surf-infisical-deps]
skipping: [mash.met.surf-authentik-deps]

TASK [galaxy/stirling_pdf : ansible.builtin.include_tasks] *********************
skipping: [mash.met.surf]
skipping: [mash.met.surf-infisical-deps]
skipping: [mash.met.surf-authentik-deps]

TASK [galaxy/stirling_pdf : ansible.builtin.include_tasks] *********************
included: /home/user/work/mash-playbook/roles/galaxy/stirling_pdf/tasks/uninstall.yml for mash.met.surf, mash.met.surf-infisical-deps, mash.met.surf-authentik-deps

TASK [galaxy/stirling_pdf : Check existence of stirling_pdf systemd service] ***
ok: [mash.met.surf]
ok: [mash.met.surf-infisical-deps]
ok: [mash.met.surf-authentik-deps]

TASK [galaxy/stirling_pdf : Ensure stirling_pdf service is stopped] ************
skipping: [mash.met.surf-infisical-deps]
skipping: [mash.met.surf-authentik-deps]
changed: [mash.met.surf]

TASK [galaxy/stirling_pdf : Ensure stirling_pdf service doesn't exist] *********
skipping: [mash.met.surf-infisical-deps]
skipping: [mash.met.surf-authentik-deps]
changed: [mash.met.surf]

TASK [galaxy/stirling_pdf : Ensure stirling_pdf base path is files deleted (make sure to delete node data)] ***
skipping: [mash.met.surf-infisical-deps]
skipping: [mash.met.surf-authentik-deps]
changed: [mash.met.surf]

TASK [galaxy/syncstorage_rs_docker : Validate syncstorage-rs-docker configuration] ***
skipping: [mash.met.surf]
skipping: [mash.met.surf-infisical-deps]
skipping: [mash.met.surf-authentik-deps]

TASK [galaxy/syncstorage_rs_docker : Install syncstorage-rs-docker] ************
skipping: [mash.met.surf]
skipping: [mash.met.surf-infisical-deps]
skipping: [mash.met.surf-authentik-deps]

TASK [galaxy/syncstorage_rs_docker : Uninstall syncstorage-rs-docker] **********
included: /home/user/work/mash-playbook/roles/galaxy/syncstorage_rs_docker/tasks/uninstall.yml for mash.met.surf, mash.met.surf-infisical-deps, mash.met.surf-authentik-deps

TASK [galaxy/syncstorage_rs_docker : Check existence of syncstorage-rs-docker systemd service] ***
ok: [mash.met.surf]
ok: [mash.met.surf-infisical-deps]
ok: [mash.met.surf-authentik-deps]

TASK [galaxy/syncstorage_rs_docker : Ensure syncstorage-rs-docker systemd service is stopped] ***
skipping: [mash.met.surf]
skipping: [mash.met.surf-infisical-deps]
skipping: [mash.met.surf-authentik-deps]

TASK [galaxy/syncstorage_rs_docker : Ensure syncstorage-rs-docker systemd service does not exist] ***
skipping: [mash.met.surf]
skipping: [mash.met.surf-infisical-deps]
skipping: [mash.met.surf-authentik-deps]

TASK [galaxy/syncstorage_rs_docker : Ensure syncstorage-rs-docker container network does not exist via community.docker.docker_network] ***
skipping: [mash.met.surf]
skipping: [mash.met.surf-infisical-deps]
skipping: [mash.met.surf-authentik-deps]

TASK [galaxy/syncstorage_rs_docker : Ensure syncstorage-rs-docker container network does not exist via ansible.builtin.command] ***
skipping: [mash.met.surf]
skipping: [mash.met.surf-infisical-deps]
skipping: [mash.met.surf-authentik-deps]

TASK [galaxy/syncstorage_rs_docker : Ensure syncstorage-rs-docker path does not exist] ***
skipping: [mash.met.surf]
skipping: [mash.met.surf-infisical-deps]
skipping: [mash.met.surf-authentik-deps]

TASK [galaxy/syncthing : Validate Syncthing configuration] *********************
skipping: [mash.met.surf-infisical-deps]
skipping: [mash.met.surf-authentik-deps]
included: /home/user/work/mash-playbook/roles/galaxy/syncthing/tasks/validate_config.yml for mash.met.surf

TASK [galaxy/syncthing : (Deprecation) Catch and report renamed settings] ******
skipping: [mash.met.surf] => (item={'old': 'syncthing_http_header_content_permission_policy', 'new': 'syncthing_http_header_permissions_policy'}) 
skipping: [mash.met.surf]

TASK [galaxy/syncthing : Fail if required Syncthing settings not defined] ******
skipping: [mash.met.surf] => (item=syncthing_identifier) 
skipping: [mash.met.surf] => (item=syncthing_uid) 
skipping: [mash.met.surf] => (item=syncthing_gid) 
skipping: [mash.met.surf] => (item=syncthing_hostname) 
skipping: [mash.met.surf] => (item=syncthing_path_prefix) 
skipping: [mash.met.surf] => (item=syncthing_container_network) 
skipping: [mash.met.surf]

TASK [galaxy/syncthing : Fail if required Syncthing HTTP Basic authentication enabled, but no credentials specified] ***
skipping: [mash.met.surf]

TASK [galaxy/syncthing : Fail if Traefik settings required for Syncthing are not defined] ***
skipping: [mash.met.surf] => (item=syncthing_container_labels_traefik_hostname) 
skipping: [mash.met.surf] => (item=syncthing_container_labels_traefik_path_prefix) 
skipping: [mash.met.surf]

TASK [galaxy/syncthing : Fail if syncthing_container_labels_traefik_path_prefix ends with a slash] ***
skipping: [mash.met.surf]

TASK [galaxy/syncthing : Install Syncthing] ************************************
skipping: [mash.met.surf-infisical-deps]
skipping: [mash.met.surf-authentik-deps]
included: /home/user/work/mash-playbook/roles/galaxy/syncthing/tasks/install.yml for mash.met.surf

TASK [galaxy/syncthing : Ensure Syncthing paths exist] *************************
ok: [mash.met.surf] => (item={'path': '/mash/syncthing', 'when': True})
ok: [mash.met.surf] => (item={'path': '/mash/syncthing/config', 'when': True})
ok: [mash.met.surf] => (item={'path': '/srv/storage/sync', 'when': True})
skipping: [mash.met.surf] => (item={'path': '/mash/syncthing/tmp', 'when': False}) 

TASK [galaxy/syncthing : Ensure Syncthing tmp path removed if tmp-on-tmpfs enabled] ***
ok: [mash.met.surf]

TASK [galaxy/syncthing : Ensure local temporary HTTP Basic authentication file does not exist to start with] ***
ok: [mash.met.surf -> 127.0.0.1]

TASK [galaxy/syncthing : Convert Syncthing credentials to htpasswd entries] ****
included: /home/user/work/mash-playbook/roles/galaxy/syncthing/tasks/includes/convert_credentials_to_htpasswd.yml for mash.met.surf => (item={'username': 'admin-sync', 'password': 'yYpjtT15CCmeJgsHdfC0EQVP'})
included: /home/user/work/mash-playbook/roles/galaxy/syncthing/tasks/includes/convert_credentials_to_htpasswd.yml for mash.met.surf => (item={'username': 'sync', 'password': 'fuww7DB41bPRPieUyBNX'})

TASK [galaxy/syncthing : Generate HTTP Basic authentication file locally] ******
changed: [mash.met.surf -> 127.0.0.1]

TASK [galaxy/syncthing : Load HTTP Basic authentication file contents] *********
ok: [mash.met.surf -> 127.0.0.1]

TASK [galaxy/syncthing : Load HTTP Basic authentication file contents] *********
ok: [mash.met.surf]

TASK [galaxy/syncthing : Inject credentials into syncthing_basicauth_htpasswds] ***
ok: [mash.met.surf]

TASK [galaxy/syncthing : Ensure local temporary HTTP Basic authentication file is removed] ***
changed: [mash.met.surf -> 127.0.0.1]

TASK [galaxy/syncthing : Generate HTTP Basic authentication file locally] ******
changed: [mash.met.surf -> 127.0.0.1]

TASK [galaxy/syncthing : Load HTTP Basic authentication file contents] *********
ok: [mash.met.surf -> 127.0.0.1]

TASK [galaxy/syncthing : Load HTTP Basic authentication file contents] *********
ok: [mash.met.surf]

TASK [galaxy/syncthing : Inject credentials into syncthing_basicauth_htpasswds] ***
ok: [mash.met.surf]

TASK [galaxy/syncthing : Ensure local temporary HTTP Basic authentication file is removed] ***
changed: [mash.met.surf -> 127.0.0.1]

TASK [galaxy/syncthing : Ensure Syncthing support files installed] *************
ok: [mash.met.surf] => (item=env)
changed: [mash.met.surf] => (item=labels)

TASK [galaxy/syncthing : Ensure Syncthing container image is pulled via community.docker.docker_image] ***
ok: [mash.met.surf]

TASK [galaxy/syncthing : Ensure Syncthing container image is pulled via ansible.builtin.command] ***
skipping: [mash.met.surf]

TASK [galaxy/syncthing : Ensure Syncthing repository is present on self-build] ***
skipping: [mash.met.surf]

TASK [galaxy/syncthing : Ensure Syncthing container image is built] ************
skipping: [mash.met.surf]

TASK [galaxy/syncthing : Ensure Syncthing container network is created via community.docker.docker_network] ***
ok: [mash.met.surf]

TASK [galaxy/syncthing : Ensure Syncthing container network is created via ansible.builtin.command] ***
skipping: [mash.met.surf]

TASK [galaxy/syncthing : Ensure Syncthing systemd service is present] **********
ok: [mash.met.surf]

TASK [galaxy/syncthing : Uninstall Syncthing] **********************************
skipping: [mash.met.surf]
included: /home/user/work/mash-playbook/roles/galaxy/syncthing/tasks/uninstall.yml for mash.met.surf-infisical-deps, mash.met.surf-authentik-deps

TASK [galaxy/syncthing : Check existence of Syncthing systemd service] *********
ok: [mash.met.surf-authentik-deps]
ok: [mash.met.surf-infisical-deps]

TASK [galaxy/syncthing : Ensure Syncthing systemd service is stopped] **********
skipping: [mash.met.surf-infisical-deps]
skipping: [mash.met.surf-authentik-deps]

TASK [galaxy/syncthing : Ensure Syncthing systemd service does not exist] ******
skipping: [mash.met.surf-infisical-deps]
skipping: [mash.met.surf-authentik-deps]

TASK [galaxy/syncthing : Ensure Syncthing container network does not exist via community.docker.docker_network] ***
skipping: [mash.met.surf-infisical-deps]
skipping: [mash.met.surf-authentik-deps]

TASK [galaxy/syncthing : Ensure Syncthing container network does not exist via ansible.builtin.command] ***
skipping: [mash.met.surf-infisical-deps]
skipping: [mash.met.surf-authentik-deps]

TASK [galaxy/syncthing : Ensure Syncthing path does not exist] *****************
skipping: [mash.met.surf-infisical-deps]
skipping: [mash.met.surf-authentik-deps]

TASK [galaxy/tandoor : ansible.builtin.include_tasks] **************************
skipping: [mash.met.surf]
skipping: [mash.met.surf-infisical-deps]
skipping: [mash.met.surf-authentik-deps]

TASK [galaxy/tandoor : ansible.builtin.include_tasks] **************************
skipping: [mash.met.surf]
skipping: [mash.met.surf-infisical-deps]
skipping: [mash.met.surf-authentik-deps]

TASK [galaxy/tandoor : ansible.builtin.include_tasks] **************************
included: /home/user/work/mash-playbook/roles/galaxy/tandoor/tasks/uninstall.yml for mash.met.surf, mash.met.surf-infisical-deps, mash.met.surf-authentik-deps

TASK [galaxy/tandoor : Check existence of tandoor systemd service] *************
ok: [mash.met.surf]
ok: [mash.met.surf-infisical-deps]
ok: [mash.met.surf-authentik-deps]

TASK [galaxy/tandoor : Ensure tandoor systemd service is stopped] **************
skipping: [mash.met.surf]
skipping: [mash.met.surf-infisical-deps]
skipping: [mash.met.surf-authentik-deps]

TASK [galaxy/tandoor : Ensure tandoor systemd service does not exist] **********
skipping: [mash.met.surf]
skipping: [mash.met.surf-infisical-deps]
skipping: [mash.met.surf-authentik-deps]

TASK [galaxy/tandoor : Ensure tandoor path doesn't exist] **********************
skipping: [mash.met.surf]
skipping: [mash.met.surf-infisical-deps]
skipping: [mash.met.surf-authentik-deps]

TASK [galaxy/telegraf : Validate Telegraf configuration] ***********************
skipping: [mash.met.surf]
skipping: [mash.met.surf-infisical-deps]
skipping: [mash.met.surf-authentik-deps]

TASK [galaxy/telegraf : Install Telegraf] **************************************
skipping: [mash.met.surf]
skipping: [mash.met.surf-infisical-deps]
skipping: [mash.met.surf-authentik-deps]

TASK [galaxy/telegraf : Uninstall Telegraf] ************************************
included: /home/user/work/mash-playbook/roles/galaxy/telegraf/tasks/uninstall.yml for mash.met.surf, mash.met.surf-infisical-deps, mash.met.surf-authentik-deps

TASK [galaxy/telegraf : Check existence of Telegraf systemd service] ***********
ok: [mash.met.surf]
ok: [mash.met.surf-infisical-deps]
ok: [mash.met.surf-authentik-deps]

TASK [galaxy/telegraf : Ensure Telegraf systemd service is stopped] ************
skipping: [mash.met.surf]
skipping: [mash.met.surf-infisical-deps]
skipping: [mash.met.surf-authentik-deps]

TASK [galaxy/telegraf : Ensure Telegraf systemd service does not exist] ********
skipping: [mash.met.surf]
skipping: [mash.met.surf-infisical-deps]
skipping: [mash.met.surf-authentik-deps]

TASK [galaxy/telegraf : Ensure Telegraf container network does not exist via community.docker.docker_network] ***
skipping: [mash.met.surf]
skipping: [mash.met.surf-infisical-deps]
skipping: [mash.met.surf-authentik-deps]

TASK [galaxy/telegraf : Ensure Telegraf container network does not exist via ansible.builtin.command] ***
skipping: [mash.met.surf]
skipping: [mash.met.surf-infisical-deps]
skipping: [mash.met.surf-authentik-deps]

TASK [galaxy/telegraf : Ensure Telegraf path does not exist] *******************
skipping: [mash.met.surf]
skipping: [mash.met.surf-infisical-deps]
skipping: [mash.met.surf-authentik-deps]

TASK [galaxy/thelounge : Validate The Lounge configuration] ********************
skipping: [mash.met.surf]
skipping: [mash.met.surf-infisical-deps]
skipping: [mash.met.surf-authentik-deps]

TASK [galaxy/thelounge : Install The Lounge] ***********************************
skipping: [mash.met.surf]
skipping: [mash.met.surf-infisical-deps]
skipping: [mash.met.surf-authentik-deps]

TASK [galaxy/thelounge : Uninstall The Lounge] *********************************
included: /home/user/work/mash-playbook/roles/galaxy/thelounge/tasks/uninstall.yml for mash.met.surf, mash.met.surf-infisical-deps, mash.met.surf-authentik-deps

TASK [galaxy/thelounge : Check existence of The Lounge systemd service] ********
ok: [mash.met.surf]
ok: [mash.met.surf-infisical-deps]
ok: [mash.met.surf-authentik-deps]

TASK [galaxy/thelounge : Ensure The Lounge systemd service is stopped] *********
skipping: [mash.met.surf]
skipping: [mash.met.surf-infisical-deps]
skipping: [mash.met.surf-authentik-deps]

TASK [galaxy/thelounge : Ensure The Lounge systemd service does not exist] *****
skipping: [mash.met.surf]
skipping: [mash.met.surf-infisical-deps]
skipping: [mash.met.surf-authentik-deps]

TASK [galaxy/thelounge : Ensure The Lounge support files do not exist] *********
skipping: [mash.met.surf] => (item=env) 
skipping: [mash.met.surf] => (item=labels) 
skipping: [mash.met.surf]
skipping: [mash.met.surf-infisical-deps] => (item=env) 
skipping: [mash.met.surf-infisical-deps] => (item=labels) 
skipping: [mash.met.surf-infisical-deps]
skipping: [mash.met.surf-authentik-deps] => (item=env) 
skipping: [mash.met.surf-authentik-deps] => (item=labels) 
skipping: [mash.met.surf-authentik-deps]

TASK [galaxy/thelounge : Ensure The Lounge image source files path does not exist] ***
skipping: [mash.met.surf]
skipping: [mash.met.surf-infisical-deps]
skipping: [mash.met.surf-authentik-deps]

TASK [galaxy/thelounge : Ensure The Lounge local data path does not exist if empty] ***
skipping: [mash.met.surf]
skipping: [mash.met.surf-infisical-deps]
skipping: [mash.met.surf-authentik-deps]

TASK [galaxy/thelounge : Ensure The Lounge base path does not exist if empty] ***
skipping: [mash.met.surf]
skipping: [mash.met.surf-infisical-deps]
skipping: [mash.met.surf-authentik-deps]

TASK [galaxy/thelounge : Ensure The Lounge container network does not exist via community.docker.docker_network] ***
skipping: [mash.met.surf]
skipping: [mash.met.surf-infisical-deps]
skipping: [mash.met.surf-authentik-deps]

TASK [galaxy/thelounge : Ensure The Lounge container network does not exist via ansible.builtin.command] ***
skipping: [mash.met.surf]
skipping: [mash.met.surf-infisical-deps]
skipping: [mash.met.surf-authentik-deps]

TASK [galaxy/thelounge : Check existence of The Lounge local data path] ********
ok: [mash.met.surf]
ok: [mash.met.surf-authentik-deps]
ok: [mash.met.surf-infisical-deps]

TASK [galaxy/thelounge : Notify if The Lounge local data remains] **************
skipping: [mash.met.surf]
skipping: [mash.met.surf-infisical-deps]
skipping: [mash.met.surf-authentik-deps]

TASK [galaxy/tinyauth : Validate Tinyauth configuration] ***********************
skipping: [mash.met.surf]
skipping: [mash.met.surf-infisical-deps]
skipping: [mash.met.surf-authentik-deps]

TASK [galaxy/tinyauth : Install Tinyauth] **************************************
skipping: [mash.met.surf]
skipping: [mash.met.surf-infisical-deps]
skipping: [mash.met.surf-authentik-deps]

TASK [galaxy/tinyauth : Uninstall Tinyauth] ************************************
included: /home/user/work/mash-playbook/roles/galaxy/tinyauth/tasks/uninstall.yml for mash.met.surf, mash.met.surf-infisical-deps, mash.met.surf-authentik-deps

TASK [galaxy/tinyauth : Check existence of Tinyauth systemd service] ***********
ok: [mash.met.surf-infisical-deps]
ok: [mash.met.surf]
ok: [mash.met.surf-authentik-deps]

TASK [galaxy/tinyauth : Ensure Tinyauth systemd service is stopped] ************
skipping: [mash.met.surf]
skipping: [mash.met.surf-infisical-deps]
skipping: [mash.met.surf-authentik-deps]

TASK [galaxy/tinyauth : Ensure Tinyauth systemd service does not exist] ********
skipping: [mash.met.surf]
skipping: [mash.met.surf-infisical-deps]
skipping: [mash.met.surf-authentik-deps]

TASK [galaxy/tinyauth : Ensure Tinyauth image source files path does not exist] ***
skipping: [mash.met.surf]
skipping: [mash.met.surf-infisical-deps]
skipping: [mash.met.surf-authentik-deps]

TASK [galaxy/tinyauth : Ensure Tinyauth container network does not exist via community.docker.docker_network] ***
skipping: [mash.met.surf]
skipping: [mash.met.surf-infisical-deps]
skipping: [mash.met.surf-authentik-deps]

TASK [galaxy/tinyauth : Ensure Tinyauth container network does not exist via ansible.builtin.command] ***
skipping: [mash.met.surf]
skipping: [mash.met.surf-infisical-deps]
skipping: [mash.met.surf-authentik-deps]

TASK [galaxy/tinyauth : Ensure Tinyauth path does not exist] *******************
skipping: [mash.met.surf]
skipping: [mash.met.surf-infisical-deps]
skipping: [mash.met.surf-authentik-deps]

TASK [galaxy/tsdproxy : ansible.builtin.include_tasks] *************************
skipping: [mash.met.surf]
skipping: [mash.met.surf-infisical-deps]
skipping: [mash.met.surf-authentik-deps]

TASK [galaxy/tsdproxy : ansible.builtin.include_tasks] *************************
skipping: [mash.met.surf]
skipping: [mash.met.surf-infisical-deps]
skipping: [mash.met.surf-authentik-deps]

TASK [galaxy/tsdproxy : ansible.builtin.include_tasks] *************************
included: /home/user/work/mash-playbook/roles/galaxy/tsdproxy/tasks/uninstall.yml for mash.met.surf, mash.met.surf-infisical-deps, mash.met.surf-authentik-deps

TASK [galaxy/tsdproxy : Check existence of tsdproxy systemd service] ***********
ok: [mash.met.surf-infisical-deps]
ok: [mash.met.surf-authentik-deps]
ok: [mash.met.surf]

TASK [galaxy/tsdproxy : Ensure tsdproxy service is stopped] ********************
skipping: [mash.met.surf]
skipping: [mash.met.surf-infisical-deps]
skipping: [mash.met.surf-authentik-deps]

TASK [galaxy/tsdproxy : Ensure tsdproxy service doesn't exist] *****************
skipping: [mash.met.surf]
skipping: [mash.met.surf-infisical-deps]
skipping: [mash.met.surf-authentik-deps]

TASK [galaxy/tsdproxy : Ensure tsdproxy base path is files deleted (make sure to delete node data)] ***
skipping: [mash.met.surf]
skipping: [mash.met.surf-infisical-deps]
skipping: [mash.met.surf-authentik-deps]

TASK [galaxy/typesense : Validate Typesense configuration] *********************
skipping: [mash.met.surf]
skipping: [mash.met.surf-infisical-deps]
skipping: [mash.met.surf-authentik-deps]

TASK [galaxy/typesense : Install Typesense] ************************************
skipping: [mash.met.surf]
skipping: [mash.met.surf-infisical-deps]
skipping: [mash.met.surf-authentik-deps]

TASK [galaxy/typesense : Uninstall Typesense] **********************************
included: /home/user/work/mash-playbook/roles/galaxy/typesense/tasks/uninstall.yml for mash.met.surf, mash.met.surf-infisical-deps, mash.met.surf-authentik-deps

TASK [galaxy/typesense : Check existence of Typesense systemd service] *********
ok: [mash.met.surf]
ok: [mash.met.surf-infisical-deps]
ok: [mash.met.surf-authentik-deps]

TASK [galaxy/typesense : Ensure Typesense systemd service is stopped] **********
skipping: [mash.met.surf]
skipping: [mash.met.surf-infisical-deps]
skipping: [mash.met.surf-authentik-deps]

TASK [galaxy/typesense : Ensure Typesense systemd service does not exist] ******
skipping: [mash.met.surf]
skipping: [mash.met.surf-infisical-deps]
skipping: [mash.met.surf-authentik-deps]

TASK [galaxy/typesense : Ensure Typesense support files do not exist] **********
skipping: [mash.met.surf] => (item=env) 
skipping: [mash.met.surf] => (item=labels) 
skipping: [mash.met.surf]
skipping: [mash.met.surf-infisical-deps] => (item=env) 
skipping: [mash.met.surf-infisical-deps] => (item=labels) 
skipping: [mash.met.surf-infisical-deps]
skipping: [mash.met.surf-authentik-deps] => (item=env) 
skipping: [mash.met.surf-authentik-deps] => (item=labels) 
skipping: [mash.met.surf-authentik-deps]

TASK [galaxy/typesense : Ensure Typesense local data path does not exist if empty] ***
skipping: [mash.met.surf]
skipping: [mash.met.surf-infisical-deps]
skipping: [mash.met.surf-authentik-deps]

TASK [galaxy/typesense : Ensure Typesense base path does not exist if empty] ***
skipping: [mash.met.surf]
skipping: [mash.met.surf-infisical-deps]
skipping: [mash.met.surf-authentik-deps]

TASK [galaxy/typesense : Ensure Typesense container network does not exist via community.docker.docker_network] ***
skipping: [mash.met.surf]
skipping: [mash.met.surf-infisical-deps]
skipping: [mash.met.surf-authentik-deps]

TASK [galaxy/typesense : Ensure Typesense container network does not exist via ansible.builtin.command] ***
skipping: [mash.met.surf]
skipping: [mash.met.surf-infisical-deps]
skipping: [mash.met.surf-authentik-deps]

TASK [galaxy/typesense : Check existence of Typesense local data path] *********
ok: [mash.met.surf]
ok: [mash.met.surf-infisical-deps]
ok: [mash.met.surf-authentik-deps]

TASK [galaxy/typesense : Notify if Typesense local data remains] ***************
skipping: [mash.met.surf]
skipping: [mash.met.surf-infisical-deps]
skipping: [mash.met.surf-authentik-deps]

TASK [galaxy/uptime_kuma : Validate Uptime Kuma configuration] *****************
skipping: [mash.met.surf]
skipping: [mash.met.surf-infisical-deps]
skipping: [mash.met.surf-authentik-deps]

TASK [galaxy/uptime_kuma : Install Uptime Kuma] ********************************
skipping: [mash.met.surf]
skipping: [mash.met.surf-infisical-deps]
skipping: [mash.met.surf-authentik-deps]

TASK [galaxy/uptime_kuma : Uninstall Uptime Kuma] ******************************
included: /home/user/work/mash-playbook/roles/galaxy/uptime_kuma/tasks/uninstall.yml for mash.met.surf, mash.met.surf-infisical-deps, mash.met.surf-authentik-deps

TASK [galaxy/uptime_kuma : Check existence of Uptime Kuma systemd service] *****
ok: [mash.met.surf-infisical-deps]
ok: [mash.met.surf]
ok: [mash.met.surf-authentik-deps]

TASK [galaxy/uptime_kuma : Ensure Uptime Kuma systemd service is stopped] ******
skipping: [mash.met.surf]
skipping: [mash.met.surf-infisical-deps]
skipping: [mash.met.surf-authentik-deps]

TASK [galaxy/uptime_kuma : Ensure Uptime Kuma systemd service does not exist] ***
skipping: [mash.met.surf]
skipping: [mash.met.surf-infisical-deps]
skipping: [mash.met.surf-authentik-deps]

TASK [galaxy/uptime_kuma : Ensure Uptime Kuma container network does not exist via community.docker.docker_network] ***
skipping: [mash.met.surf]
skipping: [mash.met.surf-infisical-deps]
skipping: [mash.met.surf-authentik-deps]

TASK [galaxy/uptime_kuma : Ensure Uptime Kuma container network does not exist via ansible.builtin.command] ***
skipping: [mash.met.surf]
skipping: [mash.met.surf-infisical-deps]
skipping: [mash.met.surf-authentik-deps]

TASK [galaxy/uptime_kuma : Ensure Uptime Kuma path does not exist] *************
skipping: [mash.met.surf]
skipping: [mash.met.surf-infisical-deps]
skipping: [mash.met.surf-authentik-deps]

TASK [galaxy/valkey : Validate Valkey configuration] ***************************
skipping: [mash.met.surf]
included: /home/user/work/mash-playbook/roles/galaxy/valkey/tasks/validate_config.yml for mash.met.surf-infisical-deps, mash.met.surf-authentik-deps

TASK [galaxy/valkey : Fail if required Valkey settings not defined] ************
skipping: [mash.met.surf-infisical-deps] => (item=valkey_identifier) 
skipping: [mash.met.surf-infisical-deps] => (item=valkey_uid) 
skipping: [mash.met.surf-infisical-deps] => (item=valkey_gid) 
skipping: [mash.met.surf-infisical-deps] => (item=valkey_arch) 
skipping: [mash.met.surf-infisical-deps]
skipping: [mash.met.surf-authentik-deps] => (item=valkey_identifier) 
skipping: [mash.met.surf-authentik-deps] => (item=valkey_uid) 
skipping: [mash.met.surf-authentik-deps] => (item=valkey_gid) 
skipping: [mash.met.surf-authentik-deps] => (item=valkey_arch) 
skipping: [mash.met.surf-authentik-deps]

TASK [galaxy/valkey : Fail if Valkey architecture is not supported] ************
skipping: [mash.met.surf-infisical-deps]
skipping: [mash.met.surf-authentik-deps]

TASK [galaxy/valkey : Install Valkey] ******************************************
skipping: [mash.met.surf]
included: /home/user/work/mash-playbook/roles/galaxy/valkey/tasks/install.yml for mash.met.surf-infisical-deps, mash.met.surf-authentik-deps

TASK [galaxy/valkey : Ensure Valkey paths exist] *******************************
ok: [mash.met.surf-infisical-deps] => (item=/mash/infisical-valkey)
ok: [mash.met.surf-authentik-deps] => (item=/mash/authentik-valkey)
ok: [mash.met.surf-infisical-deps] => (item=/mash/infisical-valkey/config)
ok: [mash.met.surf-authentik-deps] => (item=/mash/authentik-valkey/config)
ok: [mash.met.surf-infisical-deps] => (item=/mash/infisical-valkey/data)
ok: [mash.met.surf-authentik-deps] => (item=/mash/authentik-valkey/data)

TASK [galaxy/valkey : Ensure Valkey environment variables file created] ********
ok: [mash.met.surf-infisical-deps] => (item=valkey.conf)
ok: [mash.met.surf-authentik-deps] => (item=valkey.conf)

TASK [galaxy/valkey : Ensure Valkey container image is pulled via community.docker.docker_image] ***
ok: [mash.met.surf-authentik-deps]
ok: [mash.met.surf-infisical-deps]

TASK [galaxy/valkey : Ensure Valkey container image is pulled via ansible.builtin.command] ***
skipping: [mash.met.surf-infisical-deps]
skipping: [mash.met.surf-authentik-deps]

TASK [galaxy/valkey : Ensure Valkey repository is present on self-build] *******
skipping: [mash.met.surf-infisical-deps]
skipping: [mash.met.surf-authentik-deps]

TASK [galaxy/valkey : Ensure Valkey container image is built] ******************
skipping: [mash.met.surf-infisical-deps]
skipping: [mash.met.surf-authentik-deps]

TASK [galaxy/valkey : Ensure Valkey container network is created via community.docker.docker_network] ***
ok: [mash.met.surf-authentik-deps]
ok: [mash.met.surf-infisical-deps]

TASK [galaxy/valkey : Ensure Valkey container network is created via ansible.builtin.command] ***
skipping: [mash.met.surf-infisical-deps]
skipping: [mash.met.surf-authentik-deps]

TASK [galaxy/valkey : Ensure Valkey systemd service is present] ****************
ok: [mash.met.surf-authentik-deps]
ok: [mash.met.surf-infisical-deps]

TASK [galaxy/valkey : Uninstall Valkey] ****************************************
skipping: [mash.met.surf-infisical-deps]
skipping: [mash.met.surf-authentik-deps]
included: /home/user/work/mash-playbook/roles/galaxy/valkey/tasks/uninstall.yml for mash.met.surf

TASK [galaxy/valkey : Check existence of Valkey systemd service] ***************
ok: [mash.met.surf]

TASK [galaxy/valkey : Ensure Valkey systemd service is stopped] ****************
skipping: [mash.met.surf]

TASK [galaxy/valkey : Ensure Valkey systemd service does not exist] ************
skipping: [mash.met.surf]

TASK [galaxy/valkey : Ensure Valkey config file does not exist] ****************
skipping: [mash.met.surf] => (item=valkey.conf) 
skipping: [mash.met.surf]

TASK [galaxy/valkey : Ensure Valkey image source files path does not exist] ****
skipping: [mash.met.surf]

TASK [galaxy/valkey : Ensure Valkey local config path does not exist if empty] ***
skipping: [mash.met.surf]

TASK [galaxy/valkey : Ensure Valkey local data path does not exist if empty] ***
skipping: [mash.met.surf]

TASK [galaxy/valkey : Ensure Valkey base path does not exist if empty] *********
skipping: [mash.met.surf]

TASK [galaxy/valkey : Ensure Valkey container network does not exist via community.docker.docker_network] ***
skipping: [mash.met.surf]

TASK [galaxy/valkey : Ensure Valkey container network does not exist via ansible.builtin.command] ***
skipping: [mash.met.surf]

TASK [galaxy/valkey : Check existence of Valkey local data path] ***************
ok: [mash.met.surf]

TASK [galaxy/valkey : Notify if Valkey local data remains] *********************
skipping: [mash.met.surf]

TASK [galaxy/vaultwarden : Validate Vaultwarden configuration] *****************
skipping: [mash.met.surf-infisical-deps]
skipping: [mash.met.surf-authentik-deps]
included: /home/user/work/mash-playbook/roles/galaxy/vaultwarden/tasks/validate_config.yml for mash.met.surf

TASK [galaxy/vaultwarden : (Deprecation) Catch and report renamed settings] ****
skipping: [mash.met.surf] => (item={'old': 'vaultwarden_data_dir_path', 'new': 'vaultwarden_data_path'}) 
skipping: [mash.met.surf] => (item={'old': 'vaultwarden_cache_dir_path', 'new': 'vaultwarden_cache_path'}) 
skipping: [mash.met.surf] => (item={'old': 'vaultwarden_ephemeral_dir_path', 'new': 'vaultwarden_ephemeral_path'}) 
skipping: [mash.met.surf] => (item={'old': 'vaultwarden_container_labels_traefik_rule_ui', 'new': 'vaultwarden_container_labels_traefik_rule'}) 
skipping: [mash.met.surf] => (item={'old': 'vaultwarden_container_labels_traefik_rule_websocket', 'new': '<Removed. See https://github.com/dani-garcia/vaultwarden/pull/3404>'}) 
skipping: [mash.met.surf] => (item={'old': 'vaultwarden_config_websocket_enabled', 'new': '<Removed. See https://github.com/dani-garcia/vaultwarden/pull/3404>'}) 
skipping: [mash.met.surf] => (item={'old': 'vaultwarden_config_websocket_port', 'new': '<Removed. See https://github.com/dani-garcia/vaultwarden/pull/3404>'}) 
skipping: [mash.met.surf] => (item={'old': 'vaultwarden_container_websocket_bind_port', 'new': '<Removed. See https://github.com/dani-garcia/vaultwarden/pull/3404>'}) 
skipping: [mash.met.surf] => (item={'old': 'vaultwarden_systemd_required_systemd_services_list', 'new': 'vaultwarden_systemd_required_services_list'}) 
skipping: [mash.met.surf] => (item={'old': 'vaultwarden_systemd_required_systemd_services_list_default', 'new': 'vaultwarden_systemd_required_services_list_default'}) 
skipping: [mash.met.surf] => (item={'old': 'vaultwarden_systemd_required_systemd_services_list_auto', 'new': 'vaultwarden_systemd_required_services_list_auto'}) 
skipping: [mash.met.surf] => (item={'old': 'vaultwarden_systemd_required_systemd_services_list_custom', 'new': 'vaultwarden_systemd_required_services_list_custom'}) 
skipping: [mash.met.surf] => (item={'old': 'vaultwarden_systemd_wanted_systemd_services_list', 'new': 'vaultwarden_systemd_wanted_services_list'}) 
skipping: [mash.met.surf] => (item={'old': 'vaultwarden_systemd_wanted_systemd_services_list_default', 'new': 'vaultwarden_systemd_wanted_services_list_default'}) 
skipping: [mash.met.surf] => (item={'old': 'vaultwarden_systemd_wanted_systemd_services_list_auto', 'new': 'vaultwarden_systemd_wanted_services_list_auto'}) 
skipping: [mash.met.surf] => (item={'old': 'vaultwarden_systemd_wanted_systemd_services_list_custom', 'new': 'vaultwarden_systemd_wanted_services_list_custom'}) 
skipping: [mash.met.surf] => (item={'old': 'vaultwarden_container_additional_environment_variables', 'new': 'vaultwarden_environment_variables_additional_variables'}) 
skipping: [mash.met.surf] => (item={'old': 'vaultwarden_http_header_content_permission_policy', 'new': 'vaultwarden_http_header_permissions_policy'}) 
skipping: [mash.met.surf] => (item={'old': 'vaultwarden_database_hostname', 'new': 'vaultwarden_database_postgres_hostname'}) 
skipping: [mash.met.surf] => (item={'old': 'vaultwarden_database_port', 'new': 'vaultwarden_database_postgres_port'}) 
skipping: [mash.met.surf] => (item={'old': 'vaultwarden_database_username', 'new': 'vaultwarden_database_postgres_username'}) 
skipping: [mash.met.surf] => (item={'old': 'vaultwarden_database_password', 'new': 'vaultwarden_database_postgres_password'}) 
skipping: [mash.met.surf] => (item={'old': 'vaultwarden_database_sslmode', 'new': 'vaultwarden_database_postgres_sslmode'}) 
skipping: [mash.met.surf]

TASK [galaxy/vaultwarden : Fail if required Vaultwarden settings not defined] ***
skipping: [mash.met.surf] => (item={'name': 'vaultwarden_hostname', 'when': True}) 
skipping: [mash.met.surf] => (item={'name': 'vaultwarden_uid', 'when': True}) 
skipping: [mash.met.surf] => (item={'name': 'vaultwarden_gid', 'when': True}) 
skipping: [mash.met.surf] => (item={'name': 'vaultwarden_container_labels_traefik_compression_middleware_name', 'when': True}) 
skipping: [mash.met.surf]

TASK [galaxy/vaultwarden : Fail if Vaultwarden database type invalid] **********
skipping: [mash.met.surf]

TASK [galaxy/vaultwarden : Fail if required Vaultwarden + Postgres integration settings not defined] ***
skipping: [mash.met.surf] => (item=vaultwarden_database_postgres_hostname) 
skipping: [mash.met.surf] => (item=vaultwarden_database_postgres_password) 
skipping: [mash.met.surf]

TASK [galaxy/vaultwarden : Fail if required Vaultwarden + MySQL integration settings not defined] ***
skipping: [mash.met.surf] => (item=vaultwarden_database_mysql_hostname) 
skipping: [mash.met.surf] => (item=vaultwarden_database_mysql_password) 
skipping: [mash.met.surf]

TASK [galaxy/vaultwarden : Fail if SMTP settings are missing (and SMTP is enabled by setting host)] ***
skipping: [mash.met.surf] => (item=vaultwarden_config_smtp_from) 
skipping: [mash.met.surf]

TASK [galaxy/vaultwarden : Fail if SMTP security setting is invalid] ***********
skipping: [mash.met.surf]

TASK [galaxy/vaultwarden : Fail if Vaultwarden logging level is invalid] *******
skipping: [mash.met.surf]

TASK [galaxy/vaultwarden : Fail if Traefik settings required for Vaultwarden are not defined] ***
skipping: [mash.met.surf] => (item=vaultwarden_container_labels_traefik_hostname) 
skipping: [mash.met.surf] => (item=vaultwarden_container_labels_traefik_path_prefix) 
skipping: [mash.met.surf]

TASK [galaxy/vaultwarden : Fail if vaultwarden_container_labels_traefik_path_prefix ends with a slash] ***
skipping: [mash.met.surf]

TASK [galaxy/vaultwarden : Install Vaultwarden] ********************************
skipping: [mash.met.surf-infisical-deps]
skipping: [mash.met.surf-authentik-deps]
included: /home/user/work/mash-playbook/roles/galaxy/vaultwarden/tasks/install.yml for mash.met.surf

TASK [galaxy/vaultwarden : Ensure Vaultwarden paths exist] *********************
ok: [mash.met.surf] => (item=/mash/vaultwarden)
ok: [mash.met.surf] => (item=/mash/vaultwarden/data)
ok: [mash.met.surf] => (item=/mash/vaultwarden/cache)
ok: [mash.met.surf] => (item=/mash/vaultwarden/ephemeral)

TASK [galaxy/vaultwarden : Ensure Vaultwarden support files installed] *********
ok: [mash.met.surf] => (item=env)
ok: [mash.met.surf] => (item=labels)

TASK [galaxy/vaultwarden : Ensure Vaultwarden container image is pulled via community.docker.docker_image] ***
ok: [mash.met.surf]

TASK [galaxy/vaultwarden : Ensure Vaultwarden container image is pulled via ansible.builtin.command] ***
skipping: [mash.met.surf]

TASK [galaxy/vaultwarden : Ensure Vaultwarden repository is present on self-build] ***
skipping: [mash.met.surf]

TASK [galaxy/vaultwarden : Ensure Vaultwarden container image is built] ********
skipping: [mash.met.surf]

TASK [galaxy/vaultwarden : Ensure Vaultwarden container network is created via community.docker.docker_network] ***
ok: [mash.met.surf]

TASK [galaxy/vaultwarden : Ensure Vaultwarden container network is created via ansible.builtin.command] ***
skipping: [mash.met.surf]

TASK [galaxy/vaultwarden : Ensure Vaultwarden systemd service is present] ******
ok: [mash.met.surf]

TASK [galaxy/vaultwarden : Check if Vaultwarden config exists] *****************
ok: [mash.met.surf]

TASK [galaxy/vaultwarden : Clear potentially-existing previous admin_token config value if vaultwarden_config_admin_token is unset] ***
skipping: [mash.met.surf]

TASK [galaxy/vaultwarden : Uninstall Vaultwarden] ******************************
skipping: [mash.met.surf]
included: /home/user/work/mash-playbook/roles/galaxy/vaultwarden/tasks/uninstall.yml for mash.met.surf-infisical-deps, mash.met.surf-authentik-deps

TASK [galaxy/vaultwarden : Check existence of Vaultwarden systemd service] *****
ok: [mash.met.surf-infisical-deps]
ok: [mash.met.surf-authentik-deps]

TASK [galaxy/vaultwarden : Ensure Vaultwarden systemd service is stopped] ******
skipping: [mash.met.surf-infisical-deps]
skipping: [mash.met.surf-authentik-deps]

TASK [galaxy/vaultwarden : Ensure Vaultwarden systemd service does not exist] ***
skipping: [mash.met.surf-infisical-deps]
skipping: [mash.met.surf-authentik-deps]

TASK [galaxy/vaultwarden : Ensure Vaultwarden support files do not exist] ******
skipping: [mash.met.surf-infisical-deps] => (item=env) 
skipping: [mash.met.surf-infisical-deps] => (item=labels) 
skipping: [mash.met.surf-infisical-deps]
skipping: [mash.met.surf-authentik-deps] => (item=env) 
skipping: [mash.met.surf-authentik-deps] => (item=labels) 
skipping: [mash.met.surf-authentik-deps]

TASK [galaxy/vaultwarden : Ensure Vaultwarden cache path does not exist] *******
skipping: [mash.met.surf-infisical-deps]
skipping: [mash.met.surf-authentik-deps]

TASK [galaxy/vaultwarden : Ensure Vaultwarden ephemeral path does not exist] ***
skipping: [mash.met.surf-infisical-deps]
skipping: [mash.met.surf-authentik-deps]

TASK [galaxy/vaultwarden : Ensure Vaultwarden image source files path does not exist] ***
skipping: [mash.met.surf-infisical-deps]
skipping: [mash.met.surf-authentik-deps]

TASK [galaxy/vaultwarden : Ensure Vaultwarden local data path does not exist if empty] ***
skipping: [mash.met.surf-infisical-deps]
skipping: [mash.met.surf-authentik-deps]

TASK [galaxy/vaultwarden : Ensure Vaultwarden base path does not exist if empty] ***
skipping: [mash.met.surf-infisical-deps]
skipping: [mash.met.surf-authentik-deps]

TASK [galaxy/vaultwarden : Ensure Vaultwarden container network does not exist via community.docker.docker_network] ***
skipping: [mash.met.surf-infisical-deps]
skipping: [mash.met.surf-authentik-deps]

TASK [galaxy/vaultwarden : Ensure Vaultwarden container network does not exist via ansible.builtin.command] ***
skipping: [mash.met.surf-infisical-deps]
skipping: [mash.met.surf-authentik-deps]

TASK [galaxy/vaultwarden : Check existence of Vaultwarden local data path] *****
ok: [mash.met.surf-infisical-deps]
ok: [mash.met.surf-authentik-deps]

TASK [galaxy/vaultwarden : Notify if Vaultwarden local data remains] ***********
skipping: [mash.met.surf-infisical-deps]
skipping: [mash.met.surf-authentik-deps]

TASK [galaxy/versatiles : ansible.builtin.include_tasks] ***********************
skipping: [mash.met.surf]
skipping: [mash.met.surf-infisical-deps]
skipping: [mash.met.surf-authentik-deps]

TASK [galaxy/versatiles : ansible.builtin.include_tasks] ***********************
skipping: [mash.met.surf]
skipping: [mash.met.surf-infisical-deps]
skipping: [mash.met.surf-authentik-deps]

TASK [galaxy/versatiles : ansible.builtin.include_tasks] ***********************
included: /home/user/work/mash-playbook/roles/galaxy/versatiles/tasks/uninstall.yml for mash.met.surf, mash.met.surf-infisical-deps, mash.met.surf-authentik-deps

TASK [galaxy/versatiles : Check existence of versatiles systemd service] *******
ok: [mash.met.surf-authentik-deps]
ok: [mash.met.surf-infisical-deps]
ok: [mash.met.surf]

TASK [galaxy/versatiles : Ensure versatiles service is stopped] ****************
skipping: [mash.met.surf]
skipping: [mash.met.surf-infisical-deps]
skipping: [mash.met.surf-authentik-deps]

TASK [galaxy/versatiles : Ensure versatiles service doesn't exist] *************
skipping: [mash.met.surf]
skipping: [mash.met.surf-infisical-deps]
skipping: [mash.met.surf-authentik-deps]

TASK [galaxy/versatiles : Ensure versatiles base path is files deleted (make sure to delete node data)] ***
skipping: [mash.met.surf]
skipping: [mash.met.surf-infisical-deps]
skipping: [mash.met.surf-authentik-deps]

TASK [galaxy/vikunja : Validate Vikunja configuration] *************************
skipping: [mash.met.surf-infisical-deps]
skipping: [mash.met.surf-authentik-deps]
included: /home/user/work/mash-playbook/roles/galaxy/vikunja/tasks/validate_config.yml for mash.met.surf

TASK [galaxy/vikunja : Fail if required Vikunja settings not defined] **********
skipping: [mash.met.surf] => (item=vikunja_uid) 
skipping: [mash.met.surf] => (item=vikunja_gid) 
skipping: [mash.met.surf] => (item=vikunja_hostname) 
skipping: [mash.met.surf] => (item=vikunja_path_prefix) 
skipping: [mash.met.surf] => (item=vikunja_container_network) 
skipping: [mash.met.surf] => (item=vikunja_environment_variables_service_jwtsecret) 
skipping: [mash.met.surf]

TASK [galaxy/vikunja : Fail if Vikunja database type is invalid] ***************
skipping: [mash.met.surf]

TASK [galaxy/vikunja : Fail if Vikunja database SSL mode is invalid] ***********
skipping: [mash.met.surf]

TASK [galaxy/vikunja : Fail if required Vikunja + MySQL integration settings not defined] ***
skipping: [mash.met.surf] => (item=vikunja_database_mysql_hostname) 
skipping: [mash.met.surf] => (item=vikunja_database_mysql_password) 
skipping: [mash.met.surf]

TASK [galaxy/vikunja : Fail if required Vikunja + Postgres integration settings not defined] ***
skipping: [mash.met.surf] => (item=vikunja_database_postgres_hostname) 
skipping: [mash.met.surf] => (item=vikunja_database_postgres_password) 
skipping: [mash.met.surf]

TASK [galaxy/vikunja : Fail if SMTP settings are missing (and SMTP is enabled by setting host)] ***
skipping: [mash.met.surf] => (item=vikunja_environment_variables_smtp_host) 
skipping: [mash.met.surf] => (item=vikunja_environment_variables_smtp_from) 
skipping: [mash.met.surf]

TASK [galaxy/vikunja : Fail if Typesense settings for Vikunja are missing (and Typesense is enabled by setting host)] ***
skipping: [mash.met.surf] => (item=vikunja_environment_variables_typesense_url) 
skipping: [mash.met.surf] => (item=vikunja_environment_variables_typesense_apikey) 
skipping: [mash.met.surf]

TASK [galaxy/vikunja : Fail if Traefik settings required for Vikunja are not defined] ***
skipping: [mash.met.surf] => (item=vikunja_container_labels_traefik_hostname) 
skipping: [mash.met.surf] => (item=vikunja_container_labels_traefik_path_prefix) 
skipping: [mash.met.surf]

TASK [galaxy/vikunja : Fail if vikunja_container_labels_traefik_path_prefix is different than /] ***
skipping: [mash.met.surf]

TASK [galaxy/vikunja : Fail if vikunja_container_labels_traefik_path_prefix ends with a slash] ***
skipping: [mash.met.surf]

TASK [galaxy/vikunja : Install Vikunja] ****************************************
skipping: [mash.met.surf-infisical-deps]
skipping: [mash.met.surf-authentik-deps]
included: /home/user/work/mash-playbook/roles/galaxy/vikunja/tasks/install.yml for mash.met.surf

TASK [galaxy/vikunja : Ensure Vikunja paths exist] *****************************
ok: [mash.met.surf] => (item=/mash/vikunja)
ok: [mash.met.surf] => (item=/mash/vikunja/data)
ok: [mash.met.surf] => (item=/mash/vikunja/data/database)

TASK [galaxy/vikunja : Ensure Vikunja support files installed] *****************
ok: [mash.met.surf] => (item=env)
ok: [mash.met.surf] => (item=labels)

TASK [galaxy/vikunja : Ensure Vikunja container image is pulled via community.docker.docker_image] ***
ok: [mash.met.surf]

TASK [galaxy/vikunja : Ensure Vikunja container image is pulled via ansible.builtin.command] ***
skipping: [mash.met.surf]

TASK [galaxy/vikunja : Ensure Vikunja repository is present on self-build] *****
skipping: [mash.met.surf]

TASK [galaxy/vikunja : Ensure Vikunja container image is built] ****************
skipping: [mash.met.surf]

TASK [galaxy/vikunja : Ensure Vikunja container network is created via community.docker.docker_network] ***
ok: [mash.met.surf]

TASK [galaxy/vikunja : Ensure Vikunja container network is created via ansible.builtin.command] ***
skipping: [mash.met.surf]

TASK [galaxy/vikunja : Ensure Vikunja systemd service is present] **************
ok: [mash.met.surf]

TASK [galaxy/vikunja : Uninstall Vikunja] **************************************
skipping: [mash.met.surf]
included: /home/user/work/mash-playbook/roles/galaxy/vikunja/tasks/uninstall.yml for mash.met.surf-infisical-deps, mash.met.surf-authentik-deps

TASK [galaxy/vikunja : Check existence of Vikunja systemd service] *************
ok: [mash.met.surf-infisical-deps]
ok: [mash.met.surf-authentik-deps]

TASK [galaxy/vikunja : Ensure Vikunja systemd service is stopped] **************
skipping: [mash.met.surf-infisical-deps]
skipping: [mash.met.surf-authentik-deps]

TASK [galaxy/vikunja : Ensure Vikunja systemd service does not exist] **********
skipping: [mash.met.surf-infisical-deps]
skipping: [mash.met.surf-authentik-deps]

TASK [galaxy/vikunja : Ensure Vikunja support files do not exist] **************
skipping: [mash.met.surf-infisical-deps] => (item=env) 
skipping: [mash.met.surf-infisical-deps] => (item=labels) 
skipping: [mash.met.surf-infisical-deps]
skipping: [mash.met.surf-authentik-deps] => (item=env) 
skipping: [mash.met.surf-authentik-deps] => (item=labels) 
skipping: [mash.met.surf-authentik-deps]

TASK [galaxy/vikunja : Ensure Vikunja image source files path does not exist] ***
skipping: [mash.met.surf-infisical-deps]
skipping: [mash.met.surf-authentik-deps]

TASK [galaxy/vikunja : Ensure Vikunja local data path does not exist if empty] ***
skipping: [mash.met.surf-infisical-deps]
skipping: [mash.met.surf-authentik-deps]

TASK [galaxy/vikunja : Ensure Vikunja local database path does not exist if empty] ***
skipping: [mash.met.surf-infisical-deps]
skipping: [mash.met.surf-authentik-deps]

TASK [galaxy/vikunja : Ensure Vikunja base path does not exist if empty] *******
skipping: [mash.met.surf-infisical-deps]
skipping: [mash.met.surf-authentik-deps]

TASK [galaxy/vikunja : Ensure Vikunja container network does not exist via community.docker.docker_network] ***
skipping: [mash.met.surf-infisical-deps]
skipping: [mash.met.surf-authentik-deps]

TASK [galaxy/vikunja : Ensure Vikunja container network does not exist via ansible.builtin.command] ***
skipping: [mash.met.surf-infisical-deps]
skipping: [mash.met.surf-authentik-deps]

TASK [galaxy/vikunja : Check existence of Vikunja local data path] *************
ok: [mash.met.surf-authentik-deps]
ok: [mash.met.surf-infisical-deps]

TASK [galaxy/vikunja : Notify if Vikunja local data remains] *******************
skipping: [mash.met.surf-infisical-deps]
skipping: [mash.met.surf-authentik-deps]

TASK [galaxy/vikunja : Check existence of Vikunja local database path] *********
ok: [mash.met.surf-infisical-deps]
ok: [mash.met.surf-authentik-deps]

TASK [galaxy/vikunja : Notify if Vikunja local database remains] ***************
skipping: [mash.met.surf-infisical-deps]
skipping: [mash.met.surf-authentik-deps]

TASK [galaxy/wetty : ansible.builtin.include_tasks] ****************************
skipping: [mash.met.surf]
skipping: [mash.met.surf-infisical-deps]
skipping: [mash.met.surf-authentik-deps]

TASK [galaxy/wetty : ansible.builtin.include_tasks] ****************************
skipping: [mash.met.surf]
skipping: [mash.met.surf-infisical-deps]
skipping: [mash.met.surf-authentik-deps]

TASK [galaxy/wetty : ansible.builtin.include_tasks] ****************************
included: /home/user/work/mash-playbook/roles/galaxy/wetty/tasks/uninstall.yml for mash.met.surf, mash.met.surf-infisical-deps, mash.met.surf-authentik-deps

TASK [galaxy/wetty : Check existence of Wetty systemd service] *****************
ok: [mash.met.surf-authentik-deps]
ok: [mash.met.surf-infisical-deps]
ok: [mash.met.surf]

TASK [galaxy/wetty : Ensure Wetty systemd service is stopped] ******************
skipping: [mash.met.surf]
skipping: [mash.met.surf-infisical-deps]
skipping: [mash.met.surf-authentik-deps]

TASK [galaxy/wetty : Ensure Wetty systemd service does not exists] *************
skipping: [mash.met.surf]
skipping: [mash.met.surf-infisical-deps]
skipping: [mash.met.surf-authentik-deps]

TASK [galaxy/wetty : Ensure Wetty path doesn't exist] **************************
skipping: [mash.met.surf]
skipping: [mash.met.surf-infisical-deps]
skipping: [mash.met.surf-authentik-deps]

TASK [galaxy/wg_easy : Validate WireGuard Easy configuration] ******************
skipping: [mash.met.surf]
skipping: [mash.met.surf-infisical-deps]
skipping: [mash.met.surf-authentik-deps]

TASK [galaxy/wg_easy : Install WireGuard Easy] *********************************
skipping: [mash.met.surf]
skipping: [mash.met.surf-infisical-deps]
skipping: [mash.met.surf-authentik-deps]

TASK [galaxy/wg_easy : Uninstall WireGuard Easy] *******************************
included: /home/user/work/mash-playbook/roles/galaxy/wg_easy/tasks/uninstall.yml for mash.met.surf, mash.met.surf-infisical-deps, mash.met.surf-authentik-deps

TASK [galaxy/wg_easy : Check existence of WireGuard Easy systemd service] ******
ok: [mash.met.surf]
ok: [mash.met.surf-infisical-deps]
ok: [mash.met.surf-authentik-deps]

TASK [galaxy/wg_easy : Ensure WireGuard Easy systemd service is stopped] *******
skipping: [mash.met.surf]
skipping: [mash.met.surf-infisical-deps]
skipping: [mash.met.surf-authentik-deps]

TASK [galaxy/wg_easy : Ensure WireGuard Easy systemd service does not exist] ***
skipping: [mash.met.surf]
skipping: [mash.met.surf-infisical-deps]
skipping: [mash.met.surf-authentik-deps]

TASK [galaxy/wg_easy : Ensure WireGuard Easy container network does not exist via community.docker.docker_network] ***
skipping: [mash.met.surf]
skipping: [mash.met.surf-infisical-deps]
skipping: [mash.met.surf-authentik-deps]

TASK [galaxy/wg_easy : Ensure WireGuard Easy container network does not exist via ansible.builtin.command] ***
skipping: [mash.met.surf]
skipping: [mash.met.surf-infisical-deps]
skipping: [mash.met.surf-authentik-deps]

TASK [galaxy/wg_easy : Ensure WireGuard Easy path does not exist] **************
skipping: [mash.met.surf]
skipping: [mash.met.surf-infisical-deps]
skipping: [mash.met.surf-authentik-deps]

TASK [galaxy/woodpecker_ci_agent : Validate Woodpecker CI agent configuration] ***
skipping: [mash.met.surf]
skipping: [mash.met.surf-infisical-deps]
skipping: [mash.met.surf-authentik-deps]

TASK [galaxy/woodpecker_ci_agent : Install Woodpecker CI agent] ****************
skipping: [mash.met.surf]
skipping: [mash.met.surf-infisical-deps]
skipping: [mash.met.surf-authentik-deps]

TASK [galaxy/woodpecker_ci_agent : Uninstall Woodpecker CI agent] **************
included: /home/user/work/mash-playbook/roles/galaxy/woodpecker_ci_agent/tasks/uninstall.yml for mash.met.surf, mash.met.surf-infisical-deps, mash.met.surf-authentik-deps

TASK [galaxy/woodpecker_ci_agent : Check existence of Woodpecker CI agent systemd service] ***
ok: [mash.met.surf]
ok: [mash.met.surf-infisical-deps]
ok: [mash.met.surf-authentik-deps]

TASK [galaxy/woodpecker_ci_agent : Ensure Woodpecker CI agent systemd service is stopped] ***
skipping: [mash.met.surf]
skipping: [mash.met.surf-infisical-deps]
skipping: [mash.met.surf-authentik-deps]

TASK [galaxy/woodpecker_ci_agent : Ensure Woodpecker CI agent systemd service does not exist] ***
skipping: [mash.met.surf]
skipping: [mash.met.surf-infisical-deps]
skipping: [mash.met.surf-authentik-deps]

TASK [galaxy/woodpecker_ci_agent : Ensure Woodpecker CI agent container network does not exist via community.docker.docker_network] ***
skipping: [mash.met.surf]
skipping: [mash.met.surf-infisical-deps]
skipping: [mash.met.surf-authentik-deps]

TASK [galaxy/woodpecker_ci_agent : Ensure Woodpecker CI agent container network does not exist via ansible.builtin.command] ***
skipping: [mash.met.surf]
skipping: [mash.met.surf-infisical-deps]
skipping: [mash.met.surf-authentik-deps]

TASK [galaxy/woodpecker_ci_agent : Ensure Woodpecker CI agent path does not exist] ***
skipping: [mash.met.surf]
skipping: [mash.met.surf-infisical-deps]
skipping: [mash.met.surf-authentik-deps]

TASK [galaxy/woodpecker_ci_server : Validate Woodpecker CI server configuration] ***
skipping: [mash.met.surf]
skipping: [mash.met.surf-infisical-deps]
skipping: [mash.met.surf-authentik-deps]

TASK [galaxy/woodpecker_ci_server : Install Woodpecker CI server] **************
skipping: [mash.met.surf]
skipping: [mash.met.surf-infisical-deps]
skipping: [mash.met.surf-authentik-deps]

TASK [galaxy/woodpecker_ci_server : Uninstall Woodpecker CI server] ************
included: /home/user/work/mash-playbook/roles/galaxy/woodpecker_ci_server/tasks/uninstall.yml for mash.met.surf, mash.met.surf-infisical-deps, mash.met.surf-authentik-deps

TASK [galaxy/woodpecker_ci_server : Check existence of Woodpecker CI server systemd service] ***
ok: [mash.met.surf-infisical-deps]
ok: [mash.met.surf]
ok: [mash.met.surf-authentik-deps]

TASK [galaxy/woodpecker_ci_server : Ensure Woodpecker CI server systemd service is stopped] ***
skipping: [mash.met.surf]
skipping: [mash.met.surf-infisical-deps]
skipping: [mash.met.surf-authentik-deps]

TASK [galaxy/woodpecker_ci_server : Ensure Woodpecker CI server systemd service does not exist] ***
skipping: [mash.met.surf]
skipping: [mash.met.surf-infisical-deps]
skipping: [mash.met.surf-authentik-deps]

TASK [galaxy/woodpecker_ci_server : Ensure Woodpecker CI server support files do not exist] ***
skipping: [mash.met.surf] => (item=env) 
skipping: [mash.met.surf] => (item=labels) 
skipping: [mash.met.surf]
skipping: [mash.met.surf-infisical-deps] => (item=env) 
skipping: [mash.met.surf-infisical-deps] => (item=labels) 
skipping: [mash.met.surf-infisical-deps]
skipping: [mash.met.surf-authentik-deps] => (item=env) 
skipping: [mash.met.surf-authentik-deps] => (item=labels) 
skipping: [mash.met.surf-authentik-deps]

TASK [galaxy/woodpecker_ci_server : Ensure Woodpecker CI server local data path does not exist if empty] ***
skipping: [mash.met.surf]
skipping: [mash.met.surf-infisical-deps]
skipping: [mash.met.surf-authentik-deps]

TASK [galaxy/woodpecker_ci_server : Ensure Woodpecker CI server base path does not exist if empty] ***
skipping: [mash.met.surf]
skipping: [mash.met.surf-infisical-deps]
skipping: [mash.met.surf-authentik-deps]

TASK [galaxy/woodpecker_ci_server : Ensure Woodpecker CI server container network does not exist via community.docker.docker_network] ***
skipping: [mash.met.surf]
skipping: [mash.met.surf-infisical-deps]
skipping: [mash.met.surf-authentik-deps]

TASK [galaxy/woodpecker_ci_server : Ensure Woodpecker CI server container network does not exist via ansible.builtin.command] ***
skipping: [mash.met.surf]
skipping: [mash.met.surf-infisical-deps]
skipping: [mash.met.surf-authentik-deps]

TASK [galaxy/woodpecker_ci_server : Check existence of Woodpecker CI server local data path] ***
ok: [mash.met.surf-infisical-deps]
ok: [mash.met.surf]
ok: [mash.met.surf-authentik-deps]

TASK [galaxy/woodpecker_ci_server : Notify if Woodpecker CI server local data remains] ***
skipping: [mash.met.surf]
skipping: [mash.met.surf-infisical-deps]
skipping: [mash.met.surf-authentik-deps]

TASK [galaxy/wordpress : Validate WordPress configuration] *********************
skipping: [mash.met.surf]
skipping: [mash.met.surf-infisical-deps]
skipping: [mash.met.surf-authentik-deps]

TASK [galaxy/wordpress : Install WordPress] ************************************
skipping: [mash.met.surf]
skipping: [mash.met.surf-infisical-deps]
skipping: [mash.met.surf-authentik-deps]

TASK [galaxy/wordpress : Uninstall WordPress] **********************************
included: /home/user/work/mash-playbook/roles/galaxy/wordpress/tasks/uninstall.yml for mash.met.surf, mash.met.surf-infisical-deps, mash.met.surf-authentik-deps

TASK [galaxy/wordpress : Check existence of WordPress systemd service] *********
ok: [mash.met.surf]
ok: [mash.met.surf-infisical-deps]
ok: [mash.met.surf-authentik-deps]

TASK [galaxy/wordpress : Ensure WordPress systemd service is stopped] **********
skipping: [mash.met.surf]
skipping: [mash.met.surf-infisical-deps]
skipping: [mash.met.surf-authentik-deps]

TASK [galaxy/wordpress : Ensure WordPress systemd service does not exist] ******
skipping: [mash.met.surf]
skipping: [mash.met.surf-infisical-deps]
skipping: [mash.met.surf-authentik-deps]

TASK [galaxy/wordpress : Ensure WordPress container network does not exist via community.docker.docker_network] ***
skipping: [mash.met.surf]
skipping: [mash.met.surf-infisical-deps]
skipping: [mash.met.surf-authentik-deps]

TASK [galaxy/wordpress : Ensure WordPress container network does not exist via ansible.builtin.command] ***
skipping: [mash.met.surf]
skipping: [mash.met.surf-infisical-deps]
skipping: [mash.met.surf-authentik-deps]

TASK [galaxy/wordpress : Ensure WordPress path does not exist] *****************
skipping: [mash.met.surf]
skipping: [mash.met.surf-infisical-deps]
skipping: [mash.met.surf-authentik-deps]

TASK [galaxy/writefreely : ansible.builtin.include_tasks] **********************
skipping: [mash.met.surf]
skipping: [mash.met.surf-infisical-deps]
skipping: [mash.met.surf-authentik-deps]

TASK [galaxy/writefreely : ansible.builtin.include_tasks] **********************
skipping: [mash.met.surf]
skipping: [mash.met.surf-infisical-deps]
skipping: [mash.met.surf-authentik-deps]

TASK [galaxy/writefreely : ansible.builtin.include_tasks] **********************
included: /home/user/work/mash-playbook/roles/galaxy/writefreely/tasks/uninstall.yml for mash.met.surf, mash.met.surf-infisical-deps, mash.met.surf-authentik-deps

TASK [galaxy/writefreely : Check existence of writefreely systemd service] *****
ok: [mash.met.surf-infisical-deps]
ok: [mash.met.surf]
ok: [mash.met.surf-authentik-deps]

TASK [galaxy/writefreely : Ensure writefreely service is stopped] **************
skipping: [mash.met.surf]
skipping: [mash.met.surf-infisical-deps]
skipping: [mash.met.surf-authentik-deps]

TASK [galaxy/writefreely : Ensure writefreely service doesn't exist] ***********
skipping: [mash.met.surf]
skipping: [mash.met.surf-infisical-deps]
skipping: [mash.met.surf-authentik-deps]

TASK [galaxy/writefreely : Ensure writefreely base path is files deleted (make sure to delete node data)] ***
skipping: [mash.met.surf]
skipping: [mash.met.surf-infisical-deps]
skipping: [mash.met.surf-authentik-deps]

TASK [galaxy/yacy : Validate YaCy configuration] *******************************
skipping: [mash.met.surf]
skipping: [mash.met.surf-infisical-deps]
skipping: [mash.met.surf-authentik-deps]

TASK [galaxy/yacy : Install YaCy] **********************************************
skipping: [mash.met.surf]
skipping: [mash.met.surf-infisical-deps]
skipping: [mash.met.surf-authentik-deps]

TASK [galaxy/yacy : Uninstall YaCy] ********************************************
included: /home/user/work/mash-playbook/roles/galaxy/yacy/tasks/uninstall.yml for mash.met.surf, mash.met.surf-infisical-deps, mash.met.surf-authentik-deps

TASK [galaxy/yacy : Check existence of YaCy systemd service] *******************
ok: [mash.met.surf]
ok: [mash.met.surf-infisical-deps]
ok: [mash.met.surf-authentik-deps]

TASK [galaxy/yacy : Ensure YaCy systemd service is stopped] ********************
skipping: [mash.met.surf]
skipping: [mash.met.surf-infisical-deps]
skipping: [mash.met.surf-authentik-deps]

TASK [galaxy/yacy : Ensure YaCy systemd service does not exist] ****************
skipping: [mash.met.surf]
skipping: [mash.met.surf-infisical-deps]
skipping: [mash.met.surf-authentik-deps]

TASK [galaxy/yacy : Ensure YaCy support files do not exist] ********************
skipping: [mash.met.surf] => (item=env) 
skipping: [mash.met.surf] => (item=labels) 
skipping: [mash.met.surf]
skipping: [mash.met.surf-infisical-deps] => (item=env) 
skipping: [mash.met.surf-infisical-deps] => (item=labels) 
skipping: [mash.met.surf-infisical-deps]
skipping: [mash.met.surf-authentik-deps] => (item=env) 
skipping: [mash.met.surf-authentik-deps] => (item=labels) 
skipping: [mash.met.surf-authentik-deps]

TASK [galaxy/yacy : Ensure YaCy image source files path does not exist] ********
skipping: [mash.met.surf]
skipping: [mash.met.surf-infisical-deps]
skipping: [mash.met.surf-authentik-deps]

TASK [galaxy/yacy : Ensure YaCy container network does not exist via community.docker.docker_network] ***
skipping: [mash.met.surf]
skipping: [mash.met.surf-infisical-deps]
skipping: [mash.met.surf-authentik-deps]

TASK [galaxy/yacy : Ensure YaCy container network does not exist via ansible.builtin.command] ***
skipping: [mash.met.surf]
skipping: [mash.met.surf-infisical-deps]
skipping: [mash.met.surf-authentik-deps]

TASK [galaxy/yacy : Check existence of YaCy local data path] *******************
ok: [mash.met.surf]
ok: [mash.met.surf-authentik-deps]
ok: [mash.met.surf-infisical-deps]

TASK [galaxy/yacy : Notify if YaCy local data remains] *************************
skipping: [mash.met.surf]
skipping: [mash.met.surf-infisical-deps]
skipping: [mash.met.surf-authentik-deps]

TASK [galaxy/yourls : Validate YOURLS configuration] ***************************
skipping: [mash.met.surf]
skipping: [mash.met.surf-infisical-deps]
skipping: [mash.met.surf-authentik-deps]

TASK [galaxy/yourls : Install YOURLS] ******************************************
skipping: [mash.met.surf]
skipping: [mash.met.surf-infisical-deps]
skipping: [mash.met.surf-authentik-deps]

TASK [galaxy/yourls : Uninstall YOURLS] ****************************************
included: /home/user/work/mash-playbook/roles/galaxy/yourls/tasks/uninstall.yml for mash.met.surf, mash.met.surf-infisical-deps, mash.met.surf-authentik-deps

TASK [galaxy/yourls : Check existence of YOURLS systemd service] ***************
ok: [mash.met.surf]
ok: [mash.met.surf-infisical-deps]
ok: [mash.met.surf-authentik-deps]

TASK [galaxy/yourls : Ensure YOURLS systemd service is stopped] ****************
skipping: [mash.met.surf]
skipping: [mash.met.surf-infisical-deps]
skipping: [mash.met.surf-authentik-deps]

TASK [galaxy/yourls : Ensure YOURLS systemd service does not exist] ************
skipping: [mash.met.surf]
skipping: [mash.met.surf-infisical-deps]
skipping: [mash.met.surf-authentik-deps]

TASK [galaxy/yourls : Ensure YOURLS container network does not exist via community.docker.docker_network] ***
skipping: [mash.met.surf]
skipping: [mash.met.surf-infisical-deps]
skipping: [mash.met.surf-authentik-deps]

TASK [galaxy/yourls : Ensure YOURLS container network does not exist via ansible.builtin.command] ***
skipping: [mash.met.surf]
skipping: [mash.met.surf-infisical-deps]
skipping: [mash.met.surf-authentik-deps]

TASK [galaxy/yourls : Ensure YOURLS path does not exist] ***********************
skipping: [mash.met.surf]
skipping: [mash.met.surf-infisical-deps]
skipping: [mash.met.surf-authentik-deps]

TASK [galaxy/auxiliary : ansible.builtin.include_tasks] ************************
included: /home/user/work/mash-playbook/roles/galaxy/auxiliary/tasks/setup.yml for mash.met.surf, mash.met.surf-infisical-deps, mash.met.surf-authentik-deps

TASK [galaxy/auxiliary : Ensure AUX directories are created] *******************
skipping: [mash.met.surf]
skipping: [mash.met.surf-infisical-deps]
skipping: [mash.met.surf-authentik-deps]

TASK [galaxy/auxiliary : Ensure AUX files are created] *************************
skipping: [mash.met.surf]
skipping: [mash.met.surf-infisical-deps]
skipping: [mash.met.surf-authentik-deps]

TASK [galaxy/auxiliary : Ensure AUX packages are installed] ********************
skipping: [mash.met.surf]
skipping: [mash.met.surf-infisical-deps]
skipping: [mash.met.surf-authentik-deps]

TASK [galaxy/auxiliary : Ensure AUX commands are run] **************************
skipping: [mash.met.surf]
skipping: [mash.met.surf-infisical-deps]
skipping: [mash.met.surf-authentik-deps]

TASK [galaxy/systemd_service_manager : ansible.builtin.include_tasks] **********
included: /home/user/work/mash-playbook/roles/galaxy/systemd_service_manager/tasks/validate_config.yml for mash.met.surf, mash.met.surf-infisical-deps, mash.met.surf-authentik-deps

TASK [galaxy/systemd_service_manager : Fail if devture_systemd_service_manager_service_restart_mode is invalid] ***
skipping: [mash.met.surf]
skipping: [mash.met.surf-infisical-deps]
skipping: [mash.met.surf-authentik-deps]

TASK [galaxy/systemd_service_manager : ansible.builtin.include_tasks] **********
included: /home/user/work/mash-playbook/roles/galaxy/systemd_service_manager/tasks/restart_all.yml for mash.met.surf, mash.met.surf-infisical-deps, mash.met.surf-authentik-deps

TASK [galaxy/systemd_service_manager : include_tasks] **************************
included: /home/user/work/mash-playbook/roles/galaxy/systemd_service_manager/tasks/restart_specified.yml for mash.met.surf, mash.met.surf-infisical-deps, mash.met.surf-authentik-deps

TASK [galaxy/systemd_service_manager : Ensure systemd is reloaded] *************
ok: [mash.met.surf]
ok: [mash.met.surf-infisical-deps]
ok: [mash.met.surf-authentik-deps]

TASK [galaxy/systemd_service_manager : Ensure single systemd service is restarted] ***
skipping: [mash.met.surf] => (item={'name': 'mash-postgres-backup.service', 'priority': 5000, 'groups': ['mash', 'backup', 'postgres-backup']}) 
skipping: [mash.met.surf] => (item={'name': 'mash-vikunja.service', 'priority': 2000, 'groups': ['mash', 'vikunja']}) 
skipping: [mash.met.surf] => (item={'name': 'mash-vaultwarden.service', 'priority': 2000, 'groups': ['mash', 'vaultwarden', 'vaultwarden-server']}) 
skipping: [mash.met.surf] => (item={'name': 'mash-syncthing.service', 'priority': 2000, 'groups': ['mash', 'syncthing']}) 
skipping: [mash.met.surf] => (item={'name': 'mash-searxng.service', 'priority': 2000, 'groups': ['mash', 'searxng']}) 
skipping: [mash.met.surf] => (item={'name': 'mash-prometheus.service', 'priority': 2000, 'groups': ['mash', 'metrics', 'prometheus']}) 
skipping: [mash.met.surf] => (item={'name': 'mash-mongodb.service', 'priority': 2000, 'groups': ['mash', 'mongodb']}) 
skipping: [mash.met.surf] => (item={'name': 'mash-loki.service', 'priority': 2000, 'groups': ['mash', 'loki']}) 
skipping: [mash.met.surf] => (item={'name': 'mash-karakeep.service', 'priority': 2000, 'groups': ['mash', 'karakeep']}) 
skipping: [mash.met.surf] => (item={'name': 'mash-infisical-frontend.service', 'priority': 2000, 'groups': ['mash', 'infisical', 'infisical-frontend']}) 
changed: [mash.met.surf-authentik-deps] => (item={'name': 'mash-authentik-valkey.service', 'priority': 750, 'groups': ['mash', 'valkey']})
changed: [mash.met.surf-infisical-deps] => (item={'name': 'mash-infisical-valkey.service', 'priority': 750, 'groups': ['mash', 'valkey']})
skipping: [mash.met.surf] => (item={'name': 'mash-infisical-backend.service', 'priority': 2000, 'groups': ['mash', 'infisical', 'infisical-backend']}) 
skipping: [mash.met.surf] => (item={'name': 'mash-headscale.service', 'priority': 2000, 'groups': ['mash', 'headscale']}) 
skipping: [mash.met.surf] => (item={'name': 'mash-grafana.service', 'priority': 2000, 'groups': ['mash', 'grafana']}) 
skipping: [mash.met.surf] => (item={'name': 'mash-forgejo.service', 'priority': 2000, 'groups': ['mash', 'forgejo', 'forgejo-server']}) 
skipping: [mash.met.surf] => (item={'name': 'mash-cyberchef.service', 'priority': 2000, 'groups': ['mash', 'cyberchef']}) 
skipping: [mash.met.surf] => (item={'name': 'mash-convertx.service', 'priority': 2000, 'groups': ['mash', 'convertx']}) 
skipping: [mash.met.surf] => (item={'name': 'mash-authentik-worker.service', 'priority': 2000, 'groups': ['mash', 'authentik']}) 
skipping: [mash.met.surf] => (item={'name': 'mash-authentik-server.service', 'priority': 2000, 'groups': ['mash', 'authentik']}) 
skipping: [mash.met.surf] => (item={'name': 'mash-audiobookshelf.service', 'priority': 2000, 'groups': ['mash', 'audiobookshelf']}) 
skipping: [mash.met.surf] => (item={'name': 'mash-atuin.service', 'priority': 2000, 'groups': ['mash', 'atuin']}) 
skipping: [mash.met.surf] => (item={'name': 'mash-promtail.service', 'priority': 500, 'groups': ['mash', 'logs', 'promtail']}) 
skipping: [mash.met.surf] => (item={'name': 'mash-prometheus-node-exporter.service', 'priority': 500, 'groups': ['mash', 'metrics', 'prometheus-node-exporter']}) 
skipping: [mash.met.surf] => (item={'name': 'mash-postgres.service', 'priority': 500, 'groups': ['mash', 'postgres']}) 
skipping: [mash.met.surf] => (item={'name': 'mash-traefik.service', 'priority': 250, 'groups': ['mash', 'traefik', 'reverse-proxies']}) 
skipping: [mash.met.surf] => (item={'name': 'mash-container-socket-proxy.service', 'priority': 200, 'groups': ['mash', 'reverse-proxies', 'container-socket-proxy']}) 
skipping: [mash.met.surf]

TASK [galaxy/systemd_service_manager : Ensure systemd services are stopped] ****
skipping: [mash.met.surf-infisical-deps] => (item={'name': 'mash-infisical-valkey.service', 'priority': 750, 'groups': ['mash', 'valkey']}) 
skipping: [mash.met.surf-infisical-deps]
skipping: [mash.met.surf-authentik-deps] => (item={'name': 'mash-authentik-valkey.service', 'priority': 750, 'groups': ['mash', 'valkey']}) 
skipping: [mash.met.surf-authentik-deps]
changed: [mash.met.surf] => (item={'name': 'mash-postgres-backup.service', 'priority': 5000, 'groups': ['mash', 'backup', 'postgres-backup']})
changed: [mash.met.surf] => (item={'name': 'mash-vikunja.service', 'priority': 2000, 'groups': ['mash', 'vikunja']})
changed: [mash.met.surf] => (item={'name': 'mash-vaultwarden.service', 'priority': 2000, 'groups': ['mash', 'vaultwarden', 'vaultwarden-server']})
changed: [mash.met.surf] => (item={'name': 'mash-syncthing.service', 'priority': 2000, 'groups': ['mash', 'syncthing']})
changed: [mash.met.surf] => (item={'name': 'mash-searxng.service', 'priority': 2000, 'groups': ['mash', 'searxng']})
changed: [mash.met.surf] => (item={'name': 'mash-prometheus.service', 'priority': 2000, 'groups': ['mash', 'metrics', 'prometheus']})
changed: [mash.met.surf] => (item={'name': 'mash-mongodb.service', 'priority': 2000, 'groups': ['mash', 'mongodb']})
changed: [mash.met.surf] => (item={'name': 'mash-loki.service', 'priority': 2000, 'groups': ['mash', 'loki']})
changed: [mash.met.surf] => (item={'name': 'mash-karakeep.service', 'priority': 2000, 'groups': ['mash', 'karakeep']})
changed: [mash.met.surf] => (item={'name': 'mash-infisical-frontend.service', 'priority': 2000, 'groups': ['mash', 'infisical', 'infisical-frontend']})
ok: [mash.met.surf] => (item={'name': 'mash-infisical-backend.service', 'priority': 2000, 'groups': ['mash', 'infisical', 'infisical-backend']})
changed: [mash.met.surf] => (item={'name': 'mash-headscale.service', 'priority': 2000, 'groups': ['mash', 'headscale']})
changed: [mash.met.surf] => (item={'name': 'mash-grafana.service', 'priority': 2000, 'groups': ['mash', 'grafana']})
changed: [mash.met.surf] => (item={'name': 'mash-forgejo.service', 'priority': 2000, 'groups': ['mash', 'forgejo', 'forgejo-server']})
changed: [mash.met.surf] => (item={'name': 'mash-cyberchef.service', 'priority': 2000, 'groups': ['mash', 'cyberchef']})
changed: [mash.met.surf] => (item={'name': 'mash-convertx.service', 'priority': 2000, 'groups': ['mash', 'convertx']})
changed: [mash.met.surf] => (item={'name': 'mash-authentik-worker.service', 'priority': 2000, 'groups': ['mash', 'authentik']})
changed: [mash.met.surf] => (item={'name': 'mash-authentik-server.service', 'priority': 2000, 'groups': ['mash', 'authentik']})
changed: [mash.met.surf] => (item={'name': 'mash-audiobookshelf.service', 'priority': 2000, 'groups': ['mash', 'audiobookshelf']})
changed: [mash.met.surf] => (item={'name': 'mash-atuin.service', 'priority': 2000, 'groups': ['mash', 'atuin']})
changed: [mash.met.surf] => (item={'name': 'mash-promtail.service', 'priority': 500, 'groups': ['mash', 'logs', 'promtail']})
changed: [mash.met.surf] => (item={'name': 'mash-prometheus-node-exporter.service', 'priority': 500, 'groups': ['mash', 'metrics', 'prometheus-node-exporter']})
changed: [mash.met.surf] => (item={'name': 'mash-postgres.service', 'priority': 500, 'groups': ['mash', 'postgres']})
changed: [mash.met.surf] => (item={'name': 'mash-traefik.service', 'priority': 250, 'groups': ['mash', 'traefik', 'reverse-proxies']})
changed: [mash.met.surf] => (item={'name': 'mash-container-socket-proxy.service', 'priority': 200, 'groups': ['mash', 'reverse-proxies', 'container-socket-proxy']})

TASK [galaxy/systemd_service_manager : Ensure systemd services are started] ****
skipping: [mash.met.surf-infisical-deps] => (item={'name': 'mash-infisical-valkey.service', 'priority': 750, 'groups': ['mash', 'valkey']}) 
skipping: [mash.met.surf-infisical-deps]
skipping: [mash.met.surf-authentik-deps] => (item={'name': 'mash-authentik-valkey.service', 'priority': 750, 'groups': ['mash', 'valkey']}) 
skipping: [mash.met.surf-authentik-deps]
changed: [mash.met.surf] => (item={'name': 'mash-container-socket-proxy.service', 'priority': 200, 'groups': ['mash', 'reverse-proxies', 'container-socket-proxy']})
changed: [mash.met.surf] => (item={'name': 'mash-traefik.service', 'priority': 250, 'groups': ['mash', 'traefik', 'reverse-proxies']})
changed: [mash.met.surf] => (item={'name': 'mash-postgres.service', 'priority': 500, 'groups': ['mash', 'postgres']})
changed: [mash.met.surf] => (item={'name': 'mash-prometheus-node-exporter.service', 'priority': 500, 'groups': ['mash', 'metrics', 'prometheus-node-exporter']})
changed: [mash.met.surf] => (item={'name': 'mash-promtail.service', 'priority': 500, 'groups': ['mash', 'logs', 'promtail']})
changed: [mash.met.surf] => (item={'name': 'mash-atuin.service', 'priority': 2000, 'groups': ['mash', 'atuin']})
changed: [mash.met.surf] => (item={'name': 'mash-audiobookshelf.service', 'priority': 2000, 'groups': ['mash', 'audiobookshelf']})
changed: [mash.met.surf] => (item={'name': 'mash-authentik-server.service', 'priority': 2000, 'groups': ['mash', 'authentik']})
changed: [mash.met.surf] => (item={'name': 'mash-authentik-worker.service', 'priority': 2000, 'groups': ['mash', 'authentik']})
changed: [mash.met.surf] => (item={'name': 'mash-convertx.service', 'priority': 2000, 'groups': ['mash', 'convertx']})
changed: [mash.met.surf] => (item={'name': 'mash-cyberchef.service', 'priority': 2000, 'groups': ['mash', 'cyberchef']})
changed: [mash.met.surf] => (item={'name': 'mash-forgejo.service', 'priority': 2000, 'groups': ['mash', 'forgejo', 'forgejo-server']})
changed: [mash.met.surf] => (item={'name': 'mash-grafana.service', 'priority': 2000, 'groups': ['mash', 'grafana']})
changed: [mash.met.surf] => (item={'name': 'mash-headscale.service', 'priority': 2000, 'groups': ['mash', 'headscale']})
changed: [mash.met.surf] => (item={'name': 'mash-infisical-backend.service', 'priority': 2000, 'groups': ['mash', 'infisical', 'infisical-backend']})
changed: [mash.met.surf] => (item={'name': 'mash-infisical-frontend.service', 'priority': 2000, 'groups': ['mash', 'infisical', 'infisical-frontend']})
changed: [mash.met.surf] => (item={'name': 'mash-karakeep.service', 'priority': 2000, 'groups': ['mash', 'karakeep']})
changed: [mash.met.surf] => (item={'name': 'mash-loki.service', 'priority': 2000, 'groups': ['mash', 'loki']})
ok: [mash.met.surf] => (item={'name': 'mash-mongodb.service', 'priority': 2000, 'groups': ['mash', 'mongodb']})
changed: [mash.met.surf] => (item={'name': 'mash-prometheus.service', 'priority': 2000, 'groups': ['mash', 'metrics', 'prometheus']})
changed: [mash.met.surf] => (item={'name': 'mash-searxng.service', 'priority': 2000, 'groups': ['mash', 'searxng']})
changed: [mash.met.surf] => (item={'name': 'mash-syncthing.service', 'priority': 2000, 'groups': ['mash', 'syncthing']})
changed: [mash.met.surf] => (item={'name': 'mash-vaultwarden.service', 'priority': 2000, 'groups': ['mash', 'vaultwarden', 'vaultwarden-server']})
changed: [mash.met.surf] => (item={'name': 'mash-vikunja.service', 'priority': 2000, 'groups': ['mash', 'vikunja']})
changed: [mash.met.surf] => (item={'name': 'mash-postgres-backup.service', 'priority': 5000, 'groups': ['mash', 'backup', 'postgres-backup']})

TASK [galaxy/systemd_service_manager : Ensure systemd services are restarted one by one] ***
skipping: [mash.met.surf-infisical-deps] => (item={'name': 'mash-infisical-valkey.service', 'priority': 750, 'groups': ['mash', 'valkey']}) 
skipping: [mash.met.surf-infisical-deps]
skipping: [mash.met.surf] => (item={'name': 'mash-container-socket-proxy.service', 'priority': 200, 'groups': ['mash', 'reverse-proxies', 'container-socket-proxy']}) 
skipping: [mash.met.surf] => (item={'name': 'mash-traefik.service', 'priority': 250, 'groups': ['mash', 'traefik', 'reverse-proxies']}) 
skipping: [mash.met.surf] => (item={'name': 'mash-postgres.service', 'priority': 500, 'groups': ['mash', 'postgres']}) 
skipping: [mash.met.surf] => (item={'name': 'mash-prometheus-node-exporter.service', 'priority': 500, 'groups': ['mash', 'metrics', 'prometheus-node-exporter']}) 
skipping: [mash.met.surf] => (item={'name': 'mash-promtail.service', 'priority': 500, 'groups': ['mash', 'logs', 'promtail']}) 
skipping: [mash.met.surf] => (item={'name': 'mash-atuin.service', 'priority': 2000, 'groups': ['mash', 'atuin']}) 
skipping: [mash.met.surf] => (item={'name': 'mash-audiobookshelf.service', 'priority': 2000, 'groups': ['mash', 'audiobookshelf']}) 
skipping: [mash.met.surf] => (item={'name': 'mash-authentik-server.service', 'priority': 2000, 'groups': ['mash', 'authentik']}) 
skipping: [mash.met.surf] => (item={'name': 'mash-authentik-worker.service', 'priority': 2000, 'groups': ['mash', 'authentik']}) 
skipping: [mash.met.surf] => (item={'name': 'mash-convertx.service', 'priority': 2000, 'groups': ['mash', 'convertx']}) 
skipping: [mash.met.surf] => (item={'name': 'mash-cyberchef.service', 'priority': 2000, 'groups': ['mash', 'cyberchef']}) 
skipping: [mash.met.surf] => (item={'name': 'mash-forgejo.service', 'priority': 2000, 'groups': ['mash', 'forgejo', 'forgejo-server']}) 
skipping: [mash.met.surf] => (item={'name': 'mash-grafana.service', 'priority': 2000, 'groups': ['mash', 'grafana']}) 
skipping: [mash.met.surf] => (item={'name': 'mash-headscale.service', 'priority': 2000, 'groups': ['mash', 'headscale']}) 
skipping: [mash.met.surf] => (item={'name': 'mash-infisical-backend.service', 'priority': 2000, 'groups': ['mash', 'infisical', 'infisical-backend']}) 
skipping: [mash.met.surf] => (item={'name': 'mash-infisical-frontend.service', 'priority': 2000, 'groups': ['mash', 'infisical', 'infisical-frontend']}) 
skipping: [mash.met.surf] => (item={'name': 'mash-karakeep.service', 'priority': 2000, 'groups': ['mash', 'karakeep']}) 
skipping: [mash.met.surf] => (item={'name': 'mash-loki.service', 'priority': 2000, 'groups': ['mash', 'loki']}) 
skipping: [mash.met.surf-authentik-deps] => (item={'name': 'mash-authentik-valkey.service', 'priority': 750, 'groups': ['mash', 'valkey']}) 
skipping: [mash.met.surf-authentik-deps]
skipping: [mash.met.surf] => (item={'name': 'mash-mongodb.service', 'priority': 2000, 'groups': ['mash', 'mongodb']}) 
skipping: [mash.met.surf] => (item={'name': 'mash-prometheus.service', 'priority': 2000, 'groups': ['mash', 'metrics', 'prometheus']}) 
skipping: [mash.met.surf] => (item={'name': 'mash-searxng.service', 'priority': 2000, 'groups': ['mash', 'searxng']}) 
skipping: [mash.met.surf] => (item={'name': 'mash-syncthing.service', 'priority': 2000, 'groups': ['mash', 'syncthing']}) 
skipping: [mash.met.surf] => (item={'name': 'mash-vaultwarden.service', 'priority': 2000, 'groups': ['mash', 'vaultwarden', 'vaultwarden-server']}) 
skipping: [mash.met.surf] => (item={'name': 'mash-vikunja.service', 'priority': 2000, 'groups': ['mash', 'vikunja']}) 
skipping: [mash.met.surf] => (item={'name': 'mash-postgres-backup.service', 'priority': 5000, 'groups': ['mash', 'backup', 'postgres-backup']}) 
skipping: [mash.met.surf]

TASK [galaxy/systemd_service_manager : Wait a bit, so that services can start (or fail)] ***
ok: [mash.met.surf -> 127.0.0.1]
ok: [mash.met.surf-infisical-deps -> 127.0.0.1]
ok: [mash.met.surf-authentik-deps -> 127.0.0.1]

TASK [galaxy/systemd_service_manager : Populate service facts] *****************
ok: [mash.met.surf-authentik-deps]
ok: [mash.met.surf-infisical-deps]
ok: [mash.met.surf]

TASK [galaxy/systemd_service_manager : Fail if service isn't detected to be running] ***
skipping: [mash.met.surf-infisical-deps] => (item=mash-infisical-valkey.service) 
skipping: [mash.met.surf-infisical-deps]
skipping: [mash.met.surf-authentik-deps] => (item=mash-authentik-valkey.service) 
skipping: [mash.met.surf-authentik-deps]
skipping: [mash.met.surf] => (item=mash-container-socket-proxy.service) 
skipping: [mash.met.surf] => (item=mash-traefik.service) 
skipping: [mash.met.surf] => (item=mash-postgres.service) 
skipping: [mash.met.surf] => (item=mash-prometheus-node-exporter.service) 
skipping: [mash.met.surf] => (item=mash-promtail.service) 
skipping: [mash.met.surf] => (item=mash-atuin.service) 
skipping: [mash.met.surf] => (item=mash-audiobookshelf.service) 
skipping: [mash.met.surf] => (item=mash-authentik-server.service) 
skipping: [mash.met.surf] => (item=mash-authentik-worker.service) 
skipping: [mash.met.surf] => (item=mash-convertx.service) 
skipping: [mash.met.surf] => (item=mash-cyberchef.service) 
skipping: [mash.met.surf] => (item=mash-forgejo.service) 
skipping: [mash.met.surf] => (item=mash-grafana.service) 
skipping: [mash.met.surf] => (item=mash-headscale.service) 
skipping: [mash.met.surf] => (item=mash-infisical-backend.service) 
skipping: [mash.met.surf] => (item=mash-infisical-frontend.service) 
skipping: [mash.met.surf] => (item=mash-karakeep.service) 
skipping: [mash.met.surf] => (item=mash-loki.service) 
skipping: [mash.met.surf] => (item=mash-mongodb.service) 
skipping: [mash.met.surf] => (item=mash-prometheus.service) 
skipping: [mash.met.surf] => (item=mash-searxng.service) 
skipping: [mash.met.surf] => (item=mash-syncthing.service) 
skipping: [mash.met.surf] => (item=mash-vaultwarden.service) 
skipping: [mash.met.surf] => (item=mash-vikunja.service) 
skipping: [mash.met.surf] => (item=mash-postgres-backup.service) 
skipping: [mash.met.surf]

TASK [galaxy/playbook_state_preserver : Fail if required playbook-state-preserver settings not defined] ***
skipping: [mash.met.surf] => (item=devture_playbook_state_preserver_uid) 
skipping: [mash.met.surf] => (item=devture_playbook_state_preserver_gid) 
skipping: [mash.met.surf]
skipping: [mash.met.surf-infisical-deps] => (item=devture_playbook_state_preserver_uid) 
skipping: [mash.met.surf-infisical-deps] => (item=devture_playbook_state_preserver_gid) 
skipping: [mash.met.surf-infisical-deps]
skipping: [mash.met.surf-authentik-deps] => (item=devture_playbook_state_preserver_uid) 
skipping: [mash.met.surf-authentik-deps] => (item=devture_playbook_state_preserver_gid) 
skipping: [mash.met.surf-authentik-deps]

TASK [galaxy/playbook_state_preserver : Fail if required playbook-state-preserver vars.yml-preservation settings not defined] ***
skipping: [mash.met.surf] => (item=devture_playbook_state_preserver_vars_preservation_dst) 
skipping: [mash.met.surf]
skipping: [mash.met.surf-infisical-deps] => (item=devture_playbook_state_preserver_vars_preservation_dst) 
skipping: [mash.met.surf-infisical-deps]
skipping: [mash.met.surf-authentik-deps] => (item=devture_playbook_state_preserver_vars_preservation_dst) 
skipping: [mash.met.surf-authentik-deps]

TASK [galaxy/playbook_state_preserver : Preserve vars.yml on the server for easily restoring if it gets lost later on] ***
ok: [mash.met.surf-authentik-deps]
ok: [mash.met.surf-infisical-deps]
changed: [mash.met.surf]

TASK [galaxy/playbook_state_preserver : Fail if required playbook-state-preserver commit-hash-preservation settings not defined] ***
skipping: [mash.met.surf] => (item=devture_playbook_state_preserver_commit_hash_preservation_dst) 
skipping: [mash.met.surf]
skipping: [mash.met.surf-infisical-deps] => (item=devture_playbook_state_preserver_commit_hash_preservation_dst) 
skipping: [mash.met.surf-infisical-deps]
skipping: [mash.met.surf-authentik-deps] => (item=devture_playbook_state_preserver_commit_hash_preservation_dst) 
skipping: [mash.met.surf-authentik-deps]

TASK [galaxy/playbook_state_preserver : Get local git hash] ********************
ok: [mash.met.surf -> 127.0.0.1]
ok: [mash.met.surf-infisical-deps -> 127.0.0.1]
ok: [mash.met.surf-authentik-deps -> 127.0.0.1]

TASK [galaxy/playbook_state_preserver : ansible.builtin.set_fact] **************
ok: [mash.met.surf]
ok: [mash.met.surf-infisical-deps]
ok: [mash.met.surf-authentik-deps]

TASK [galaxy/playbook_state_preserver : Git hash] ******************************
ok: [mash.met.surf] => {
    "msg": "Git hash: heads/main-0-g17d098a-dirty"
}
ok: [mash.met.surf-infisical-deps] => {
    "msg": "Git hash: heads/main-0-g17d098a-dirty"
}
ok: [mash.met.surf-authentik-deps] => {
    "msg": "Git hash: heads/main-0-g17d098a-dirty"
}

TASK [galaxy/playbook_state_preserver : Save git_hash.yml on target] ***********
changed: [mash.met.surf-authentik-deps]
changed: [mash.met.surf]
changed: [mash.met.surf-infisical-deps]

TASK [galaxy/playbook_runtime_messages : ansible.builtin.include_tasks] ********
skipping: [mash.met.surf-infisical-deps]
skipping: [mash.met.surf-authentik-deps]
included: /home/user/work/mash-playbook/roles/galaxy/playbook_runtime_messages/tasks/dump_runtime_messages.yml for mash.met.surf

TASK [galaxy/playbook_runtime_messages : ansible.builtin.debug] ****************
ok: [mash.met.surf] => (item=NOTE: Your setup is on an old Postgres version (17) and can be upgraded to version 18. You can upgrade using --tags=upgrade-postgres) => {
    "msg": ""
}
ok: [mash.met.surf] => (item=Note: As the local Nextcloud instance has been removed, some old data remains in `/srv/nextcloud`. Feel free to delete it.) => {
    "msg": ""
}

PLAY RECAP *********************************************************************
mash.met.surf              : ok=691  changed=43   unreachable=0    failed=0    skipped=1411 rescued=0    ignored=0   
mash.met.surf-authentik-deps : ok=489  changed=4    unreachable=0    failed=0    skipped=1393 rescued=0    ignored=0   
mash.met.surf-infisical-deps : ok=489  changed=3    unreachable=0    failed=0    skipped=1393 rescued=0    ignored=0   

